sitrep_no,page,line_no,health_zone,confidence,evidence_line
1,1,8,Bunia,high,"Zone de Santé touchée Mongbwalu, Bunia et Rwampara"
1,1,8,Mongbwalu,high,"Zone de Santé touchée Mongbwalu, Bunia et Rwampara"
1,1,8,Rwampara,high,"Zone de Santé touchée Mongbwalu, Bunia et Rwampara"
4,1,8,Bunia,medium,"ITURI : Mongbwalu, Rwampara, Bunia, Nyankunde,NORD"
4,1,8,Mongbwalu,medium,"ITURI : Mongbwalu, Rwampara, Bunia, Nyankunde,NORD"
4,1,8,Nyankunde,medium,"ITURI : Mongbwalu, Rwampara, Bunia, Nyankunde,NORD"
4,1,8,Rwampara,medium,"ITURI : Mongbwalu, Rwampara, Bunia, Nyankunde,NORD"
4,1,10,Butembo,medium,"KIVU : Goma, Katwa et Butembo"
4,1,10,Goma,medium,"KIVU : Goma, Katwa et Butembo"
4,1,10,Katwa,medium,"KIVU : Goma, Katwa et Butembo"
4,4,4,Bambu,medium,Bunia Rwampara Nyankunde Mongbwalu Nizi Lita Bambu Fataki Total
4,4,4,Lita,medium,Bunia Rwampara Nyankunde Mongbwalu Nizi Lita Bambu Fataki Total
4,4,4,Nizi,medium,Bunia Rwampara Nyankunde Mongbwalu Nizi Lita Bambu Fataki Total
5,1,6,Bunia,medium,"ITURI : Mongbwalu, Rwampara, Bunia, Nyankunde,"
5,1,6,Mongbwalu,medium,"ITURI : Mongbwalu, Rwampara, Bunia, Nyankunde,"
5,1,6,Nyankunde,medium,"ITURI : Mongbwalu, Rwampara, Bunia, Nyankunde,"
5,1,6,Rwampara,medium,"ITURI : Mongbwalu, Rwampara, Bunia, Nyankunde,"
5,1,8,Butembo,medium,"NORD KIVU : Goma, Katwa et Butembo"
5,1,8,Goma,medium,"NORD KIVU : Goma, Katwa et Butembo"
5,1,8,Katwa,medium,"NORD KIVU : Goma, Katwa et Butembo"
5,4,44,Bambu,high,"• Recherche active des cas de MVE : ZS Bunia, Bambu, Rwampara, Nyankunde"
5,4,45,Mangala,medium,"• Investigation autour des alertes de MVE : ZS Bunia, Mongbwalu, Rwampara, Nyankunde, Kamanda, Mangala,"
5,4,46,Aru,medium,Bambu et Aru
6,1,4,Bunia,medium,"ITURI : Mongbwalu, Rwampara, Bunia, Nyankunde,"
6,1,4,Mongbwalu,medium,"ITURI : Mongbwalu, Rwampara, Bunia, Nyankunde,"
6,1,4,Nyankunde,medium,"ITURI : Mongbwalu, Rwampara, Bunia, Nyankunde,"
6,1,4,Rwampara,medium,"ITURI : Mongbwalu, Rwampara, Bunia, Nyankunde,"
6,1,6,Butembo,medium,"NORD KIVU : Goma, Katwa et Butembo"
6,1,6,Goma,medium,"NORD KIVU : Goma, Katwa et Butembo"
6,1,6,Katwa,medium,"NORD KIVU : Goma, Katwa et Butembo"
6,1,30,Bambu,medium,Bambu 1 0 ND 1 128 0
6,3,23,Beni,high,Division Provinciale de la Santé du Nord-Kivu (Beni) et Ituri (Bunia).
6,4,1,Lita,medium,Logo Lita Nizi
6,4,1,Logo,medium,Logo Lita Nizi
6,4,1,Nizi,medium,Logo Lita Nizi
6,4,3,Aungba,medium,Mangala Bambu Aungba Suivi des
6,4,3,Mangala,medium,Mangala Bambu Aungba Suivi des
6,4,5,Komanda,medium,Komanda Rwampara
6,6,24,Aru,medium,ARU OMBAYI 253 253 253 253 0 0 0
6,7,46,Kalunguta,medium,"Kalunguta, Kamango, Mabalako, Oicha, Museniene, Kayina, Alimbongo, Butembo ;"
6,7,46,Oicha,medium,"Kalunguta, Kamango, Mabalako, Oicha, Museniene, Kayina, Alimbongo, Butembo ;"
13,6,37,Logo,medium,▪ Actualisation des outils avec le logo du Ministère.
15,1,9,Aru,medium,"ITURI : Aru, Aungba, Bambu, Damas, Bunia, Gety, Kilo, Komanda, Lita, Mangala,"
15,1,9,Aungba,medium,"ITURI : Aru, Aungba, Bambu, Damas, Bunia, Gety, Kilo, Komanda, Lita, Mangala,"
15,1,9,Bambu,medium,"ITURI : Aru, Aungba, Bambu, Damas, Bunia, Gety, Kilo, Komanda, Lita, Mangala,"
15,1,9,Bunia,medium,"ITURI : Aru, Aungba, Bambu, Damas, Bunia, Gety, Kilo, Komanda, Lita, Mangala,"
15,1,9,Damas,medium,"ITURI : Aru, Aungba, Bambu, Damas, Bunia, Gety, Kilo, Komanda, Lita, Mangala,"
15,1,9,Gety,medium,"ITURI : Aru, Aungba, Bambu, Damas, Bunia, Gety, Kilo, Komanda, Lita, Mangala,"
15,1,9,Kilo,medium,"ITURI : Aru, Aungba, Bambu, Damas, Bunia, Gety, Kilo, Komanda, Lita, Mangala,"
15,1,9,Komanda,medium,"ITURI : Aru, Aungba, Bambu, Damas, Bunia, Gety, Kilo, Komanda, Lita, Mangala,"
15,1,9,Lita,medium,"ITURI : Aru, Aungba, Bambu, Damas, Bunia, Gety, Kilo, Komanda, Lita, Mangala,"
15,1,9,Mangala,medium,"ITURI : Aru, Aungba, Bambu, Damas, Bunia, Gety, Kilo, Komanda, Lita, Mangala,"
15,1,10,Mongbwalu,high,"Zones de Santé touchées Mongbwalu, Nizi, Nyankunde et Rwampara"
15,1,10,Nizi,high,"Zones de Santé touchées Mongbwalu, Nizi, Nyankunde et Rwampara"
15,1,10,Nyankunde,high,"Zones de Santé touchées Mongbwalu, Nizi, Nyankunde et Rwampara"
15,1,10,Rwampara,high,"Zones de Santé touchées Mongbwalu, Nizi, Nyankunde et Rwampara"
15,1,11,Beni,medium,"(22) NORD-KIVU : Butembo, Goma, Oicha, Kalunguta, Katwa, Kyondo et Beni"
15,1,11,Butembo,medium,"(22) NORD-KIVU : Butembo, Goma, Oicha, Kalunguta, Katwa, Kyondo et Beni"
15,1,11,Goma,medium,"(22) NORD-KIVU : Butembo, Goma, Oicha, Kalunguta, Katwa, Kyondo et Beni"
15,1,11,Kalunguta,medium,"(22) NORD-KIVU : Butembo, Goma, Oicha, Kalunguta, Katwa, Kyondo et Beni"
15,1,11,Katwa,medium,"(22) NORD-KIVU : Butembo, Goma, Oicha, Kalunguta, Katwa, Kyondo et Beni"
15,1,11,Kyondo,medium,"(22) NORD-KIVU : Butembo, Goma, Oicha, Kalunguta, Katwa, Kyondo et Beni"
15,1,11,Oicha,medium,"(22) NORD-KIVU : Butembo, Goma, Oicha, Kalunguta, Katwa, Kyondo et Beni"
15,1,12,Miti-Murhesa,medium,SUD-KIVU : Miti-Murhesa
16,1,9,Aru,medium,"ITURI : Aru, Aungba, Bambu, Bunia, Damas, Gethy, Kilo, Komanda, Lita, Mangala,"
16,1,9,Aungba,medium,"ITURI : Aru, Aungba, Bambu, Bunia, Damas, Gethy, Kilo, Komanda, Lita, Mangala,"
16,1,9,Bambu,medium,"ITURI : Aru, Aungba, Bambu, Bunia, Damas, Gethy, Kilo, Komanda, Lita, Mangala,"
16,1,9,Bunia,medium,"ITURI : Aru, Aungba, Bambu, Bunia, Damas, Gethy, Kilo, Komanda, Lita, Mangala,"
16,1,9,Damas,medium,"ITURI : Aru, Aungba, Bambu, Bunia, Damas, Gethy, Kilo, Komanda, Lita, Mangala,"
16,1,9,Gethy,medium,"ITURI : Aru, Aungba, Bambu, Bunia, Damas, Gethy, Kilo, Komanda, Lita, Mangala,"
16,1,9,Kilo,medium,"ITURI : Aru, Aungba, Bambu, Bunia, Damas, Gethy, Kilo, Komanda, Lita, Mangala,"
16,1,9,Komanda,medium,"ITURI : Aru, Aungba, Bambu, Bunia, Damas, Gethy, Kilo, Komanda, Lita, Mangala,"
16,1,9,Lita,medium,"ITURI : Aru, Aungba, Bambu, Bunia, Damas, Gethy, Kilo, Komanda, Lita, Mangala,"
16,1,9,Mangala,medium,"ITURI : Aru, Aungba, Bambu, Bunia, Damas, Gethy, Kilo, Komanda, Lita, Mangala,"
16,1,10,Mongbwalu,high,"Zones de Santé touchées Mongbwalu, Nizi, Nyankunde et Rwampara"
16,1,10,Nizi,high,"Zones de Santé touchées Mongbwalu, Nizi, Nyankunde et Rwampara"
16,1,10,Nyankunde,high,"Zones de Santé touchées Mongbwalu, Nizi, Nyankunde et Rwampara"
16,1,10,Rwampara,high,"Zones de Santé touchées Mongbwalu, Nizi, Nyankunde et Rwampara"
16,1,11,Beni,medium,"(22) NORD-KIVU : Butembo, Goma, Oicha, Kalunguta, Katwa, Kyondo et Beni"
16,1,11,Butembo,medium,"(22) NORD-KIVU : Butembo, Goma, Oicha, Kalunguta, Katwa, Kyondo et Beni"
16,1,11,Goma,medium,"(22) NORD-KIVU : Butembo, Goma, Oicha, Kalunguta, Katwa, Kyondo et Beni"
16,1,11,Kalunguta,medium,"(22) NORD-KIVU : Butembo, Goma, Oicha, Kalunguta, Katwa, Kyondo et Beni"
16,1,11,Katwa,medium,"(22) NORD-KIVU : Butembo, Goma, Oicha, Kalunguta, Katwa, Kyondo et Beni"
16,1,11,Kyondo,medium,"(22) NORD-KIVU : Butembo, Goma, Oicha, Kalunguta, Katwa, Kyondo et Beni"
16,1,11,Oicha,medium,"(22) NORD-KIVU : Butembo, Goma, Oicha, Kalunguta, Katwa, Kyondo et Beni"
16,1,12,Miti-Murhesa,medium,SUD-KIVU : Miti-Murhesa
16,2,17,Gety,medium,"Aungba, Bambu, Damas, Bunia, Gety, Kilo, Komanda, Lita, Mangala, Mongbwalu, Nizi, Nyankunde et"
17,1,9,Aru,medium,"ITURI : Aru, Aungba, Bambu, Damas, Bunia, Gety, Kilo, Komanda, Lita, Mangala,"
17,1,9,Aungba,medium,"ITURI : Aru, Aungba, Bambu, Damas, Bunia, Gety, Kilo, Komanda, Lita, Mangala,"
17,1,9,Bambu,medium,"ITURI : Aru, Aungba, Bambu, Damas, Bunia, Gety, Kilo, Komanda, Lita, Mangala,"
17,1,9,Bunia,medium,"ITURI : Aru, Aungba, Bambu, Damas, Bunia, Gety, Kilo, Komanda, Lita, Mangala,"
17,1,9,Damas,medium,"ITURI : Aru, Aungba, Bambu, Damas, Bunia, Gety, Kilo, Komanda, Lita, Mangala,"
17,1,9,Gety,medium,"ITURI : Aru, Aungba, Bambu, Damas, Bunia, Gety, Kilo, Komanda, Lita, Mangala,"
17,1,9,Kilo,medium,"ITURI : Aru, Aungba, Bambu, Damas, Bunia, Gety, Kilo, Komanda, Lita, Mangala,"
17,1,9,Komanda,medium,"ITURI : Aru, Aungba, Bambu, Damas, Bunia, Gety, Kilo, Komanda, Lita, Mangala,"
17,1,9,Lita,medium,"ITURI : Aru, Aungba, Bambu, Damas, Bunia, Gety, Kilo, Komanda, Lita, Mangala,"
17,1,9,Mangala,medium,"ITURI : Aru, Aungba, Bambu, Damas, Bunia, Gety, Kilo, Komanda, Lita, Mangala,"
17,1,10,Logo,high,"Zones de Santé touchées Mongbwalu, Nizi, Nyankunde, Rwampara et Logo"
17,1,10,Mongbwalu,high,"Zones de Santé touchées Mongbwalu, Nizi, Nyankunde, Rwampara et Logo"
17,1,10,Nizi,high,"Zones de Santé touchées Mongbwalu, Nizi, Nyankunde, Rwampara et Logo"
17,1,10,Nyankunde,high,"Zones de Santé touchées Mongbwalu, Nizi, Nyankunde, Rwampara et Logo"
17,1,10,Rwampara,high,"Zones de Santé touchées Mongbwalu, Nizi, Nyankunde, Rwampara et Logo"
17,1,11,Beni,medium,"(23) NORD-KIVU : Butembo, Goma, Oicha, Kalunguta, Katwa, Kyondo et Beni"
17,1,11,Butembo,medium,"(23) NORD-KIVU : Butembo, Goma, Oicha, Kalunguta, Katwa, Kyondo et Beni"
17,1,11,Goma,medium,"(23) NORD-KIVU : Butembo, Goma, Oicha, Kalunguta, Katwa, Kyondo et Beni"
17,1,11,Kalunguta,medium,"(23) NORD-KIVU : Butembo, Goma, Oicha, Kalunguta, Katwa, Kyondo et Beni"
17,1,11,Katwa,medium,"(23) NORD-KIVU : Butembo, Goma, Oicha, Kalunguta, Katwa, Kyondo et Beni"
17,1,11,Kyondo,medium,"(23) NORD-KIVU : Butembo, Goma, Oicha, Kalunguta, Katwa, Kyondo et Beni"
17,1,11,Oicha,medium,"(23) NORD-KIVU : Butembo, Goma, Oicha, Kalunguta, Katwa, Kyondo et Beni"
17,1,12,Miti-Murhesa,medium,SUD-KIVU : Miti-Murhesa
17,8,11,Mambasa,medium,"calme, mais la présence de groupes armés dans les territoires de Djugu, Irumu et Mambasa continue de"
18,1,9,Aru,medium,"ITURI : Aru, Aungba, Bambu, Damas, Bunia, Gety, Kilo, Komanda, Lita, Mambasa, Mangala,"
18,1,9,Aungba,medium,"ITURI : Aru, Aungba, Bambu, Damas, Bunia, Gety, Kilo, Komanda, Lita, Mambasa, Mangala,"
18,1,9,Bambu,medium,"ITURI : Aru, Aungba, Bambu, Damas, Bunia, Gety, Kilo, Komanda, Lita, Mambasa, Mangala,"
18,1,9,Bunia,medium,"ITURI : Aru, Aungba, Bambu, Damas, Bunia, Gety, Kilo, Komanda, Lita, Mambasa, Mangala,"
18,1,9,Damas,medium,"ITURI : Aru, Aungba, Bambu, Damas, Bunia, Gety, Kilo, Komanda, Lita, Mambasa, Mangala,"
18,1,9,Gety,medium,"ITURI : Aru, Aungba, Bambu, Damas, Bunia, Gety, Kilo, Komanda, Lita, Mambasa, Mangala,"
18,1,9,Kilo,medium,"ITURI : Aru, Aungba, Bambu, Damas, Bunia, Gety, Kilo, Komanda, Lita, Mambasa, Mangala,"
18,1,9,Komanda,medium,"ITURI : Aru, Aungba, Bambu, Damas, Bunia, Gety, Kilo, Komanda, Lita, Mambasa, Mangala,"
18,1,9,Lita,medium,"ITURI : Aru, Aungba, Bambu, Damas, Bunia, Gety, Kilo, Komanda, Lita, Mambasa, Mangala,"
18,1,9,Mambasa,medium,"ITURI : Aru, Aungba, Bambu, Damas, Bunia, Gety, Kilo, Komanda, Lita, Mambasa, Mangala,"
18,1,9,Mangala,medium,"ITURI : Aru, Aungba, Bambu, Damas, Bunia, Gety, Kilo, Komanda, Lita, Mambasa, Mangala,"
18,1,10,Logo,high,"Zones de Santé touchées Mongbwalu, Nizi, Nyankunde, Rwampara et Logo"
18,1,10,Mongbwalu,high,"Zones de Santé touchées Mongbwalu, Nizi, Nyankunde, Rwampara et Logo"
18,1,10,Nizi,high,"Zones de Santé touchées Mongbwalu, Nizi, Nyankunde, Rwampara et Logo"
18,1,10,Nyankunde,high,"Zones de Santé touchées Mongbwalu, Nizi, Nyankunde, Rwampara et Logo"
18,1,10,Rwampara,high,"Zones de Santé touchées Mongbwalu, Nizi, Nyankunde, Rwampara et Logo"
18,1,11,Beni,medium,"(24) NORD-KIVU : Butembo, Goma, Oicha, Kalunguta, Katwa, Kyondo et Beni"
18,1,11,Butembo,medium,"(24) NORD-KIVU : Butembo, Goma, Oicha, Kalunguta, Katwa, Kyondo et Beni"
18,1,11,Goma,medium,"(24) NORD-KIVU : Butembo, Goma, Oicha, Kalunguta, Katwa, Kyondo et Beni"
18,1,11,Kalunguta,medium,"(24) NORD-KIVU : Butembo, Goma, Oicha, Kalunguta, Katwa, Kyondo et Beni"
18,1,11,Katwa,medium,"(24) NORD-KIVU : Butembo, Goma, Oicha, Kalunguta, Katwa, Kyondo et Beni"
18,1,11,Kyondo,medium,"(24) NORD-KIVU : Butembo, Goma, Oicha, Kalunguta, Katwa, Kyondo et Beni"
18,1,11,Oicha,medium,"(24) NORD-KIVU : Butembo, Goma, Oicha, Kalunguta, Katwa, Kyondo et Beni"
18,1,12,Miti-Murhesa,medium,SUD-KIVU : Miti-Murhesa
19,1,9,Aru,medium,"ITURI : Aru, Aungba, Bambu, Damas, Bunia, Gety, Kilo, Komanda, Lita, Mambasa, Mangala,"
19,1,9,Aungba,medium,"ITURI : Aru, Aungba, Bambu, Damas, Bunia, Gety, Kilo, Komanda, Lita, Mambasa, Mangala,"
19,1,9,Bambu,medium,"ITURI : Aru, Aungba, Bambu, Damas, Bunia, Gety, Kilo, Komanda, Lita, Mambasa, Mangala,"
19,1,9,Bunia,medium,"ITURI : Aru, Aungba, Bambu, Damas, Bunia, Gety, Kilo, Komanda, Lita, Mambasa, Mangala,"
19,1,9,Damas,medium,"ITURI : Aru, Aungba, Bambu, Damas, Bunia, Gety, Kilo, Komanda, Lita, Mambasa, Mangala,"
19,1,9,Gety,medium,"ITURI : Aru, Aungba, Bambu, Damas, Bunia, Gety, Kilo, Komanda, Lita, Mambasa, Mangala,"
19,1,9,Kilo,medium,"ITURI : Aru, Aungba, Bambu, Damas, Bunia, Gety, Kilo, Komanda, Lita, Mambasa, Mangala,"
19,1,9,Komanda,medium,"ITURI : Aru, Aungba, Bambu, Damas, Bunia, Gety, Kilo, Komanda, Lita, Mambasa, Mangala,"
19,1,9,Lita,medium,"ITURI : Aru, Aungba, Bambu, Damas, Bunia, Gety, Kilo, Komanda, Lita, Mambasa, Mangala,"
19,1,9,Mambasa,medium,"ITURI : Aru, Aungba, Bambu, Damas, Bunia, Gety, Kilo, Komanda, Lita, Mambasa, Mangala,"
19,1,9,Mangala,medium,"ITURI : Aru, Aungba, Bambu, Damas, Bunia, Gety, Kilo, Komanda, Lita, Mambasa, Mangala,"
19,1,10,Logo,high,"Zones de Santé touchées Mongbwalu, Nizi, Nyankunde, Rimba, Rwampara et Logo"
19,1,10,Mongbwalu,high,"Zones de Santé touchées Mongbwalu, Nizi, Nyankunde, Rimba, Rwampara et Logo"
19,1,10,Nizi,high,"Zones de Santé touchées Mongbwalu, Nizi, Nyankunde, Rimba, Rwampara et Logo"
19,1,10,Nyankunde,high,"Zones de Santé touchées Mongbwalu, Nizi, Nyankunde, Rimba, Rwampara et Logo"
19,1,10,Rimba,high,"Zones de Santé touchées Mongbwalu, Nizi, Nyankunde, Rimba, Rwampara et Logo"
19,1,10,Rwampara,high,"Zones de Santé touchées Mongbwalu, Nizi, Nyankunde, Rimba, Rwampara et Logo"
19,1,11,Beni,medium,"(25) NORD-KIVU : Butembo, Goma, Oicha, Kalunguta, Katwa, Kyondo et Beni"
19,1,11,Butembo,medium,"(25) NORD-KIVU : Butembo, Goma, Oicha, Kalunguta, Katwa, Kyondo et Beni"
19,1,11,Goma,medium,"(25) NORD-KIVU : Butembo, Goma, Oicha, Kalunguta, Katwa, Kyondo et Beni"
19,1,11,Kalunguta,medium,"(25) NORD-KIVU : Butembo, Goma, Oicha, Kalunguta, Katwa, Kyondo et Beni"
19,1,11,Katwa,medium,"(25) NORD-KIVU : Butembo, Goma, Oicha, Kalunguta, Katwa, Kyondo et Beni"
19,1,11,Kyondo,medium,"(25) NORD-KIVU : Butembo, Goma, Oicha, Kalunguta, Katwa, Kyondo et Beni"
19,1,11,Oicha,medium,"(25) NORD-KIVU : Butembo, Goma, Oicha, Kalunguta, Katwa, Kyondo et Beni"
19,1,12,Miti-Murhesa,medium,SUD-KIVU : Miti-Murhesa
20,1,9,Aru,medium,"• Ituri (17/36): Aru, Aungba, Bambu, Bunia, Damas, Gety, Kilo, Komanda, Lita, Logo,"
20,1,9,Aungba,medium,"• Ituri (17/36): Aru, Aungba, Bambu, Bunia, Damas, Gety, Kilo, Komanda, Lita, Logo,"
20,1,9,Bambu,medium,"• Ituri (17/36): Aru, Aungba, Bambu, Bunia, Damas, Gety, Kilo, Komanda, Lita, Logo,"
20,1,9,Bunia,medium,"• Ituri (17/36): Aru, Aungba, Bambu, Bunia, Damas, Gety, Kilo, Komanda, Lita, Logo,"
20,1,9,Damas,medium,"• Ituri (17/36): Aru, Aungba, Bambu, Bunia, Damas, Gety, Kilo, Komanda, Lita, Logo,"
20,1,9,Gety,medium,"• Ituri (17/36): Aru, Aungba, Bambu, Bunia, Damas, Gety, Kilo, Komanda, Lita, Logo,"
20,1,9,Kilo,medium,"• Ituri (17/36): Aru, Aungba, Bambu, Bunia, Damas, Gety, Kilo, Komanda, Lita, Logo,"
20,1,9,Komanda,medium,"• Ituri (17/36): Aru, Aungba, Bambu, Bunia, Damas, Gety, Kilo, Komanda, Lita, Logo,"
20,1,9,Lita,medium,"• Ituri (17/36): Aru, Aungba, Bambu, Bunia, Damas, Gety, Kilo, Komanda, Lita, Logo,"
20,1,9,Logo,medium,"• Ituri (17/36): Aru, Aungba, Bambu, Bunia, Damas, Gety, Kilo, Komanda, Lita, Logo,"
20,1,10,Mambasa,high,"Zones de Santé touchées Mambasa, Mangala, Mongbwalu, Nizi, Nyankunde, Rimba, Rwampara"
20,1,10,Mangala,high,"Zones de Santé touchées Mambasa, Mangala, Mongbwalu, Nizi, Nyankunde, Rimba, Rwampara"
20,1,10,Mongbwalu,high,"Zones de Santé touchées Mambasa, Mangala, Mongbwalu, Nizi, Nyankunde, Rimba, Rwampara"
20,1,10,Nizi,high,"Zones de Santé touchées Mambasa, Mangala, Mongbwalu, Nizi, Nyankunde, Rimba, Rwampara"
20,1,10,Nyankunde,high,"Zones de Santé touchées Mambasa, Mangala, Mongbwalu, Nizi, Nyankunde, Rimba, Rwampara"
20,1,10,Rimba,high,"Zones de Santé touchées Mambasa, Mangala, Mongbwalu, Nizi, Nyankunde, Rimba, Rwampara"
20,1,10,Rwampara,high,"Zones de Santé touchées Mambasa, Mangala, Mongbwalu, Nizi, Nyankunde, Rimba, Rwampara"
20,1,11,Beni,medium,"(25) • Nord-Kivu (7/34): Beni, Butembo, Goma, Kalunguta, Katwa, Kyondo, Oicha"
20,1,11,Butembo,medium,"(25) • Nord-Kivu (7/34): Beni, Butembo, Goma, Kalunguta, Katwa, Kyondo, Oicha"
20,1,11,Goma,medium,"(25) • Nord-Kivu (7/34): Beni, Butembo, Goma, Kalunguta, Katwa, Kyondo, Oicha"
20,1,11,Kalunguta,medium,"(25) • Nord-Kivu (7/34): Beni, Butembo, Goma, Kalunguta, Katwa, Kyondo, Oicha"
20,1,11,Katwa,medium,"(25) • Nord-Kivu (7/34): Beni, Butembo, Goma, Kalunguta, Katwa, Kyondo, Oicha"
20,1,11,Kyondo,medium,"(25) • Nord-Kivu (7/34): Beni, Butembo, Goma, Kalunguta, Katwa, Kyondo, Oicha"
20,1,11,Oicha,medium,"(25) • Nord-Kivu (7/34): Beni, Butembo, Goma, Kalunguta, Katwa, Kyondo, Oicha"
20,1,12,Miti-Murhesa,medium,• Sud-Kivu (1/34): Miti-Murhesa
21,1,9,Aru,medium,"• Ituri (17/36): Aru, Aungba, Bambu, Bunia, Damas, Gety, Kilo, Komanda, Lita, Logo,"
21,1,9,Aungba,medium,"• Ituri (17/36): Aru, Aungba, Bambu, Bunia, Damas, Gety, Kilo, Komanda, Lita, Logo,"
21,1,9,Bambu,medium,"• Ituri (17/36): Aru, Aungba, Bambu, Bunia, Damas, Gety, Kilo, Komanda, Lita, Logo,"
21,1,9,Bunia,medium,"• Ituri (17/36): Aru, Aungba, Bambu, Bunia, Damas, Gety, Kilo, Komanda, Lita, Logo,"
21,1,9,Damas,medium,"• Ituri (17/36): Aru, Aungba, Bambu, Bunia, Damas, Gety, Kilo, Komanda, Lita, Logo,"
21,1,9,Gety,medium,"• Ituri (17/36): Aru, Aungba, Bambu, Bunia, Damas, Gety, Kilo, Komanda, Lita, Logo,"
21,1,9,Kilo,medium,"• Ituri (17/36): Aru, Aungba, Bambu, Bunia, Damas, Gety, Kilo, Komanda, Lita, Logo,"
21,1,9,Komanda,medium,"• Ituri (17/36): Aru, Aungba, Bambu, Bunia, Damas, Gety, Kilo, Komanda, Lita, Logo,"
21,1,9,Lita,medium,"• Ituri (17/36): Aru, Aungba, Bambu, Bunia, Damas, Gety, Kilo, Komanda, Lita, Logo,"
21,1,9,Logo,medium,"• Ituri (17/36): Aru, Aungba, Bambu, Bunia, Damas, Gety, Kilo, Komanda, Lita, Logo,"
21,1,10,Mambasa,high,"Zones de Santé touchées Mambasa, Mangala, Mongbwalu, Nizi, Nyankunde, Rimba, Rwampara"
21,1,10,Mangala,high,"Zones de Santé touchées Mambasa, Mangala, Mongbwalu, Nizi, Nyankunde, Rimba, Rwampara"
21,1,10,Mongbwalu,high,"Zones de Santé touchées Mambasa, Mangala, Mongbwalu, Nizi, Nyankunde, Rimba, Rwampara"
21,1,10,Nizi,high,"Zones de Santé touchées Mambasa, Mangala, Mongbwalu, Nizi, Nyankunde, Rimba, Rwampara"
21,1,10,Nyankunde,high,"Zones de Santé touchées Mambasa, Mangala, Mongbwalu, Nizi, Nyankunde, Rimba, Rwampara"
21,1,10,Rimba,high,"Zones de Santé touchées Mambasa, Mangala, Mongbwalu, Nizi, Nyankunde, Rimba, Rwampara"
21,1,10,Rwampara,high,"Zones de Santé touchées Mambasa, Mangala, Mongbwalu, Nizi, Nyankunde, Rimba, Rwampara"
21,1,11,Beni,medium,"(25) • Nord-Kivu (7/34): Beni, Butembo, Goma, Kalunguta, Katwa, Kyondo, Oicha"
21,1,11,Butembo,medium,"(25) • Nord-Kivu (7/34): Beni, Butembo, Goma, Kalunguta, Katwa, Kyondo, Oicha"
21,1,11,Goma,medium,"(25) • Nord-Kivu (7/34): Beni, Butembo, Goma, Kalunguta, Katwa, Kyondo, Oicha"
21,1,11,Kalunguta,medium,"(25) • Nord-Kivu (7/34): Beni, Butembo, Goma, Kalunguta, Katwa, Kyondo, Oicha"
21,1,11,Katwa,medium,"(25) • Nord-Kivu (7/34): Beni, Butembo, Goma, Kalunguta, Katwa, Kyondo, Oicha"
21,1,11,Kyondo,medium,"(25) • Nord-Kivu (7/34): Beni, Butembo, Goma, Kalunguta, Katwa, Kyondo, Oicha"
21,1,11,Oicha,medium,"(25) • Nord-Kivu (7/34): Beni, Butembo, Goma, Kalunguta, Katwa, Kyondo, Oicha"
21,1,12,Miti-Murhesa,medium,Sud-Kivu (1/34): Miti-Murhesa
22,1,9,Aru,medium," Ituri (17/36): Aru, Aungba, Bambu, Bunia, Damas, Gety, Kilo, Komanda, Lita, Logo,"
22,1,9,Aungba,medium," Ituri (17/36): Aru, Aungba, Bambu, Bunia, Damas, Gety, Kilo, Komanda, Lita, Logo,"
22,1,9,Bambu,medium," Ituri (17/36): Aru, Aungba, Bambu, Bunia, Damas, Gety, Kilo, Komanda, Lita, Logo,"
22,1,9,Bunia,medium," Ituri (17/36): Aru, Aungba, Bambu, Bunia, Damas, Gety, Kilo, Komanda, Lita, Logo,"
22,1,9,Damas,medium," Ituri (17/36): Aru, Aungba, Bambu, Bunia, Damas, Gety, Kilo, Komanda, Lita, Logo,"
22,1,9,Gety,medium," Ituri (17/36): Aru, Aungba, Bambu, Bunia, Damas, Gety, Kilo, Komanda, Lita, Logo,"
22,1,9,Kilo,medium," Ituri (17/36): Aru, Aungba, Bambu, Bunia, Damas, Gety, Kilo, Komanda, Lita, Logo,"
22,1,9,Komanda,medium," Ituri (17/36): Aru, Aungba, Bambu, Bunia, Damas, Gety, Kilo, Komanda, Lita, Logo,"
22,1,9,Lita,medium," Ituri (17/36): Aru, Aungba, Bambu, Bunia, Damas, Gety, Kilo, Komanda, Lita, Logo,"
22,1,9,Logo,medium," Ituri (17/36): Aru, Aungba, Bambu, Bunia, Damas, Gety, Kilo, Komanda, Lita, Logo,"
22,1,10,Mambasa,high,"Zones de Santé touchées Mambasa, Mangala, Mongbwalu, Nizi, Nyankunde, Rimba, Rwampara"
22,1,10,Mangala,high,"Zones de Santé touchées Mambasa, Mangala, Mongbwalu, Nizi, Nyankunde, Rimba, Rwampara"
22,1,10,Mongbwalu,high,"Zones de Santé touchées Mambasa, Mangala, Mongbwalu, Nizi, Nyankunde, Rimba, Rwampara"
22,1,10,Nizi,high,"Zones de Santé touchées Mambasa, Mangala, Mongbwalu, Nizi, Nyankunde, Rimba, Rwampara"
22,1,10,Nyankunde,high,"Zones de Santé touchées Mambasa, Mangala, Mongbwalu, Nizi, Nyankunde, Rimba, Rwampara"
22,1,10,Rimba,high,"Zones de Santé touchées Mambasa, Mangala, Mongbwalu, Nizi, Nyankunde, Rimba, Rwampara"
22,1,10,Rwampara,high,"Zones de Santé touchées Mambasa, Mangala, Mongbwalu, Nizi, Nyankunde, Rimba, Rwampara"
22,1,11,Beni,medium,"(25)  Nord-Kivu (7/34): Beni, Butembo, Goma, Kalunguta, Katwa, Kyondo, Oicha"
22,1,11,Butembo,medium,"(25)  Nord-Kivu (7/34): Beni, Butembo, Goma, Kalunguta, Katwa, Kyondo, Oicha"
22,1,11,Goma,medium,"(25)  Nord-Kivu (7/34): Beni, Butembo, Goma, Kalunguta, Katwa, Kyondo, Oicha"
22,1,11,Kalunguta,medium,"(25)  Nord-Kivu (7/34): Beni, Butembo, Goma, Kalunguta, Katwa, Kyondo, Oicha"
22,1,11,Katwa,medium,"(25)  Nord-Kivu (7/34): Beni, Butembo, Goma, Kalunguta, Katwa, Kyondo, Oicha"
22,1,11,Kyondo,medium,"(25)  Nord-Kivu (7/34): Beni, Butembo, Goma, Kalunguta, Katwa, Kyondo, Oicha"
22,1,11,Oicha,medium,"(25)  Nord-Kivu (7/34): Beni, Butembo, Goma, Kalunguta, Katwa, Kyondo, Oicha"
22,1,12,Miti-Murhesa,medium, Sud-Kivu (1/34): Miti-Murhesa
23,1,9,Aru,medium," Ituri (17/36) : Aru, Aungba, Bambu, Bunia, Damas, Gety, Kilo, Komanda, Lita, Logo,"
23,1,9,Aungba,medium," Ituri (17/36) : Aru, Aungba, Bambu, Bunia, Damas, Gety, Kilo, Komanda, Lita, Logo,"
23,1,9,Bambu,medium," Ituri (17/36) : Aru, Aungba, Bambu, Bunia, Damas, Gety, Kilo, Komanda, Lita, Logo,"
23,1,9,Bunia,medium," Ituri (17/36) : Aru, Aungba, Bambu, Bunia, Damas, Gety, Kilo, Komanda, Lita, Logo,"
23,1,9,Damas,medium," Ituri (17/36) : Aru, Aungba, Bambu, Bunia, Damas, Gety, Kilo, Komanda, Lita, Logo,"
23,1,9,Gety,medium," Ituri (17/36) : Aru, Aungba, Bambu, Bunia, Damas, Gety, Kilo, Komanda, Lita, Logo,"
23,1,9,Kilo,medium," Ituri (17/36) : Aru, Aungba, Bambu, Bunia, Damas, Gety, Kilo, Komanda, Lita, Logo,"
23,1,9,Komanda,medium," Ituri (17/36) : Aru, Aungba, Bambu, Bunia, Damas, Gety, Kilo, Komanda, Lita, Logo,"
23,1,9,Lita,medium," Ituri (17/36) : Aru, Aungba, Bambu, Bunia, Damas, Gety, Kilo, Komanda, Lita, Logo,"
23,1,9,Logo,medium," Ituri (17/36) : Aru, Aungba, Bambu, Bunia, Damas, Gety, Kilo, Komanda, Lita, Logo,"
23,1,10,Mambasa,high,"Zones de Santé touchées Mambasa, Mangala, Mongbwalu, Nizi, Nyankunde, Rimba, Rwampara"
23,1,10,Mangala,high,"Zones de Santé touchées Mambasa, Mangala, Mongbwalu, Nizi, Nyankunde, Rimba, Rwampara"
23,1,10,Mongbwalu,high,"Zones de Santé touchées Mambasa, Mangala, Mongbwalu, Nizi, Nyankunde, Rimba, Rwampara"
23,1,10,Nizi,high,"Zones de Santé touchées Mambasa, Mangala, Mongbwalu, Nizi, Nyankunde, Rimba, Rwampara"
23,1,10,Nyankunde,high,"Zones de Santé touchées Mambasa, Mangala, Mongbwalu, Nizi, Nyankunde, Rimba, Rwampara"
23,1,10,Rimba,high,"Zones de Santé touchées Mambasa, Mangala, Mongbwalu, Nizi, Nyankunde, Rimba, Rwampara"
23,1,10,Rwampara,high,"Zones de Santé touchées Mambasa, Mangala, Mongbwalu, Nizi, Nyankunde, Rimba, Rwampara"
23,1,11,Beni,medium,"(25)  Nord-Kivu (7/34) : Beni, Butembo, Goma, Kalunguta, Katwa, Kyondo, Oicha"
23,1,11,Butembo,medium,"(25)  Nord-Kivu (7/34) : Beni, Butembo, Goma, Kalunguta, Katwa, Kyondo, Oicha"
23,1,11,Goma,medium,"(25)  Nord-Kivu (7/34) : Beni, Butembo, Goma, Kalunguta, Katwa, Kyondo, Oicha"
23,1,11,Kalunguta,medium,"(25)  Nord-Kivu (7/34) : Beni, Butembo, Goma, Kalunguta, Katwa, Kyondo, Oicha"
23,1,11,Katwa,medium,"(25)  Nord-Kivu (7/34) : Beni, Butembo, Goma, Kalunguta, Katwa, Kyondo, Oicha"
23,1,11,Kyondo,medium,"(25)  Nord-Kivu (7/34) : Beni, Butembo, Goma, Kalunguta, Katwa, Kyondo, Oicha"
23,1,11,Oicha,medium,"(25)  Nord-Kivu (7/34) : Beni, Butembo, Goma, Kalunguta, Katwa, Kyondo, Oicha"
23,1,12,Miti-Murhesa,medium, Sud-Kivu (1/34) : Miti-Murhesa
24,1,9,Aru,medium," Ituri (17/36) : Aru, Aungba, Bambu, Bunia, Damas, Gety, Kilo, Komanda, Lita, Logo,"
24,1,9,Aungba,medium," Ituri (17/36) : Aru, Aungba, Bambu, Bunia, Damas, Gety, Kilo, Komanda, Lita, Logo,"
24,1,9,Bambu,medium," Ituri (17/36) : Aru, Aungba, Bambu, Bunia, Damas, Gety, Kilo, Komanda, Lita, Logo,"
24,1,9,Bunia,medium," Ituri (17/36) : Aru, Aungba, Bambu, Bunia, Damas, Gety, Kilo, Komanda, Lita, Logo,"
24,1,9,Damas,medium," Ituri (17/36) : Aru, Aungba, Bambu, Bunia, Damas, Gety, Kilo, Komanda, Lita, Logo,"
24,1,9,Gety,medium," Ituri (17/36) : Aru, Aungba, Bambu, Bunia, Damas, Gety, Kilo, Komanda, Lita, Logo,"
24,1,9,Kilo,medium," Ituri (17/36) : Aru, Aungba, Bambu, Bunia, Damas, Gety, Kilo, Komanda, Lita, Logo,"
24,1,9,Komanda,medium," Ituri (17/36) : Aru, Aungba, Bambu, Bunia, Damas, Gety, Kilo, Komanda, Lita, Logo,"
24,1,9,Lita,medium," Ituri (17/36) : Aru, Aungba, Bambu, Bunia, Damas, Gety, Kilo, Komanda, Lita, Logo,"
24,1,9,Logo,medium," Ituri (17/36) : Aru, Aungba, Bambu, Bunia, Damas, Gety, Kilo, Komanda, Lita, Logo,"
24,1,10,Mambasa,high,"Zones de Santé touchées Mambasa, Mangala, Mongbwalu, Nizi, Nyankunde, Rimba, Rwampara"
24,1,10,Mangala,high,"Zones de Santé touchées Mambasa, Mangala, Mongbwalu, Nizi, Nyankunde, Rimba, Rwampara"
24,1,10,Mongbwalu,high,"Zones de Santé touchées Mambasa, Mangala, Mongbwalu, Nizi, Nyankunde, Rimba, Rwampara"
24,1,10,Nizi,high,"Zones de Santé touchées Mambasa, Mangala, Mongbwalu, Nizi, Nyankunde, Rimba, Rwampara"
24,1,10,Nyankunde,high,"Zones de Santé touchées Mambasa, Mangala, Mongbwalu, Nizi, Nyankunde, Rimba, Rwampara"
24,1,10,Rimba,high,"Zones de Santé touchées Mambasa, Mangala, Mongbwalu, Nizi, Nyankunde, Rimba, Rwampara"
24,1,10,Rwampara,high,"Zones de Santé touchées Mambasa, Mangala, Mongbwalu, Nizi, Nyankunde, Rimba, Rwampara"
24,1,11,Beni,medium,"(25)  Nord-Kivu (7/34) : Beni, Butembo, Goma, Kalunguta, Katwa, Kyondo, Oicha"
24,1,11,Butembo,medium,"(25)  Nord-Kivu (7/34) : Beni, Butembo, Goma, Kalunguta, Katwa, Kyondo, Oicha"
24,1,11,Goma,medium,"(25)  Nord-Kivu (7/34) : Beni, Butembo, Goma, Kalunguta, Katwa, Kyondo, Oicha"
24,1,11,Kalunguta,medium,"(25)  Nord-Kivu (7/34) : Beni, Butembo, Goma, Kalunguta, Katwa, Kyondo, Oicha"
24,1,11,Katwa,medium,"(25)  Nord-Kivu (7/34) : Beni, Butembo, Goma, Kalunguta, Katwa, Kyondo, Oicha"
24,1,11,Kyondo,medium,"(25)  Nord-Kivu (7/34) : Beni, Butembo, Goma, Kalunguta, Katwa, Kyondo, Oicha"
24,1,11,Oicha,medium,"(25)  Nord-Kivu (7/34) : Beni, Butembo, Goma, Kalunguta, Katwa, Kyondo, Oicha"
24,1,12,Miti-Murhesa,medium, Sud-Kivu (1/34) : Miti-Murhesa
25,1,9,Aru,medium," Ituri (17/36) : Aru, Aungba, Bambu, Bunia, Damas, Gety, Kilo, Komanda, Lita, Logo,"
25,1,9,Aungba,medium," Ituri (17/36) : Aru, Aungba, Bambu, Bunia, Damas, Gety, Kilo, Komanda, Lita, Logo,"
25,1,9,Bambu,medium," Ituri (17/36) : Aru, Aungba, Bambu, Bunia, Damas, Gety, Kilo, Komanda, Lita, Logo,"
25,1,9,Bunia,medium," Ituri (17/36) : Aru, Aungba, Bambu, Bunia, Damas, Gety, Kilo, Komanda, Lita, Logo,"
25,1,9,Damas,medium," Ituri (17/36) : Aru, Aungba, Bambu, Bunia, Damas, Gety, Kilo, Komanda, Lita, Logo,"
25,1,9,Gety,medium," Ituri (17/36) : Aru, Aungba, Bambu, Bunia, Damas, Gety, Kilo, Komanda, Lita, Logo,"
25,1,9,Kilo,medium," Ituri (17/36) : Aru, Aungba, Bambu, Bunia, Damas, Gety, Kilo, Komanda, Lita, Logo,"
25,1,9,Komanda,medium," Ituri (17/36) : Aru, Aungba, Bambu, Bunia, Damas, Gety, Kilo, Komanda, Lita, Logo,"
25,1,9,Lita,medium," Ituri (17/36) : Aru, Aungba, Bambu, Bunia, Damas, Gety, Kilo, Komanda, Lita, Logo,"
25,1,9,Logo,medium," Ituri (17/36) : Aru, Aungba, Bambu, Bunia, Damas, Gety, Kilo, Komanda, Lita, Logo,"
25,1,10,Mambasa,high,"Zones de Santé touchées Mambasa, Mangala, Mongbwalu, Nizi, Nyankunde, Rimba, Rwampara"
25,1,10,Mangala,high,"Zones de Santé touchées Mambasa, Mangala, Mongbwalu, Nizi, Nyankunde, Rimba, Rwampara"
25,1,10,Mongbwalu,high,"Zones de Santé touchées Mambasa, Mangala, Mongbwalu, Nizi, Nyankunde, Rimba, Rwampara"
25,1,10,Nizi,high,"Zones de Santé touchées Mambasa, Mangala, Mongbwalu, Nizi, Nyankunde, Rimba, Rwampara"
25,1,10,Nyankunde,high,"Zones de Santé touchées Mambasa, Mangala, Mongbwalu, Nizi, Nyankunde, Rimba, Rwampara"
25,1,10,Rimba,high,"Zones de Santé touchées Mambasa, Mangala, Mongbwalu, Nizi, Nyankunde, Rimba, Rwampara"
25,1,10,Rwampara,high,"Zones de Santé touchées Mambasa, Mangala, Mongbwalu, Nizi, Nyankunde, Rimba, Rwampara"
25,1,11,Beni,medium,"(25)  Nord-Kivu (7/34) : Beni, Butembo, Goma, Kalunguta, Katwa, Kyondo, Oicha"
25,1,11,Butembo,medium,"(25)  Nord-Kivu (7/34) : Beni, Butembo, Goma, Kalunguta, Katwa, Kyondo, Oicha"
25,1,11,Goma,medium,"(25)  Nord-Kivu (7/34) : Beni, Butembo, Goma, Kalunguta, Katwa, Kyondo, Oicha"
25,1,11,Kalunguta,medium,"(25)  Nord-Kivu (7/34) : Beni, Butembo, Goma, Kalunguta, Katwa, Kyondo, Oicha"
25,1,11,Katwa,medium,"(25)  Nord-Kivu (7/34) : Beni, Butembo, Goma, Kalunguta, Katwa, Kyondo, Oicha"
25,1,11,Kyondo,medium,"(25)  Nord-Kivu (7/34) : Beni, Butembo, Goma, Kalunguta, Katwa, Kyondo, Oicha"
25,1,11,Oicha,medium,"(25)  Nord-Kivu (7/34) : Beni, Butembo, Goma, Kalunguta, Katwa, Kyondo, Oicha"
25,1,12,Miti-Murhesa,medium, Sud-Kivu (1/34) : Miti-Murhesa
26,1,9,Aru,medium,"• Ituri (18/36) : Aru, Aungba, Bambu, Bunia, Damas, Gety, Kilo, Komanda, Lita, Logo,"
26,1,9,Aungba,medium,"• Ituri (18/36) : Aru, Aungba, Bambu, Bunia, Damas, Gety, Kilo, Komanda, Lita, Logo,"
26,1,9,Bambu,medium,"• Ituri (18/36) : Aru, Aungba, Bambu, Bunia, Damas, Gety, Kilo, Komanda, Lita, Logo,"
26,1,9,Bunia,medium,"• Ituri (18/36) : Aru, Aungba, Bambu, Bunia, Damas, Gety, Kilo, Komanda, Lita, Logo,"
26,1,9,Damas,medium,"• Ituri (18/36) : Aru, Aungba, Bambu, Bunia, Damas, Gety, Kilo, Komanda, Lita, Logo,"
26,1,9,Gety,medium,"• Ituri (18/36) : Aru, Aungba, Bambu, Bunia, Damas, Gety, Kilo, Komanda, Lita, Logo,"
26,1,9,Kilo,medium,"• Ituri (18/36) : Aru, Aungba, Bambu, Bunia, Damas, Gety, Kilo, Komanda, Lita, Logo,"
26,1,9,Komanda,medium,"• Ituri (18/36) : Aru, Aungba, Bambu, Bunia, Damas, Gety, Kilo, Komanda, Lita, Logo,"
26,1,9,Lita,medium,"• Ituri (18/36) : Aru, Aungba, Bambu, Bunia, Damas, Gety, Kilo, Komanda, Lita, Logo,"
26,1,9,Logo,medium,"• Ituri (18/36) : Aru, Aungba, Bambu, Bunia, Damas, Gety, Kilo, Komanda, Lita, Logo,"
26,1,10,Mambasa,high,"Zones de Santé touchées Mambasa, Mangala, Mongbwalu, Nizi, Nyankunde, Rimba, Rwampara, Tchomia."
26,1,10,Mangala,high,"Zones de Santé touchées Mambasa, Mangala, Mongbwalu, Nizi, Nyankunde, Rimba, Rwampara, Tchomia."
26,1,10,Mongbwalu,high,"Zones de Santé touchées Mambasa, Mangala, Mongbwalu, Nizi, Nyankunde, Rimba, Rwampara, Tchomia."
26,1,10,Nizi,high,"Zones de Santé touchées Mambasa, Mangala, Mongbwalu, Nizi, Nyankunde, Rimba, Rwampara, Tchomia."
26,1,10,Nyankunde,high,"Zones de Santé touchées Mambasa, Mangala, Mongbwalu, Nizi, Nyankunde, Rimba, Rwampara, Tchomia."
26,1,10,Rimba,high,"Zones de Santé touchées Mambasa, Mangala, Mongbwalu, Nizi, Nyankunde, Rimba, Rwampara, Tchomia."
26,1,10,Rwampara,high,"Zones de Santé touchées Mambasa, Mangala, Mongbwalu, Nizi, Nyankunde, Rimba, Rwampara, Tchomia."
26,1,11,Beni,medium,"(26) • Nord-Kivu (7/34) : Beni, Butembo, Goma, Kalunguta, Katwa, Kyondo, Oicha"
26,1,11,Butembo,medium,"(26) • Nord-Kivu (7/34) : Beni, Butembo, Goma, Kalunguta, Katwa, Kyondo, Oicha"
26,1,11,Goma,medium,"(26) • Nord-Kivu (7/34) : Beni, Butembo, Goma, Kalunguta, Katwa, Kyondo, Oicha"
26,1,11,Kalunguta,medium,"(26) • Nord-Kivu (7/34) : Beni, Butembo, Goma, Kalunguta, Katwa, Kyondo, Oicha"
26,1,11,Katwa,medium,"(26) • Nord-Kivu (7/34) : Beni, Butembo, Goma, Kalunguta, Katwa, Kyondo, Oicha"
26,1,11,Kyondo,medium,"(26) • Nord-Kivu (7/34) : Beni, Butembo, Goma, Kalunguta, Katwa, Kyondo, Oicha"
26,1,11,Oicha,medium,"(26) • Nord-Kivu (7/34) : Beni, Butembo, Goma, Kalunguta, Katwa, Kyondo, Oicha"
26,1,12,Miti-Murhesa,medium,• Sud-Kivu (1/34) : Miti-Murhesa
27,1,9,Aru,medium," Ituri (19/36) : Aru, Aungba, Bambu, Bunia, Damas, Gety, Kilo, Komanda, Lita, Logo,"
27,1,9,Aungba,medium," Ituri (19/36) : Aru, Aungba, Bambu, Bunia, Damas, Gety, Kilo, Komanda, Lita, Logo,"
27,1,9,Bambu,medium," Ituri (19/36) : Aru, Aungba, Bambu, Bunia, Damas, Gety, Kilo, Komanda, Lita, Logo,"
27,1,9,Bunia,medium," Ituri (19/36) : Aru, Aungba, Bambu, Bunia, Damas, Gety, Kilo, Komanda, Lita, Logo,"
27,1,9,Damas,medium," Ituri (19/36) : Aru, Aungba, Bambu, Bunia, Damas, Gety, Kilo, Komanda, Lita, Logo,"
27,1,9,Gety,medium," Ituri (19/36) : Aru, Aungba, Bambu, Bunia, Damas, Gety, Kilo, Komanda, Lita, Logo,"
27,1,9,Kilo,medium," Ituri (19/36) : Aru, Aungba, Bambu, Bunia, Damas, Gety, Kilo, Komanda, Lita, Logo,"
27,1,9,Komanda,medium," Ituri (19/36) : Aru, Aungba, Bambu, Bunia, Damas, Gety, Kilo, Komanda, Lita, Logo,"
27,1,9,Lita,medium," Ituri (19/36) : Aru, Aungba, Bambu, Bunia, Damas, Gety, Kilo, Komanda, Lita, Logo,"
27,1,9,Logo,medium," Ituri (19/36) : Aru, Aungba, Bambu, Bunia, Damas, Gety, Kilo, Komanda, Lita, Logo,"
27,1,10,Mambasa,medium,"Mambasa, Mangala, Mongbwalu, Nizi, Nyankunde, Rimba, Rwampara, Tchomia,"
27,1,10,Mangala,medium,"Mambasa, Mangala, Mongbwalu, Nizi, Nyankunde, Rimba, Rwampara, Tchomia,"
27,1,10,Mongbwalu,medium,"Mambasa, Mangala, Mongbwalu, Nizi, Nyankunde, Rimba, Rwampara, Tchomia,"
27,1,10,Nizi,medium,"Mambasa, Mangala, Mongbwalu, Nizi, Nyankunde, Rimba, Rwampara, Tchomia,"
27,1,10,Nyankunde,medium,"Mambasa, Mangala, Mongbwalu, Nizi, Nyankunde, Rimba, Rwampara, Tchomia,"
27,1,10,Rimba,medium,"Mambasa, Mangala, Mongbwalu, Nizi, Nyankunde, Rimba, Rwampara, Tchomia,"
27,1,10,Rwampara,medium,"Mambasa, Mangala, Mongbwalu, Nizi, Nyankunde, Rimba, Rwampara, Tchomia,"
27,1,12,Beni,medium,"(29)  Nord-Kivu (9/34) : Beni, Butembo, Goma, Kalunguta, Katwa, Kyondo, Oicha, Masereka"
27,1,12,Butembo,medium,"(29)  Nord-Kivu (9/34) : Beni, Butembo, Goma, Kalunguta, Katwa, Kyondo, Oicha, Masereka"
27,1,12,Goma,medium,"(29)  Nord-Kivu (9/34) : Beni, Butembo, Goma, Kalunguta, Katwa, Kyondo, Oicha, Masereka"
27,1,12,Kalunguta,medium,"(29)  Nord-Kivu (9/34) : Beni, Butembo, Goma, Kalunguta, Katwa, Kyondo, Oicha, Masereka"
27,1,12,Katwa,medium,"(29)  Nord-Kivu (9/34) : Beni, Butembo, Goma, Kalunguta, Katwa, Kyondo, Oicha, Masereka"
27,1,12,Kyondo,medium,"(29)  Nord-Kivu (9/34) : Beni, Butembo, Goma, Kalunguta, Katwa, Kyondo, Oicha, Masereka"
27,1,12,Oicha,medium,"(29)  Nord-Kivu (9/34) : Beni, Butembo, Goma, Kalunguta, Katwa, Kyondo, Oicha, Masereka"
27,1,14,Miti-Murhesa,medium, Sud-Kivu (1/34) : Miti-Murhesa
28,1,9,Aru,medium,"• Ituri (19/36) : Aru, Aungba, Bambu, Bunia, Damas, Gety, Kilo, Komanda, Lita, Logo,"
28,1,9,Aungba,medium,"• Ituri (19/36) : Aru, Aungba, Bambu, Bunia, Damas, Gety, Kilo, Komanda, Lita, Logo,"
28,1,9,Bambu,medium,"• Ituri (19/36) : Aru, Aungba, Bambu, Bunia, Damas, Gety, Kilo, Komanda, Lita, Logo,"
28,1,9,Bunia,medium,"• Ituri (19/36) : Aru, Aungba, Bambu, Bunia, Damas, Gety, Kilo, Komanda, Lita, Logo,"
28,1,9,Damas,medium,"• Ituri (19/36) : Aru, Aungba, Bambu, Bunia, Damas, Gety, Kilo, Komanda, Lita, Logo,"
28,1,9,Gety,medium,"• Ituri (19/36) : Aru, Aungba, Bambu, Bunia, Damas, Gety, Kilo, Komanda, Lita, Logo,"
28,1,9,Kilo,medium,"• Ituri (19/36) : Aru, Aungba, Bambu, Bunia, Damas, Gety, Kilo, Komanda, Lita, Logo,"
28,1,9,Komanda,medium,"• Ituri (19/36) : Aru, Aungba, Bambu, Bunia, Damas, Gety, Kilo, Komanda, Lita, Logo,"
28,1,9,Lita,medium,"• Ituri (19/36) : Aru, Aungba, Bambu, Bunia, Damas, Gety, Kilo, Komanda, Lita, Logo,"
28,1,9,Logo,medium,"• Ituri (19/36) : Aru, Aungba, Bambu, Bunia, Damas, Gety, Kilo, Komanda, Lita, Logo,"
28,1,10,Mambasa,medium,"Mambasa, Mangala, Mongbwalu, Nizi, Nyankunde, Rimba, Rwampara, Tchomia,"
28,1,10,Mangala,medium,"Mambasa, Mangala, Mongbwalu, Nizi, Nyankunde, Rimba, Rwampara, Tchomia,"
28,1,10,Mongbwalu,medium,"Mambasa, Mangala, Mongbwalu, Nizi, Nyankunde, Rimba, Rwampara, Tchomia,"
28,1,10,Nizi,medium,"Mambasa, Mangala, Mongbwalu, Nizi, Nyankunde, Rimba, Rwampara, Tchomia,"
28,1,10,Nyankunde,medium,"Mambasa, Mangala, Mongbwalu, Nizi, Nyankunde, Rimba, Rwampara, Tchomia,"
28,1,10,Rimba,medium,"Mambasa, Mangala, Mongbwalu, Nizi, Nyankunde, Rimba, Rwampara, Tchomia,"
28,1,10,Rwampara,medium,"Mambasa, Mangala, Mongbwalu, Nizi, Nyankunde, Rimba, Rwampara, Tchomia,"
28,1,12,Beni,medium,"(29) • Nord-Kivu (9/34) : Beni, Butembo, Goma, Kalunguta, Katwa, Kyondo, Oicha, Masereka"
28,1,12,Butembo,medium,"(29) • Nord-Kivu (9/34) : Beni, Butembo, Goma, Kalunguta, Katwa, Kyondo, Oicha, Masereka"
28,1,12,Goma,medium,"(29) • Nord-Kivu (9/34) : Beni, Butembo, Goma, Kalunguta, Katwa, Kyondo, Oicha, Masereka"
28,1,12,Kalunguta,medium,"(29) • Nord-Kivu (9/34) : Beni, Butembo, Goma, Kalunguta, Katwa, Kyondo, Oicha, Masereka"
28,1,12,Katwa,medium,"(29) • Nord-Kivu (9/34) : Beni, Butembo, Goma, Kalunguta, Katwa, Kyondo, Oicha, Masereka"
28,1,12,Kyondo,medium,"(29) • Nord-Kivu (9/34) : Beni, Butembo, Goma, Kalunguta, Katwa, Kyondo, Oicha, Masereka"
28,1,12,Oicha,medium,"(29) • Nord-Kivu (9/34) : Beni, Butembo, Goma, Kalunguta, Katwa, Kyondo, Oicha, Masereka"
28,1,14,Miti-Murhesa,medium,• Sud-Kivu (1/34) : Miti-Murhesa
30,1,9,Aru,medium," Ituri (20/36) : Aru, Aungba, Bambu, Bunia, Damas, Gety, Kilo, Komanda, Lita, Logo,"
30,1,9,Aungba,medium," Ituri (20/36) : Aru, Aungba, Bambu, Bunia, Damas, Gety, Kilo, Komanda, Lita, Logo,"
30,1,9,Bambu,medium," Ituri (20/36) : Aru, Aungba, Bambu, Bunia, Damas, Gety, Kilo, Komanda, Lita, Logo,"
30,1,9,Bunia,medium," Ituri (20/36) : Aru, Aungba, Bambu, Bunia, Damas, Gety, Kilo, Komanda, Lita, Logo,"
30,1,9,Damas,medium," Ituri (20/36) : Aru, Aungba, Bambu, Bunia, Damas, Gety, Kilo, Komanda, Lita, Logo,"
30,1,9,Gety,medium," Ituri (20/36) : Aru, Aungba, Bambu, Bunia, Damas, Gety, Kilo, Komanda, Lita, Logo,"
30,1,9,Kilo,medium," Ituri (20/36) : Aru, Aungba, Bambu, Bunia, Damas, Gety, Kilo, Komanda, Lita, Logo,"
30,1,9,Komanda,medium," Ituri (20/36) : Aru, Aungba, Bambu, Bunia, Damas, Gety, Kilo, Komanda, Lita, Logo,"
30,1,9,Lita,medium," Ituri (20/36) : Aru, Aungba, Bambu, Bunia, Damas, Gety, Kilo, Komanda, Lita, Logo,"
30,1,9,Logo,medium," Ituri (20/36) : Aru, Aungba, Bambu, Bunia, Damas, Gety, Kilo, Komanda, Lita, Logo,"
30,1,10,Mambasa,medium,"Mambasa, Mangala, Mongbwalu, Nizi, Nyankunde, Rimba, Rwampara, Tchomia,"
30,1,10,Mangala,medium,"Mambasa, Mangala, Mongbwalu, Nizi, Nyankunde, Rimba, Rwampara, Tchomia,"
30,1,10,Mongbwalu,medium,"Mambasa, Mangala, Mongbwalu, Nizi, Nyankunde, Rimba, Rwampara, Tchomia,"
30,1,10,Nizi,medium,"Mambasa, Mangala, Mongbwalu, Nizi, Nyankunde, Rimba, Rwampara, Tchomia,"
30,1,10,Nyankunde,medium,"Mambasa, Mangala, Mongbwalu, Nizi, Nyankunde, Rimba, Rwampara, Tchomia,"
30,1,10,Rimba,medium,"Mambasa, Mangala, Mongbwalu, Nizi, Nyankunde, Rimba, Rwampara, Tchomia,"
30,1,10,Rwampara,medium,"Mambasa, Mangala, Mongbwalu, Nizi, Nyankunde, Rimba, Rwampara, Tchomia,"
30,1,12,Beni,medium,"(31)  Nord-Kivu (10/34) : Beni, Butembo, Goma, Kalunguta, Katwa, Kyondo, Oicha,"
30,1,12,Butembo,medium,"(31)  Nord-Kivu (10/34) : Beni, Butembo, Goma, Kalunguta, Katwa, Kyondo, Oicha,"
30,1,12,Goma,medium,"(31)  Nord-Kivu (10/34) : Beni, Butembo, Goma, Kalunguta, Katwa, Kyondo, Oicha,"
30,1,12,Kalunguta,medium,"(31)  Nord-Kivu (10/34) : Beni, Butembo, Goma, Kalunguta, Katwa, Kyondo, Oicha,"
30,1,12,Katwa,medium,"(31)  Nord-Kivu (10/34) : Beni, Butembo, Goma, Kalunguta, Katwa, Kyondo, Oicha,"
30,1,12,Kyondo,medium,"(31)  Nord-Kivu (10/34) : Beni, Butembo, Goma, Kalunguta, Katwa, Kyondo, Oicha,"
30,1,12,Oicha,medium,"(31)  Nord-Kivu (10/34) : Beni, Butembo, Goma, Kalunguta, Katwa, Kyondo, Oicha,"
30,1,14,Miti-Murhesa,medium, Sud-Kivu (1/34) : Miti-Murhesa
31,1,9,Aru,medium," Ituri (20/36) : Aru, Aungba, Bambu, Bunia, Damas, Gety, Kilo, Komanda, Lita, Logo,"
31,1,9,Aungba,medium," Ituri (20/36) : Aru, Aungba, Bambu, Bunia, Damas, Gety, Kilo, Komanda, Lita, Logo,"
31,1,9,Bambu,medium," Ituri (20/36) : Aru, Aungba, Bambu, Bunia, Damas, Gety, Kilo, Komanda, Lita, Logo,"
31,1,9,Bunia,medium," Ituri (20/36) : Aru, Aungba, Bambu, Bunia, Damas, Gety, Kilo, Komanda, Lita, Logo,"
31,1,9,Damas,medium," Ituri (20/36) : Aru, Aungba, Bambu, Bunia, Damas, Gety, Kilo, Komanda, Lita, Logo,"
31,1,9,Gety,medium," Ituri (20/36) : Aru, Aungba, Bambu, Bunia, Damas, Gety, Kilo, Komanda, Lita, Logo,"
31,1,9,Kilo,medium," Ituri (20/36) : Aru, Aungba, Bambu, Bunia, Damas, Gety, Kilo, Komanda, Lita, Logo,"
31,1,9,Komanda,medium," Ituri (20/36) : Aru, Aungba, Bambu, Bunia, Damas, Gety, Kilo, Komanda, Lita, Logo,"
31,1,9,Lita,medium," Ituri (20/36) : Aru, Aungba, Bambu, Bunia, Damas, Gety, Kilo, Komanda, Lita, Logo,"
31,1,9,Logo,medium," Ituri (20/36) : Aru, Aungba, Bambu, Bunia, Damas, Gety, Kilo, Komanda, Lita, Logo,"
31,1,10,Mambasa,medium,"Mambasa, Mangala, Mongbwalu, Nizi, Nyankunde, Rimba, Rwampara, Tchomia,"
31,1,10,Mangala,medium,"Mambasa, Mangala, Mongbwalu, Nizi, Nyankunde, Rimba, Rwampara, Tchomia,"
31,1,10,Mongbwalu,medium,"Mambasa, Mangala, Mongbwalu, Nizi, Nyankunde, Rimba, Rwampara, Tchomia,"
31,1,10,Nizi,medium,"Mambasa, Mangala, Mongbwalu, Nizi, Nyankunde, Rimba, Rwampara, Tchomia,"
31,1,10,Nyankunde,medium,"Mambasa, Mangala, Mongbwalu, Nizi, Nyankunde, Rimba, Rwampara, Tchomia,"
31,1,10,Rimba,medium,"Mambasa, Mangala, Mongbwalu, Nizi, Nyankunde, Rimba, Rwampara, Tchomia,"
31,1,10,Rwampara,medium,"Mambasa, Mangala, Mongbwalu, Nizi, Nyankunde, Rimba, Rwampara, Tchomia,"
31,1,12,Beni,medium,"(31)  Nord-Kivu (10/34) : Beni, Butembo, Goma, Kalunguta, Katwa, Kyondo, Oicha,"
31,1,12,Butembo,medium,"(31)  Nord-Kivu (10/34) : Beni, Butembo, Goma, Kalunguta, Katwa, Kyondo, Oicha,"
31,1,12,Goma,medium,"(31)  Nord-Kivu (10/34) : Beni, Butembo, Goma, Kalunguta, Katwa, Kyondo, Oicha,"
31,1,12,Kalunguta,medium,"(31)  Nord-Kivu (10/34) : Beni, Butembo, Goma, Kalunguta, Katwa, Kyondo, Oicha,"
31,1,12,Katwa,medium,"(31)  Nord-Kivu (10/34) : Beni, Butembo, Goma, Kalunguta, Katwa, Kyondo, Oicha,"
31,1,12,Kyondo,medium,"(31)  Nord-Kivu (10/34) : Beni, Butembo, Goma, Kalunguta, Katwa, Kyondo, Oicha,"
31,1,12,Oicha,medium,"(31)  Nord-Kivu (10/34) : Beni, Butembo, Goma, Kalunguta, Katwa, Kyondo, Oicha,"
31,1,14,Miti-Murhesa,medium, Sud-Kivu (1/34) : Miti-Murhesa
32,1,9,Aru,medium," Ituri (20/36) : Aru, Aungba, Bambu, Bunia, Damas, Gety, Kilo, Komanda, Lita, Logo,"
32,1,9,Aungba,medium," Ituri (20/36) : Aru, Aungba, Bambu, Bunia, Damas, Gety, Kilo, Komanda, Lita, Logo,"
32,1,9,Bambu,medium," Ituri (20/36) : Aru, Aungba, Bambu, Bunia, Damas, Gety, Kilo, Komanda, Lita, Logo,"
32,1,9,Bunia,medium," Ituri (20/36) : Aru, Aungba, Bambu, Bunia, Damas, Gety, Kilo, Komanda, Lita, Logo,"
32,1,9,Damas,medium," Ituri (20/36) : Aru, Aungba, Bambu, Bunia, Damas, Gety, Kilo, Komanda, Lita, Logo,"
32,1,9,Gety,medium," Ituri (20/36) : Aru, Aungba, Bambu, Bunia, Damas, Gety, Kilo, Komanda, Lita, Logo,"
32,1,9,Kilo,medium," Ituri (20/36) : Aru, Aungba, Bambu, Bunia, Damas, Gety, Kilo, Komanda, Lita, Logo,"
32,1,9,Komanda,medium," Ituri (20/36) : Aru, Aungba, Bambu, Bunia, Damas, Gety, Kilo, Komanda, Lita, Logo,"
32,1,9,Lita,medium," Ituri (20/36) : Aru, Aungba, Bambu, Bunia, Damas, Gety, Kilo, Komanda, Lita, Logo,"
32,1,9,Logo,medium," Ituri (20/36) : Aru, Aungba, Bambu, Bunia, Damas, Gety, Kilo, Komanda, Lita, Logo,"
32,1,10,Mambasa,medium,"Mambasa, Mangala, Mongbwalu, Nizi, Nyankunde, Rimba, Rwampara, Tchomia,"
32,1,10,Mangala,medium,"Mambasa, Mangala, Mongbwalu, Nizi, Nyankunde, Rimba, Rwampara, Tchomia,"
32,1,10,Mongbwalu,medium,"Mambasa, Mangala, Mongbwalu, Nizi, Nyankunde, Rimba, Rwampara, Tchomia,"
32,1,10,Nizi,medium,"Mambasa, Mangala, Mongbwalu, Nizi, Nyankunde, Rimba, Rwampara, Tchomia,"
32,1,10,Nyankunde,medium,"Mambasa, Mangala, Mongbwalu, Nizi, Nyankunde, Rimba, Rwampara, Tchomia,"
32,1,10,Rimba,medium,"Mambasa, Mangala, Mongbwalu, Nizi, Nyankunde, Rimba, Rwampara, Tchomia,"
32,1,10,Rwampara,medium,"Mambasa, Mangala, Mongbwalu, Nizi, Nyankunde, Rimba, Rwampara, Tchomia,"
32,1,12,Beni,medium,"(31)  Nord-Kivu (10/34) : Beni, Butembo, Goma, Kalunguta, Katwa, Kyondo, Oicha,"
32,1,12,Butembo,medium,"(31)  Nord-Kivu (10/34) : Beni, Butembo, Goma, Kalunguta, Katwa, Kyondo, Oicha,"
32,1,12,Goma,medium,"(31)  Nord-Kivu (10/34) : Beni, Butembo, Goma, Kalunguta, Katwa, Kyondo, Oicha,"
32,1,12,Kalunguta,medium,"(31)  Nord-Kivu (10/34) : Beni, Butembo, Goma, Kalunguta, Katwa, Kyondo, Oicha,"
32,1,12,Katwa,medium,"(31)  Nord-Kivu (10/34) : Beni, Butembo, Goma, Kalunguta, Katwa, Kyondo, Oicha,"
32,1,12,Kyondo,medium,"(31)  Nord-Kivu (10/34) : Beni, Butembo, Goma, Kalunguta, Katwa, Kyondo, Oicha,"
32,1,12,Oicha,medium,"(31)  Nord-Kivu (10/34) : Beni, Butembo, Goma, Kalunguta, Katwa, Kyondo, Oicha,"
32,1,14,Miti-Murhesa,medium, Sud-Kivu (1/34) : Miti-Murhesa
33,1,9,Aru,medium," Ituri (21/36) : Aru, Aungba, Bambu, Bunia, Damas, Gety, Kilo, Komanda, Lita, Logo,"
33,1,9,Aungba,medium," Ituri (21/36) : Aru, Aungba, Bambu, Bunia, Damas, Gety, Kilo, Komanda, Lita, Logo,"
33,1,9,Bambu,medium," Ituri (21/36) : Aru, Aungba, Bambu, Bunia, Damas, Gety, Kilo, Komanda, Lita, Logo,"
33,1,9,Bunia,medium," Ituri (21/36) : Aru, Aungba, Bambu, Bunia, Damas, Gety, Kilo, Komanda, Lita, Logo,"
33,1,9,Damas,medium," Ituri (21/36) : Aru, Aungba, Bambu, Bunia, Damas, Gety, Kilo, Komanda, Lita, Logo,"
33,1,9,Gety,medium," Ituri (21/36) : Aru, Aungba, Bambu, Bunia, Damas, Gety, Kilo, Komanda, Lita, Logo,"
33,1,9,Kilo,medium," Ituri (21/36) : Aru, Aungba, Bambu, Bunia, Damas, Gety, Kilo, Komanda, Lita, Logo,"
33,1,9,Komanda,medium," Ituri (21/36) : Aru, Aungba, Bambu, Bunia, Damas, Gety, Kilo, Komanda, Lita, Logo,"
33,1,9,Lita,medium," Ituri (21/36) : Aru, Aungba, Bambu, Bunia, Damas, Gety, Kilo, Komanda, Lita, Logo,"
33,1,9,Logo,medium," Ituri (21/36) : Aru, Aungba, Bambu, Bunia, Damas, Gety, Kilo, Komanda, Lita, Logo,"
33,1,10,Mambasa,medium,"Mambasa, Mangala, Mongbwalu, Nizi, Nyankunde, Rimba, Rwampara, Tchomia,"
33,1,10,Mangala,medium,"Mambasa, Mangala, Mongbwalu, Nizi, Nyankunde, Rimba, Rwampara, Tchomia,"
33,1,10,Mongbwalu,medium,"Mambasa, Mangala, Mongbwalu, Nizi, Nyankunde, Rimba, Rwampara, Tchomia,"
33,1,10,Nizi,medium,"Mambasa, Mangala, Mongbwalu, Nizi, Nyankunde, Rimba, Rwampara, Tchomia,"
33,1,10,Nyankunde,medium,"Mambasa, Mangala, Mongbwalu, Nizi, Nyankunde, Rimba, Rwampara, Tchomia,"
33,1,10,Rimba,medium,"Mambasa, Mangala, Mongbwalu, Nizi, Nyankunde, Rimba, Rwampara, Tchomia,"
33,1,10,Rwampara,medium,"Mambasa, Mangala, Mongbwalu, Nizi, Nyankunde, Rimba, Rwampara, Tchomia,"
33,1,12,Beni,medium,"(33)  Nord-Kivu (11/34) : Beni, Butembo, Goma, Kalunguta, Katwa, Kyondo, Oicha,"
33,1,12,Butembo,medium,"(33)  Nord-Kivu (11/34) : Beni, Butembo, Goma, Kalunguta, Katwa, Kyondo, Oicha,"
33,1,12,Goma,medium,"(33)  Nord-Kivu (11/34) : Beni, Butembo, Goma, Kalunguta, Katwa, Kyondo, Oicha,"
33,1,12,Kalunguta,medium,"(33)  Nord-Kivu (11/34) : Beni, Butembo, Goma, Kalunguta, Katwa, Kyondo, Oicha,"
33,1,12,Katwa,medium,"(33)  Nord-Kivu (11/34) : Beni, Butembo, Goma, Kalunguta, Katwa, Kyondo, Oicha,"
33,1,12,Kyondo,medium,"(33)  Nord-Kivu (11/34) : Beni, Butembo, Goma, Kalunguta, Katwa, Kyondo, Oicha,"
33,1,12,Oicha,medium,"(33)  Nord-Kivu (11/34) : Beni, Butembo, Goma, Kalunguta, Katwa, Kyondo, Oicha,"
33,1,14,Miti-Murhesa,medium, Sud-Kivu (1/34) : Miti-Murhesa
34,1,9,Aru,medium,"• Ituri (21/36) : Aru, Aungba, Bambu, Bunia, Damas, Gety, Kilo, Komanda, Lita, Logo,"
34,1,9,Aungba,medium,"• Ituri (21/36) : Aru, Aungba, Bambu, Bunia, Damas, Gety, Kilo, Komanda, Lita, Logo,"
34,1,9,Bambu,medium,"• Ituri (21/36) : Aru, Aungba, Bambu, Bunia, Damas, Gety, Kilo, Komanda, Lita, Logo,"
34,1,9,Bunia,medium,"• Ituri (21/36) : Aru, Aungba, Bambu, Bunia, Damas, Gety, Kilo, Komanda, Lita, Logo,"
34,1,9,Damas,medium,"• Ituri (21/36) : Aru, Aungba, Bambu, Bunia, Damas, Gety, Kilo, Komanda, Lita, Logo,"
34,1,9,Gety,medium,"• Ituri (21/36) : Aru, Aungba, Bambu, Bunia, Damas, Gety, Kilo, Komanda, Lita, Logo,"
34,1,9,Kilo,medium,"• Ituri (21/36) : Aru, Aungba, Bambu, Bunia, Damas, Gety, Kilo, Komanda, Lita, Logo,"
34,1,9,Komanda,medium,"• Ituri (21/36) : Aru, Aungba, Bambu, Bunia, Damas, Gety, Kilo, Komanda, Lita, Logo,"
34,1,9,Lita,medium,"• Ituri (21/36) : Aru, Aungba, Bambu, Bunia, Damas, Gety, Kilo, Komanda, Lita, Logo,"
34,1,9,Logo,medium,"• Ituri (21/36) : Aru, Aungba, Bambu, Bunia, Damas, Gety, Kilo, Komanda, Lita, Logo,"
34,1,10,Mambasa,medium,"Mambasa, Mangala, Mongbwalu, Nizi, Nyankunde, Rimba, Rwampara, Tchomia,"
34,1,10,Mangala,medium,"Mambasa, Mangala, Mongbwalu, Nizi, Nyankunde, Rimba, Rwampara, Tchomia,"
34,1,10,Mongbwalu,medium,"Mambasa, Mangala, Mongbwalu, Nizi, Nyankunde, Rimba, Rwampara, Tchomia,"
34,1,10,Nizi,medium,"Mambasa, Mangala, Mongbwalu, Nizi, Nyankunde, Rimba, Rwampara, Tchomia,"
34,1,10,Nyankunde,medium,"Mambasa, Mangala, Mongbwalu, Nizi, Nyankunde, Rimba, Rwampara, Tchomia,"
34,1,10,Rimba,medium,"Mambasa, Mangala, Mongbwalu, Nizi, Nyankunde, Rimba, Rwampara, Tchomia,"
34,1,10,Rwampara,medium,"Mambasa, Mangala, Mongbwalu, Nizi, Nyankunde, Rimba, Rwampara, Tchomia,"
34,1,12,Beni,medium,"(33) • Nord-Kivu (11/34) : Beni, Butembo, Goma, Kalunguta, Katwa, Kyondo, Oicha,"
34,1,12,Butembo,medium,"(33) • Nord-Kivu (11/34) : Beni, Butembo, Goma, Kalunguta, Katwa, Kyondo, Oicha,"
34,1,12,Goma,medium,"(33) • Nord-Kivu (11/34) : Beni, Butembo, Goma, Kalunguta, Katwa, Kyondo, Oicha,"
34,1,12,Kalunguta,medium,"(33) • Nord-Kivu (11/34) : Beni, Butembo, Goma, Kalunguta, Katwa, Kyondo, Oicha,"
34,1,12,Katwa,medium,"(33) • Nord-Kivu (11/34) : Beni, Butembo, Goma, Kalunguta, Katwa, Kyondo, Oicha,"
34,1,12,Kyondo,medium,"(33) • Nord-Kivu (11/34) : Beni, Butembo, Goma, Kalunguta, Katwa, Kyondo, Oicha,"
34,1,12,Oicha,medium,"(33) • Nord-Kivu (11/34) : Beni, Butembo, Goma, Kalunguta, Katwa, Kyondo, Oicha,"
34,1,14,Miti-Murhesa,medium,• Sud-Kivu (1/34) : Miti-Murhesa
35,1,9,Aru,medium,"• Ituri (22/36) : Aru, Aungba, Bambu, Bunia, Damas, Drodro, Gety, Kilo, Komanda, Lita,"
35,1,9,Aungba,medium,"• Ituri (22/36) : Aru, Aungba, Bambu, Bunia, Damas, Drodro, Gety, Kilo, Komanda, Lita,"
35,1,9,Bambu,medium,"• Ituri (22/36) : Aru, Aungba, Bambu, Bunia, Damas, Drodro, Gety, Kilo, Komanda, Lita,"
35,1,9,Bunia,medium,"• Ituri (22/36) : Aru, Aungba, Bambu, Bunia, Damas, Drodro, Gety, Kilo, Komanda, Lita,"
35,1,9,Damas,medium,"• Ituri (22/36) : Aru, Aungba, Bambu, Bunia, Damas, Drodro, Gety, Kilo, Komanda, Lita,"
35,1,9,Gety,medium,"• Ituri (22/36) : Aru, Aungba, Bambu, Bunia, Damas, Drodro, Gety, Kilo, Komanda, Lita,"
35,1,9,Kilo,medium,"• Ituri (22/36) : Aru, Aungba, Bambu, Bunia, Damas, Drodro, Gety, Kilo, Komanda, Lita,"
35,1,9,Komanda,medium,"• Ituri (22/36) : Aru, Aungba, Bambu, Bunia, Damas, Drodro, Gety, Kilo, Komanda, Lita,"
35,1,9,Lita,medium,"• Ituri (22/36) : Aru, Aungba, Bambu, Bunia, Damas, Drodro, Gety, Kilo, Komanda, Lita,"
35,1,10,Logo,medium,"Logo, Mambasa, Mangala, Mongbwalu, Nizi, Nyankunde, Rimba, Rwampara, Tchomia,"
35,1,10,Mambasa,medium,"Logo, Mambasa, Mangala, Mongbwalu, Nizi, Nyankunde, Rimba, Rwampara, Tchomia,"
35,1,10,Mangala,medium,"Logo, Mambasa, Mangala, Mongbwalu, Nizi, Nyankunde, Rimba, Rwampara, Tchomia,"
35,1,10,Mongbwalu,medium,"Logo, Mambasa, Mangala, Mongbwalu, Nizi, Nyankunde, Rimba, Rwampara, Tchomia,"
35,1,10,Nizi,medium,"Logo, Mambasa, Mangala, Mongbwalu, Nizi, Nyankunde, Rimba, Rwampara, Tchomia,"
35,1,10,Nyankunde,medium,"Logo, Mambasa, Mangala, Mongbwalu, Nizi, Nyankunde, Rimba, Rwampara, Tchomia,"
35,1,10,Rimba,medium,"Logo, Mambasa, Mangala, Mongbwalu, Nizi, Nyankunde, Rimba, Rwampara, Tchomia,"
35,1,10,Rwampara,medium,"Logo, Mambasa, Mangala, Mongbwalu, Nizi, Nyankunde, Rimba, Rwampara, Tchomia,"
35,1,12,Beni,medium,"(34) • Nord-Kivu (11/34) : Beni, Butembo, Goma, Kalunguta, Katwa, Kyondo, Oicha,"
35,1,12,Butembo,medium,"(34) • Nord-Kivu (11/34) : Beni, Butembo, Goma, Kalunguta, Katwa, Kyondo, Oicha,"
35,1,12,Goma,medium,"(34) • Nord-Kivu (11/34) : Beni, Butembo, Goma, Kalunguta, Katwa, Kyondo, Oicha,"
35,1,12,Kalunguta,medium,"(34) • Nord-Kivu (11/34) : Beni, Butembo, Goma, Kalunguta, Katwa, Kyondo, Oicha,"
35,1,12,Katwa,medium,"(34) • Nord-Kivu (11/34) : Beni, Butembo, Goma, Kalunguta, Katwa, Kyondo, Oicha,"
35,1,12,Kyondo,medium,"(34) • Nord-Kivu (11/34) : Beni, Butembo, Goma, Kalunguta, Katwa, Kyondo, Oicha,"
35,1,12,Oicha,medium,"(34) • Nord-Kivu (11/34) : Beni, Butembo, Goma, Kalunguta, Katwa, Kyondo, Oicha,"
35,1,14,Miti-Murhesa,medium,• Sud-Kivu (1/34) : Miti-Murhesa
36,1,9,Aru,medium,"• Ituri (22/36) : Aru, Aungba, Bambu, Bunia, Damas, Drodro, Gety, Kilo, Komanda, Lita,"
36,1,9,Aungba,medium,"• Ituri (22/36) : Aru, Aungba, Bambu, Bunia, Damas, Drodro, Gety, Kilo, Komanda, Lita,"
36,1,9,Bambu,medium,"• Ituri (22/36) : Aru, Aungba, Bambu, Bunia, Damas, Drodro, Gety, Kilo, Komanda, Lita,"
36,1,9,Bunia,medium,"• Ituri (22/36) : Aru, Aungba, Bambu, Bunia, Damas, Drodro, Gety, Kilo, Komanda, Lita,"
36,1,9,Damas,medium,"• Ituri (22/36) : Aru, Aungba, Bambu, Bunia, Damas, Drodro, Gety, Kilo, Komanda, Lita,"
36,1,9,Gety,medium,"• Ituri (22/36) : Aru, Aungba, Bambu, Bunia, Damas, Drodro, Gety, Kilo, Komanda, Lita,"
36,1,9,Kilo,medium,"• Ituri (22/36) : Aru, Aungba, Bambu, Bunia, Damas, Drodro, Gety, Kilo, Komanda, Lita,"
36,1,9,Komanda,medium,"• Ituri (22/36) : Aru, Aungba, Bambu, Bunia, Damas, Drodro, Gety, Kilo, Komanda, Lita,"
36,1,9,Lita,medium,"• Ituri (22/36) : Aru, Aungba, Bambu, Bunia, Damas, Drodro, Gety, Kilo, Komanda, Lita,"
36,1,10,Logo,medium,"Logo, Mambasa, Mangala, Mongbwalu, Nizi, Nyankunde, Rimba, Rwampara, Tchomia,"
36,1,10,Mambasa,medium,"Logo, Mambasa, Mangala, Mongbwalu, Nizi, Nyankunde, Rimba, Rwampara, Tchomia,"
36,1,10,Mangala,medium,"Logo, Mambasa, Mangala, Mongbwalu, Nizi, Nyankunde, Rimba, Rwampara, Tchomia,"
36,1,10,Mongbwalu,medium,"Logo, Mambasa, Mangala, Mongbwalu, Nizi, Nyankunde, Rimba, Rwampara, Tchomia,"
36,1,10,Nizi,medium,"Logo, Mambasa, Mangala, Mongbwalu, Nizi, Nyankunde, Rimba, Rwampara, Tchomia,"
36,1,10,Nyankunde,medium,"Logo, Mambasa, Mangala, Mongbwalu, Nizi, Nyankunde, Rimba, Rwampara, Tchomia,"
36,1,10,Rimba,medium,"Logo, Mambasa, Mangala, Mongbwalu, Nizi, Nyankunde, Rimba, Rwampara, Tchomia,"
36,1,10,Rwampara,medium,"Logo, Mambasa, Mangala, Mongbwalu, Nizi, Nyankunde, Rimba, Rwampara, Tchomia,"
36,1,12,Beni,medium,"(34) • Nord-Kivu (11/34) : Beni, Butembo, Goma, Kalunguta, Katwa, Kyondo, Oicha,"
36,1,12,Butembo,medium,"(34) • Nord-Kivu (11/34) : Beni, Butembo, Goma, Kalunguta, Katwa, Kyondo, Oicha,"
36,1,12,Goma,medium,"(34) • Nord-Kivu (11/34) : Beni, Butembo, Goma, Kalunguta, Katwa, Kyondo, Oicha,"
36,1,12,Kalunguta,medium,"(34) • Nord-Kivu (11/34) : Beni, Butembo, Goma, Kalunguta, Katwa, Kyondo, Oicha,"
36,1,12,Katwa,medium,"(34) • Nord-Kivu (11/34) : Beni, Butembo, Goma, Kalunguta, Katwa, Kyondo, Oicha,"
36,1,12,Kyondo,medium,"(34) • Nord-Kivu (11/34) : Beni, Butembo, Goma, Kalunguta, Katwa, Kyondo, Oicha,"
36,1,12,Oicha,medium,"(34) • Nord-Kivu (11/34) : Beni, Butembo, Goma, Kalunguta, Katwa, Kyondo, Oicha,"
36,1,14,Miti-Murhesa,medium,• Sud-Kivu (1/34) : Miti-Murhesa
37,1,9,Aru,medium,"• Ituri (22/36) : Aru, Aungba, Bambu, Bunia, Damas, Drodro, Gety, Kilo, Komanda, Lita,"
37,1,9,Aungba,medium,"• Ituri (22/36) : Aru, Aungba, Bambu, Bunia, Damas, Drodro, Gety, Kilo, Komanda, Lita,"
37,1,9,Bambu,medium,"• Ituri (22/36) : Aru, Aungba, Bambu, Bunia, Damas, Drodro, Gety, Kilo, Komanda, Lita,"
37,1,9,Bunia,medium,"• Ituri (22/36) : Aru, Aungba, Bambu, Bunia, Damas, Drodro, Gety, Kilo, Komanda, Lita,"
37,1,9,Damas,medium,"• Ituri (22/36) : Aru, Aungba, Bambu, Bunia, Damas, Drodro, Gety, Kilo, Komanda, Lita,"
37,1,9,Gety,medium,"• Ituri (22/36) : Aru, Aungba, Bambu, Bunia, Damas, Drodro, Gety, Kilo, Komanda, Lita,"
37,1,9,Kilo,medium,"• Ituri (22/36) : Aru, Aungba, Bambu, Bunia, Damas, Drodro, Gety, Kilo, Komanda, Lita,"
37,1,9,Komanda,medium,"• Ituri (22/36) : Aru, Aungba, Bambu, Bunia, Damas, Drodro, Gety, Kilo, Komanda, Lita,"
37,1,9,Lita,medium,"• Ituri (22/36) : Aru, Aungba, Bambu, Bunia, Damas, Drodro, Gety, Kilo, Komanda, Lita,"
37,1,10,Logo,medium,"Logo, Mambasa, Mangala, Mongbwalu, Nizi, Nyankunde, Rimba, Rwampara, Tchomia,"
37,1,10,Mambasa,medium,"Logo, Mambasa, Mangala, Mongbwalu, Nizi, Nyankunde, Rimba, Rwampara, Tchomia,"
37,1,10,Mangala,medium,"Logo, Mambasa, Mangala, Mongbwalu, Nizi, Nyankunde, Rimba, Rwampara, Tchomia,"
37,1,10,Mongbwalu,medium,"Logo, Mambasa, Mangala, Mongbwalu, Nizi, Nyankunde, Rimba, Rwampara, Tchomia,"
37,1,10,Nizi,medium,"Logo, Mambasa, Mangala, Mongbwalu, Nizi, Nyankunde, Rimba, Rwampara, Tchomia,"
37,1,10,Nyankunde,medium,"Logo, Mambasa, Mangala, Mongbwalu, Nizi, Nyankunde, Rimba, Rwampara, Tchomia,"
37,1,10,Rimba,medium,"Logo, Mambasa, Mangala, Mongbwalu, Nizi, Nyankunde, Rimba, Rwampara, Tchomia,"
37,1,10,Rwampara,medium,"Logo, Mambasa, Mangala, Mongbwalu, Nizi, Nyankunde, Rimba, Rwampara, Tchomia,"
37,1,12,Beni,medium,"(34) • Nord-Kivu (11/34) : Beni, Butembo, Goma, Kalunguta, Katwa, Kyondo, Oicha,"
37,1,12,Butembo,medium,"(34) • Nord-Kivu (11/34) : Beni, Butembo, Goma, Kalunguta, Katwa, Kyondo, Oicha,"
37,1,12,Goma,medium,"(34) • Nord-Kivu (11/34) : Beni, Butembo, Goma, Kalunguta, Katwa, Kyondo, Oicha,"
37,1,12,Kalunguta,medium,"(34) • Nord-Kivu (11/34) : Beni, Butembo, Goma, Kalunguta, Katwa, Kyondo, Oicha,"
37,1,12,Katwa,medium,"(34) • Nord-Kivu (11/34) : Beni, Butembo, Goma, Kalunguta, Katwa, Kyondo, Oicha,"
37,1,12,Kyondo,medium,"(34) • Nord-Kivu (11/34) : Beni, Butembo, Goma, Kalunguta, Katwa, Kyondo, Oicha,"
37,1,12,Oicha,medium,"(34) • Nord-Kivu (11/34) : Beni, Butembo, Goma, Kalunguta, Katwa, Kyondo, Oicha,"
37,1,14,Miti-Murhesa,medium,• Sud-Kivu (1/34) : Miti-Murhesa
38,1,9,Aru,medium,"• Ituri (22/36) : Aru, Aungba, Bambu, Bunia, Damas, Drodro, Gety, Kilo, Komanda, Lita,"
38,1,9,Aungba,medium,"• Ituri (22/36) : Aru, Aungba, Bambu, Bunia, Damas, Drodro, Gety, Kilo, Komanda, Lita,"
38,1,9,Bambu,medium,"• Ituri (22/36) : Aru, Aungba, Bambu, Bunia, Damas, Drodro, Gety, Kilo, Komanda, Lita,"
38,1,9,Bunia,medium,"• Ituri (22/36) : Aru, Aungba, Bambu, Bunia, Damas, Drodro, Gety, Kilo, Komanda, Lita,"
38,1,9,Damas,medium,"• Ituri (22/36) : Aru, Aungba, Bambu, Bunia, Damas, Drodro, Gety, Kilo, Komanda, Lita,"
38,1,9,Gety,medium,"• Ituri (22/36) : Aru, Aungba, Bambu, Bunia, Damas, Drodro, Gety, Kilo, Komanda, Lita,"
38,1,9,Kilo,medium,"• Ituri (22/36) : Aru, Aungba, Bambu, Bunia, Damas, Drodro, Gety, Kilo, Komanda, Lita,"
38,1,9,Komanda,medium,"• Ituri (22/36) : Aru, Aungba, Bambu, Bunia, Damas, Drodro, Gety, Kilo, Komanda, Lita,"
38,1,9,Lita,medium,"• Ituri (22/36) : Aru, Aungba, Bambu, Bunia, Damas, Drodro, Gety, Kilo, Komanda, Lita,"
38,1,10,Logo,medium,"Logo, Mambasa, Mangala, Mongbwalu, Nizi, Nyankunde, Rimba, Rwampara, Tchomia,"
38,1,10,Mambasa,medium,"Logo, Mambasa, Mangala, Mongbwalu, Nizi, Nyankunde, Rimba, Rwampara, Tchomia,"
38,1,10,Mangala,medium,"Logo, Mambasa, Mangala, Mongbwalu, Nizi, Nyankunde, Rimba, Rwampara, Tchomia,"
38,1,10,Mongbwalu,medium,"Logo, Mambasa, Mangala, Mongbwalu, Nizi, Nyankunde, Rimba, Rwampara, Tchomia,"
38,1,10,Nizi,medium,"Logo, Mambasa, Mangala, Mongbwalu, Nizi, Nyankunde, Rimba, Rwampara, Tchomia,"
38,1,10,Nyankunde,medium,"Logo, Mambasa, Mangala, Mongbwalu, Nizi, Nyankunde, Rimba, Rwampara, Tchomia,"
38,1,10,Rimba,medium,"Logo, Mambasa, Mangala, Mongbwalu, Nizi, Nyankunde, Rimba, Rwampara, Tchomia,"
38,1,10,Rwampara,medium,"Logo, Mambasa, Mangala, Mongbwalu, Nizi, Nyankunde, Rimba, Rwampara, Tchomia,"
38,1,12,Beni,medium,"(34) • Nord-Kivu (11/34) : Beni, Butembo, Goma, Kalunguta, Katwa, Kyondo, Oicha,"
38,1,12,Butembo,medium,"(34) • Nord-Kivu (11/34) : Beni, Butembo, Goma, Kalunguta, Katwa, Kyondo, Oicha,"
38,1,12,Goma,medium,"(34) • Nord-Kivu (11/34) : Beni, Butembo, Goma, Kalunguta, Katwa, Kyondo, Oicha,"
38,1,12,Kalunguta,medium,"(34) • Nord-Kivu (11/34) : Beni, Butembo, Goma, Kalunguta, Katwa, Kyondo, Oicha,"
38,1,12,Katwa,medium,"(34) • Nord-Kivu (11/34) : Beni, Butembo, Goma, Kalunguta, Katwa, Kyondo, Oicha,"
38,1,12,Kyondo,medium,"(34) • Nord-Kivu (11/34) : Beni, Butembo, Goma, Kalunguta, Katwa, Kyondo, Oicha,"
38,1,12,Oicha,medium,"(34) • Nord-Kivu (11/34) : Beni, Butembo, Goma, Kalunguta, Katwa, Kyondo, Oicha,"
38,1,14,Miti-Murhesa,medium,• Sud-Kivu (1/34) : Miti-Murhesa
39,1,9,Aru,medium,"• Ituri (22/36) : Aru, Aungba, Bambu, Bunia, Damas, Drodro, Gety, Kilo, Komanda, Lita,"
39,1,9,Aungba,medium,"• Ituri (22/36) : Aru, Aungba, Bambu, Bunia, Damas, Drodro, Gety, Kilo, Komanda, Lita,"
39,1,9,Bambu,medium,"• Ituri (22/36) : Aru, Aungba, Bambu, Bunia, Damas, Drodro, Gety, Kilo, Komanda, Lita,"
39,1,9,Bunia,medium,"• Ituri (22/36) : Aru, Aungba, Bambu, Bunia, Damas, Drodro, Gety, Kilo, Komanda, Lita,"
39,1,9,Damas,medium,"• Ituri (22/36) : Aru, Aungba, Bambu, Bunia, Damas, Drodro, Gety, Kilo, Komanda, Lita,"
39,1,9,Gety,medium,"• Ituri (22/36) : Aru, Aungba, Bambu, Bunia, Damas, Drodro, Gety, Kilo, Komanda, Lita,"
39,1,9,Kilo,medium,"• Ituri (22/36) : Aru, Aungba, Bambu, Bunia, Damas, Drodro, Gety, Kilo, Komanda, Lita,"
39,1,9,Komanda,medium,"• Ituri (22/36) : Aru, Aungba, Bambu, Bunia, Damas, Drodro, Gety, Kilo, Komanda, Lita,"
39,1,9,Lita,medium,"• Ituri (22/36) : Aru, Aungba, Bambu, Bunia, Damas, Drodro, Gety, Kilo, Komanda, Lita,"
39,1,10,Logo,medium,"Logo, Mambasa, Mangala, Mongbwalu, Nizi, Nyankunde, Rimba, Rwampara, Tchomia,"
39,1,10,Mambasa,medium,"Logo, Mambasa, Mangala, Mongbwalu, Nizi, Nyankunde, Rimba, Rwampara, Tchomia,"
39,1,10,Mangala,medium,"Logo, Mambasa, Mangala, Mongbwalu, Nizi, Nyankunde, Rimba, Rwampara, Tchomia,"
39,1,10,Mongbwalu,medium,"Logo, Mambasa, Mangala, Mongbwalu, Nizi, Nyankunde, Rimba, Rwampara, Tchomia,"
39,1,10,Nizi,medium,"Logo, Mambasa, Mangala, Mongbwalu, Nizi, Nyankunde, Rimba, Rwampara, Tchomia,"
39,1,10,Nyankunde,medium,"Logo, Mambasa, Mangala, Mongbwalu, Nizi, Nyankunde, Rimba, Rwampara, Tchomia,"
39,1,10,Rimba,medium,"Logo, Mambasa, Mangala, Mongbwalu, Nizi, Nyankunde, Rimba, Rwampara, Tchomia,"
39,1,10,Rwampara,medium,"Logo, Mambasa, Mangala, Mongbwalu, Nizi, Nyankunde, Rimba, Rwampara, Tchomia,"
39,1,12,Beni,medium,"(34) • Nord-Kivu (11/34) : Beni, Butembo, Goma, Kalunguta, Katwa, Kyondo, Oicha,"
39,1,12,Butembo,medium,"(34) • Nord-Kivu (11/34) : Beni, Butembo, Goma, Kalunguta, Katwa, Kyondo, Oicha,"
39,1,12,Goma,medium,"(34) • Nord-Kivu (11/34) : Beni, Butembo, Goma, Kalunguta, Katwa, Kyondo, Oicha,"
39,1,12,Kalunguta,medium,"(34) • Nord-Kivu (11/34) : Beni, Butembo, Goma, Kalunguta, Katwa, Kyondo, Oicha,"
39,1,12,Katwa,medium,"(34) • Nord-Kivu (11/34) : Beni, Butembo, Goma, Kalunguta, Katwa, Kyondo, Oicha,"
39,1,12,Kyondo,medium,"(34) • Nord-Kivu (11/34) : Beni, Butembo, Goma, Kalunguta, Katwa, Kyondo, Oicha,"
39,1,12,Oicha,medium,"(34) • Nord-Kivu (11/34) : Beni, Butembo, Goma, Kalunguta, Katwa, Kyondo, Oicha,"
39,1,14,Miti-Murhesa,medium,• Sud-Kivu (1/34) : Miti-Murhesa
40,1,9,Aru,medium," Ituri (22/36) : Aru, Aungba, Bambu, Bunia, Damas, Drodro, Gety, Kilo, Komanda, Lita,"
40,1,9,Aungba,medium," Ituri (22/36) : Aru, Aungba, Bambu, Bunia, Damas, Drodro, Gety, Kilo, Komanda, Lita,"
40,1,9,Bambu,medium," Ituri (22/36) : Aru, Aungba, Bambu, Bunia, Damas, Drodro, Gety, Kilo, Komanda, Lita,"
40,1,9,Bunia,medium," Ituri (22/36) : Aru, Aungba, Bambu, Bunia, Damas, Drodro, Gety, Kilo, Komanda, Lita,"
40,1,9,Damas,medium," Ituri (22/36) : Aru, Aungba, Bambu, Bunia, Damas, Drodro, Gety, Kilo, Komanda, Lita,"
40,1,9,Gety,medium," Ituri (22/36) : Aru, Aungba, Bambu, Bunia, Damas, Drodro, Gety, Kilo, Komanda, Lita,"
40,1,9,Kilo,medium," Ituri (22/36) : Aru, Aungba, Bambu, Bunia, Damas, Drodro, Gety, Kilo, Komanda, Lita,"
40,1,9,Komanda,medium," Ituri (22/36) : Aru, Aungba, Bambu, Bunia, Damas, Drodro, Gety, Kilo, Komanda, Lita,"
40,1,9,Lita,medium," Ituri (22/36) : Aru, Aungba, Bambu, Bunia, Damas, Drodro, Gety, Kilo, Komanda, Lita,"
40,1,10,Logo,medium,"Logo, Mambasa, Mangala, Mongbwalu, Nizi, Nyankunde, Rimba, Rwampara, Tchomia,"
40,1,10,Mambasa,medium,"Logo, Mambasa, Mangala, Mongbwalu, Nizi, Nyankunde, Rimba, Rwampara, Tchomia,"
40,1,10,Mangala,medium,"Logo, Mambasa, Mangala, Mongbwalu, Nizi, Nyankunde, Rimba, Rwampara, Tchomia,"
40,1,10,Mongbwalu,medium,"Logo, Mambasa, Mangala, Mongbwalu, Nizi, Nyankunde, Rimba, Rwampara, Tchomia,"
40,1,10,Nizi,medium,"Logo, Mambasa, Mangala, Mongbwalu, Nizi, Nyankunde, Rimba, Rwampara, Tchomia,"
40,1,10,Nyankunde,medium,"Logo, Mambasa, Mangala, Mongbwalu, Nizi, Nyankunde, Rimba, Rwampara, Tchomia,"
40,1,10,Rimba,medium,"Logo, Mambasa, Mangala, Mongbwalu, Nizi, Nyankunde, Rimba, Rwampara, Tchomia,"
40,1,10,Rwampara,medium,"Logo, Mambasa, Mangala, Mongbwalu, Nizi, Nyankunde, Rimba, Rwampara, Tchomia,"
40,1,12,Beni,medium,"(34)  Nord-Kivu (11/34) : Beni, Butembo, Goma, Kalunguta, Katwa, Kyondo, Oicha,"
40,1,12,Butembo,medium,"(34)  Nord-Kivu (11/34) : Beni, Butembo, Goma, Kalunguta, Katwa, Kyondo, Oicha,"
40,1,12,Goma,medium,"(34)  Nord-Kivu (11/34) : Beni, Butembo, Goma, Kalunguta, Katwa, Kyondo, Oicha,"
40,1,12,Kalunguta,medium,"(34)  Nord-Kivu (11/34) : Beni, Butembo, Goma, Kalunguta, Katwa, Kyondo, Oicha,"
40,1,12,Katwa,medium,"(34)  Nord-Kivu (11/34) : Beni, Butembo, Goma, Kalunguta, Katwa, Kyondo, Oicha,"
40,1,12,Kyondo,medium,"(34)  Nord-Kivu (11/34) : Beni, Butembo, Goma, Kalunguta, Katwa, Kyondo, Oicha,"
40,1,12,Oicha,medium,"(34)  Nord-Kivu (11/34) : Beni, Butembo, Goma, Kalunguta, Katwa, Kyondo, Oicha,"
40,1,14,Miti-Murhesa,medium, Sud-Kivu (1/34) : Miti-Murhesa
