iso3,country,rcc,adm_level,status,api_url,download_url,raw_file,clean_file,n_features,n_columns,geometry_type,crs,error,selected_for_preis
DZA,Algeria,Northern Africa RCC,ADM2,SUCCESS,https://www.geoboundaries.org/api/current/gbOpen/DZA/ADM2,https://github.com/wmgeolab/geoBoundaries/raw/9469f09/releaseData/gbOpen/DZA/ADM2/geoBoundaries-DZA-ADM2.geojson,D:/PREIS_Ebola_Production/data/external/geospatial/geoboundaries/ADM2/DZA_ADM2_geoboundaries_raw.geojson,D:/PREIS_Ebola_Production/data/external/geospatial/geoboundaries/ADM2/DZA_ADM2_geoboundaries_clean.geojson,48,12,POLYGON; MULTIPOLYGON,WGS 84,NA,TRUE
AGO,Angola,Southern Africa RCC,ADM2,SUCCESS,https://www.geoboundaries.org/api/current/gbOpen/AGO/ADM2,https://github.com/wmgeolab/geoBoundaries/raw/9469f09/releaseData/gbOpen/AGO/ADM2/geoBoundaries-AGO-ADM2.geojson,D:/PREIS_Ebola_Production/data/external/geospatial/geoboundaries/ADM2/AGO_ADM2_geoboundaries_raw.geojson,D:/PREIS_Ebola_Production/data/external/geospatial/geoboundaries/ADM2/AGO_ADM2_geoboundaries_clean.geojson,157,12,POLYGON; MULTIPOLYGON,WGS 84,NA,TRUE
BEN,Benin,Western Africa RCC,ADM2,SUCCESS,https://www.geoboundaries.org/api/current/gbOpen/BEN/ADM2,https://github.com/wmgeolab/geoBoundaries/raw/9469f09/releaseData/gbOpen/BEN/ADM2/geoBoundaries-BEN-ADM2.geojson,D:/PREIS_Ebola_Production/data/external/geospatial/geoboundaries/ADM2/BEN_ADM2_geoboundaries_raw.geojson,D:/PREIS_Ebola_Production/data/external/geospatial/geoboundaries/ADM2/BEN_ADM2_geoboundaries_clean.geojson,77,12,POLYGON,WGS 84,NA,TRUE
BWA,Botswana,Southern Africa RCC,ADM2,SUCCESS,https://www.geoboundaries.org/api/current/gbOpen/BWA/ADM2,https://github.com/wmgeolab/geoBoundaries/raw/9469f09/releaseData/gbOpen/BWA/ADM2/geoBoundaries-BWA-ADM2.geojson,D:/PREIS_Ebola_Production/data/external/geospatial/geoboundaries/ADM2/BWA_ADM2_geoboundaries_raw.geojson,D:/PREIS_Ebola_Production/data/external/geospatial/geoboundaries/ADM2/BWA_ADM2_geoboundaries_clean.geojson,25,12,POLYGON,WGS 84,NA,TRUE
BFA,Burkina Faso,Western Africa RCC,ADM2,SUCCESS,https://www.geoboundaries.org/api/current/gbOpen/BFA/ADM2,https://github.com/wmgeolab/geoBoundaries/raw/9469f09/releaseData/gbOpen/BFA/ADM2/geoBoundaries-BFA-ADM2.geojson,D:/PREIS_Ebola_Production/data/external/geospatial/geoboundaries/ADM2/BFA_ADM2_geoboundaries_raw.geojson,D:/PREIS_Ebola_Production/data/external/geospatial/geoboundaries/ADM2/BFA_ADM2_geoboundaries_clean.geojson,45,12,POLYGON,WGS 84,NA,TRUE
BDI,Burundi,Eastern Africa RCC,ADM2,SUCCESS,https://www.geoboundaries.org/api/current/gbOpen/BDI/ADM2,https://github.com/wmgeolab/geoBoundaries/raw/9469f09/releaseData/gbOpen/BDI/ADM2/geoBoundaries-BDI-ADM2.geojson,D:/PREIS_Ebola_Production/data/external/geospatial/geoboundaries/ADM2/BDI_ADM2_geoboundaries_raw.geojson,D:/PREIS_Ebola_Production/data/external/geospatial/geoboundaries/ADM2/BDI_ADM2_geoboundaries_clean.geojson,119,12,POLYGON,WGS 84,NA,TRUE
CPV,Cabo Verde,Western Africa RCC,ADM2,SUCCESS,https://www.geoboundaries.org/api/current/gbOpen/CPV/ADM2,https://github.com/wmgeolab/geoBoundaries/raw/9469f09/releaseData/gbOpen/CPV/ADM2/geoBoundaries-CPV-ADM2.geojson,D:/PREIS_Ebola_Production/data/external/geospatial/geoboundaries/ADM2/CPV_ADM2_geoboundaries_raw.geojson,D:/PREIS_Ebola_Production/data/external/geospatial/geoboundaries/ADM2/CPV_ADM2_geoboundaries_clean.geojson,32,12,POLYGON; MULTIPOLYGON,WGS 84,NA,TRUE
CMR,Cameroon,Central Africa RCC,ADM2,SUCCESS,https://www.geoboundaries.org/api/current/gbOpen/CMR/ADM2,https://github.com/wmgeolab/geoBoundaries/raw/9469f09/releaseData/gbOpen/CMR/ADM2/geoBoundaries-CMR-ADM2.geojson,D:/PREIS_Ebola_Production/data/external/geospatial/geoboundaries/ADM2/CMR_ADM2_geoboundaries_raw.geojson,D:/PREIS_Ebola_Production/data/external/geospatial/geoboundaries/ADM2/CMR_ADM2_geoboundaries_clean.geojson,60,12,POLYGON,WGS 84,NA,TRUE
CAF,Central African Republic,Central Africa RCC,ADM2,SUCCESS,https://www.geoboundaries.org/api/current/gbOpen/CAF/ADM2,https://github.com/wmgeolab/geoBoundaries/raw/9469f09/releaseData/gbOpen/CAF/ADM2/geoBoundaries-CAF-ADM2.geojson,D:/PREIS_Ebola_Production/data/external/geospatial/geoboundaries/ADM2/CAF_ADM2_geoboundaries_raw.geojson,D:/PREIS_Ebola_Production/data/external/geospatial/geoboundaries/ADM2/CAF_ADM2_geoboundaries_clean.geojson,72,12,POLYGON,WGS 84,NA,TRUE
TCD,Chad,Central Africa RCC,ADM2,SUCCESS,https://www.geoboundaries.org/api/current/gbOpen/TCD/ADM2,https://github.com/wmgeolab/geoBoundaries/raw/9469f09/releaseData/gbOpen/TCD/ADM2/geoBoundaries-TCD-ADM2.geojson,D:/PREIS_Ebola_Production/data/external/geospatial/geoboundaries/ADM2/TCD_ADM2_geoboundaries_raw.geojson,D:/PREIS_Ebola_Production/data/external/geospatial/geoboundaries/ADM2/TCD_ADM2_geoboundaries_clean.geojson,70,12,POLYGON,WGS 84,NA,TRUE
COM,Comoros,Eastern Africa RCC,ADM2,SUCCESS,https://www.geoboundaries.org/api/current/gbOpen/COM/ADM2,https://github.com/wmgeolab/geoBoundaries/raw/9469f09/releaseData/gbOpen/COM/ADM2/geoBoundaries-COM-ADM2.geojson,D:/PREIS_Ebola_Production/data/external/geospatial/geoboundaries/ADM2/COM_ADM2_geoboundaries_raw.geojson,D:/PREIS_Ebola_Production/data/external/geospatial/geoboundaries/ADM2/COM_ADM2_geoboundaries_clean.geojson,17,12,POLYGON; MULTIPOLYGON,WGS 84,NA,TRUE
COG,Congo,Central Africa RCC,ADM2,SUCCESS,https://www.geoboundaries.org/api/current/gbOpen/COG/ADM2,https://github.com/wmgeolab/geoBoundaries/raw/9469f09/releaseData/gbOpen/COG/ADM2/geoBoundaries-COG-ADM2.geojson,D:/PREIS_Ebola_Production/data/external/geospatial/geoboundaries/ADM2/COG_ADM2_geoboundaries_raw.geojson,D:/PREIS_Ebola_Production/data/external/geospatial/geoboundaries/ADM2/COG_ADM2_geoboundaries_clean.geojson,46,12,POLYGON,WGS 84,NA,TRUE
CIV,Côte d'Ivoire,Western Africa RCC,ADM2,SUCCESS,https://www.geoboundaries.org/api/current/gbOpen/CIV/ADM2,https://github.com/wmgeolab/geoBoundaries/raw/9469f09/releaseData/gbOpen/CIV/ADM2/geoBoundaries-CIV-ADM2.geojson,D:/PREIS_Ebola_Production/data/external/geospatial/geoboundaries/ADM2/CIV_ADM2_geoboundaries_raw.geojson,D:/PREIS_Ebola_Production/data/external/geospatial/geoboundaries/ADM2/CIV_ADM2_geoboundaries_clean.geojson,33,12,POLYGON; MULTIPOLYGON,WGS 84,NA,TRUE
COD,Democratic Republic of the Congo,Central Africa RCC,ADM2,SUCCESS,https://www.geoboundaries.org/api/current/gbOpen/COD/ADM2,https://github.com/wmgeolab/geoBoundaries/raw/9469f09/releaseData/gbOpen/COD/ADM2/geoBoundaries-COD-ADM2.geojson,D:/PREIS_Ebola_Production/data/external/geospatial/geoboundaries/ADM2/COD_ADM2_geoboundaries_raw.geojson,D:/PREIS_Ebola_Production/data/external/geospatial/geoboundaries/ADM2/COD_ADM2_geoboundaries_clean.geojson,189,12,POLYGON,WGS 84,NA,TRUE
DJI,Djibouti,Eastern Africa RCC,ADM2,SUCCESS,https://www.geoboundaries.org/api/current/gbOpen/DJI/ADM2,https://github.com/wmgeolab/geoBoundaries/raw/9469f09/releaseData/gbOpen/DJI/ADM2/geoBoundaries-DJI-ADM2.geojson,D:/PREIS_Ebola_Production/data/external/geospatial/geoboundaries/ADM2/DJI_ADM2_geoboundaries_raw.geojson,D:/PREIS_Ebola_Production/data/external/geospatial/geoboundaries/ADM2/DJI_ADM2_geoboundaries_clean.geojson,11,12,POLYGON,WGS 84,NA,TRUE
EGY,Egypt,Northern Africa RCC,ADM2,SUCCESS,https://www.geoboundaries.org/api/current/gbOpen/EGY/ADM2,https://github.com/wmgeolab/geoBoundaries/raw/9469f09/releaseData/gbOpen/EGY/ADM2/geoBoundaries-EGY-ADM2.geojson,D:/PREIS_Ebola_Production/data/external/geospatial/geoboundaries/ADM2/EGY_ADM2_geoboundaries_raw.geojson,D:/PREIS_Ebola_Production/data/external/geospatial/geoboundaries/ADM2/EGY_ADM2_geoboundaries_clean.geojson,365,12,POLYGON; MULTIPOLYGON,WGS 84,NA,TRUE
GNQ,Equatorial Guinea,Central Africa RCC,ADM2,SUCCESS,https://www.geoboundaries.org/api/current/gbOpen/GNQ/ADM2,https://github.com/wmgeolab/geoBoundaries/raw/9469f09/releaseData/gbOpen/GNQ/ADM2/geoBoundaries-GNQ-ADM2.geojson,D:/PREIS_Ebola_Production/data/external/geospatial/geoboundaries/ADM2/GNQ_ADM2_geoboundaries_raw.geojson,D:/PREIS_Ebola_Production/data/external/geospatial/geoboundaries/ADM2/GNQ_ADM2_geoboundaries_clean.geojson,28,12,POLYGON; MULTIPOLYGON,WGS 84,NA,TRUE
ERI,Eritrea,Eastern Africa RCC,ADM2,SUCCESS,https://www.geoboundaries.org/api/current/gbOpen/ERI/ADM2,https://github.com/wmgeolab/geoBoundaries/raw/9469f09/releaseData/gbOpen/ERI/ADM2/geoBoundaries-ERI-ADM2.geojson,D:/PREIS_Ebola_Production/data/external/geospatial/geoboundaries/ADM2/ERI_ADM2_geoboundaries_raw.geojson,D:/PREIS_Ebola_Production/data/external/geospatial/geoboundaries/ADM2/ERI_ADM2_geoboundaries_clean.geojson,58,12,POLYGON; MULTIPOLYGON,WGS 84,NA,TRUE
SWZ,Eswatini,Southern Africa RCC,ADM2,SUCCESS,https://www.geoboundaries.org/api/current/gbOpen/SWZ/ADM2,https://github.com/wmgeolab/geoBoundaries/raw/9469f09/releaseData/gbOpen/SWZ/ADM2/geoBoundaries-SWZ-ADM2.geojson,D:/PREIS_Ebola_Production/data/external/geospatial/geoboundaries/ADM2/SWZ_ADM2_geoboundaries_raw.geojson,D:/PREIS_Ebola_Production/data/external/geospatial/geoboundaries/ADM2/SWZ_ADM2_geoboundaries_clean.geojson,53,12,POLYGON,WGS 84,NA,TRUE
ETH,Ethiopia,Eastern Africa RCC,ADM2,SUCCESS,https://www.geoboundaries.org/api/current/gbOpen/ETH/ADM2,https://github.com/wmgeolab/geoBoundaries/raw/9469f09/releaseData/gbOpen/ETH/ADM2/geoBoundaries-ETH-ADM2.geojson,D:/PREIS_Ebola_Production/data/external/geospatial/geoboundaries/ADM2/ETH_ADM2_geoboundaries_raw.geojson,D:/PREIS_Ebola_Production/data/external/geospatial/geoboundaries/ADM2/ETH_ADM2_geoboundaries_clean.geojson,74,12,POLYGON; MULTIPOLYGON,WGS 84,NA,TRUE
GAB,Gabon,Central Africa RCC,ADM2,SUCCESS,https://www.geoboundaries.org/api/current/gbOpen/GAB/ADM2,https://github.com/wmgeolab/geoBoundaries/raw/9469f09/releaseData/gbOpen/GAB/ADM2/geoBoundaries-GAB-ADM2.geojson,D:/PREIS_Ebola_Production/data/external/geospatial/geoboundaries/ADM2/GAB_ADM2_geoboundaries_raw.geojson,D:/PREIS_Ebola_Production/data/external/geospatial/geoboundaries/ADM2/GAB_ADM2_geoboundaries_clean.geojson,49,12,POLYGON; MULTIPOLYGON,WGS 84,NA,TRUE
GMB,Gambia,Western Africa RCC,ADM2,SUCCESS,https://www.geoboundaries.org/api/current/gbOpen/GMB/ADM2,https://github.com/wmgeolab/geoBoundaries/raw/9469f09/releaseData/gbOpen/GMB/ADM2/geoBoundaries-GMB-ADM2.geojson,D:/PREIS_Ebola_Production/data/external/geospatial/geoboundaries/ADM2/GMB_ADM2_geoboundaries_raw.geojson,D:/PREIS_Ebola_Production/data/external/geospatial/geoboundaries/ADM2/GMB_ADM2_geoboundaries_clean.geojson,48,12,POLYGON; MULTIPOLYGON,WGS 84,NA,TRUE
GHA,Ghana,Western Africa RCC,ADM2,SUCCESS,https://www.geoboundaries.org/api/current/gbOpen/GHA/ADM2,https://github.com/wmgeolab/geoBoundaries/raw/9469f09/releaseData/gbOpen/GHA/ADM2/geoBoundaries-GHA-ADM2.geojson,D:/PREIS_Ebola_Production/data/external/geospatial/geoboundaries/ADM2/GHA_ADM2_geoboundaries_raw.geojson,D:/PREIS_Ebola_Production/data/external/geospatial/geoboundaries/ADM2/GHA_ADM2_geoboundaries_clean.geojson,260,12,POLYGON; MULTIPOLYGON,WGS 84,NA,TRUE
GIN,Guinea,Western Africa RCC,ADM2,SUCCESS,https://www.geoboundaries.org/api/current/gbOpen/GIN/ADM2,https://github.com/wmgeolab/geoBoundaries/raw/9469f09/releaseData/gbOpen/GIN/ADM2/geoBoundaries-GIN-ADM2.geojson,D:/PREIS_Ebola_Production/data/external/geospatial/geoboundaries/ADM2/GIN_ADM2_geoboundaries_raw.geojson,D:/PREIS_Ebola_Production/data/external/geospatial/geoboundaries/ADM2/GIN_ADM2_geoboundaries_clean.geojson,34,12,POLYGON; MULTIPOLYGON,WGS 84,NA,TRUE
GNB,Guinea-Bissau,Western Africa RCC,ADM2,SUCCESS,https://www.geoboundaries.org/api/current/gbOpen/GNB/ADM2,https://github.com/wmgeolab/geoBoundaries/raw/9469f09/releaseData/gbOpen/GNB/ADM2/geoBoundaries-GNB-ADM2.geojson,D:/PREIS_Ebola_Production/data/external/geospatial/geoboundaries/ADM2/GNB_ADM2_geoboundaries_raw.geojson,D:/PREIS_Ebola_Production/data/external/geospatial/geoboundaries/ADM2/GNB_ADM2_geoboundaries_clean.geojson,39,12,POLYGON; MULTIPOLYGON,WGS 84,NA,TRUE
KEN,Kenya,Eastern Africa RCC,ADM2,SUCCESS,https://www.geoboundaries.org/api/current/gbOpen/KEN/ADM2,https://github.com/wmgeolab/geoBoundaries/raw/9469f09/releaseData/gbOpen/KEN/ADM2/geoBoundaries-KEN-ADM2.geojson,D:/PREIS_Ebola_Production/data/external/geospatial/geoboundaries/ADM2/KEN_ADM2_geoboundaries_raw.geojson,D:/PREIS_Ebola_Production/data/external/geospatial/geoboundaries/ADM2/KEN_ADM2_geoboundaries_clean.geojson,290,12,POLYGON; MULTIPOLYGON,WGS 84,NA,TRUE
LSO,Lesotho,Southern Africa RCC,ADM2,SUCCESS,https://www.geoboundaries.org/api/current/gbOpen/LSO/ADM2,https://github.com/wmgeolab/geoBoundaries/raw/9469f09/releaseData/gbOpen/LSO/ADM2/geoBoundaries-LSO-ADM2.geojson,D:/PREIS_Ebola_Production/data/external/geospatial/geoboundaries/ADM2/LSO_ADM2_geoboundaries_raw.geojson,D:/PREIS_Ebola_Production/data/external/geospatial/geoboundaries/ADM2/LSO_ADM2_geoboundaries_clean.geojson,78,12,POLYGON,WGS 84,NA,TRUE
LBR,Liberia,Western Africa RCC,ADM2,SUCCESS,https://www.geoboundaries.org/api/current/gbOpen/LBR/ADM2,https://github.com/wmgeolab/geoBoundaries/raw/9469f09/releaseData/gbOpen/LBR/ADM2/geoBoundaries-LBR-ADM2.geojson,D:/PREIS_Ebola_Production/data/external/geospatial/geoboundaries/ADM2/LBR_ADM2_geoboundaries_raw.geojson,D:/PREIS_Ebola_Production/data/external/geospatial/geoboundaries/ADM2/LBR_ADM2_geoboundaries_clean.geojson,136,12,POLYGON; MULTIPOLYGON,WGS 84,NA,TRUE
LBY,Libya,Northern Africa RCC,ADM1,SUCCESS,https://www.geoboundaries.org/api/current/gbOpen/LBY/ADM1,https://github.com/wmgeolab/geoBoundaries/raw/9469f09/releaseData/gbOpen/LBY/ADM1/geoBoundaries-LBY-ADM1.geojson,D:/PREIS_Ebola_Production/data/external/geospatial/geoboundaries/ADM1/LBY_ADM1_geoboundaries_raw.geojson,D:/PREIS_Ebola_Production/data/external/geospatial/geoboundaries/ADM1/LBY_ADM1_geoboundaries_clean.geojson,22,12,POLYGON,WGS 84,NA,TRUE
LBY,Libya,Northern Africa RCC,ADM2,METADATA_FAILED,https://www.geoboundaries.org/api/current/gbOpen/LBY/ADM2,NA,D:/PREIS_Ebola_Production/data/external/geospatial/geoboundaries/ADM2/LBY_ADM2_geoboundaries_raw.geojson,D:/PREIS_Ebola_Production/data/external/geospatial/geoboundaries/ADM2/LBY_ADM2_geoboundaries_clean.geojson,NA,NA,NA,NA,Metadata HTTP status 404,FALSE
MDG,Madagascar,Southern Africa RCC,ADM2,SUCCESS,https://www.geoboundaries.org/api/current/gbOpen/MDG/ADM2,https://github.com/wmgeolab/geoBoundaries/raw/9469f09/releaseData/gbOpen/MDG/ADM2/geoBoundaries-MDG-ADM2.geojson,D:/PREIS_Ebola_Production/data/external/geospatial/geoboundaries/ADM2/MDG_ADM2_geoboundaries_raw.geojson,D:/PREIS_Ebola_Production/data/external/geospatial/geoboundaries/ADM2/MDG_ADM2_geoboundaries_clean.geojson,119,12,POLYGON; MULTIPOLYGON,WGS 84,NA,TRUE
MWI,Malawi,Southern Africa RCC,ADM2,SUCCESS,https://www.geoboundaries.org/api/current/gbOpen/MWI/ADM2,https://github.com/wmgeolab/geoBoundaries/raw/9469f09/releaseData/gbOpen/MWI/ADM2/geoBoundaries-MWI-ADM2.geojson,D:/PREIS_Ebola_Production/data/external/geospatial/geoboundaries/ADM2/MWI_ADM2_geoboundaries_raw.geojson,D:/PREIS_Ebola_Production/data/external/geospatial/geoboundaries/ADM2/MWI_ADM2_geoboundaries_clean.geojson,28,12,POLYGON; MULTIPOLYGON,WGS 84,NA,TRUE
MLI,Mali,Western Africa RCC,ADM2,SUCCESS,https://www.geoboundaries.org/api/current/gbOpen/MLI/ADM2,https://github.com/wmgeolab/geoBoundaries/raw/9469f09/releaseData/gbOpen/MLI/ADM2/geoBoundaries-MLI-ADM2.geojson,D:/PREIS_Ebola_Production/data/external/geospatial/geoboundaries/ADM2/MLI_ADM2_geoboundaries_raw.geojson,D:/PREIS_Ebola_Production/data/external/geospatial/geoboundaries/ADM2/MLI_ADM2_geoboundaries_clean.geojson,50,12,POLYGON,WGS 84,NA,TRUE
MRT,Mauritania,Northern Africa RCC,ADM2,SUCCESS,https://www.geoboundaries.org/api/current/gbOpen/MRT/ADM2,https://github.com/wmgeolab/geoBoundaries/raw/9469f09/releaseData/gbOpen/MRT/ADM2/geoBoundaries-MRT-ADM2.geojson,D:/PREIS_Ebola_Production/data/external/geospatial/geoboundaries/ADM2/MRT_ADM2_geoboundaries_raw.geojson,D:/PREIS_Ebola_Production/data/external/geospatial/geoboundaries/ADM2/MRT_ADM2_geoboundaries_clean.geojson,57,12,POLYGON,WGS 84,NA,TRUE
MAR,Morocco,Northern Africa RCC,ADM2,SUCCESS,https://www.geoboundaries.org/api/current/gbOpen/MAR/ADM2,https://github.com/wmgeolab/geoBoundaries/raw/9469f09/releaseData/gbOpen/MAR/ADM2/geoBoundaries-MAR-ADM2.geojson,D:/PREIS_Ebola_Production/data/external/geospatial/geoboundaries/ADM2/MAR_ADM2_geoboundaries_raw.geojson,D:/PREIS_Ebola_Production/data/external/geospatial/geoboundaries/ADM2/MAR_ADM2_geoboundaries_clean.geojson,75,12,POLYGON; MULTIPOLYGON,WGS 84,NA,TRUE
MOZ,Mozambique,Southern Africa RCC,ADM2,SUCCESS,https://www.geoboundaries.org/api/current/gbOpen/MOZ/ADM2,https://github.com/wmgeolab/geoBoundaries/raw/9469f09/releaseData/gbOpen/MOZ/ADM2/geoBoundaries-MOZ-ADM2.geojson,D:/PREIS_Ebola_Production/data/external/geospatial/geoboundaries/ADM2/MOZ_ADM2_geoboundaries_raw.geojson,D:/PREIS_Ebola_Production/data/external/geospatial/geoboundaries/ADM2/MOZ_ADM2_geoboundaries_clean.geojson,159,12,POLYGON; MULTIPOLYGON,WGS 84,NA,TRUE
NAM,Namibia,Southern Africa RCC,ADM2,SUCCESS,https://www.geoboundaries.org/api/current/gbOpen/NAM/ADM2,https://github.com/wmgeolab/geoBoundaries/raw/9469f09/releaseData/gbOpen/NAM/ADM2/geoBoundaries-NAM-ADM2.geojson,D:/PREIS_Ebola_Production/data/external/geospatial/geoboundaries/ADM2/NAM_ADM2_geoboundaries_raw.geojson,D:/PREIS_Ebola_Production/data/external/geospatial/geoboundaries/ADM2/NAM_ADM2_geoboundaries_clean.geojson,109,12,POLYGON,WGS 84,NA,TRUE
NER,Niger,Western Africa RCC,ADM2,SUCCESS,https://www.geoboundaries.org/api/current/gbOpen/NER/ADM2,https://github.com/wmgeolab/geoBoundaries/raw/9469f09/releaseData/gbOpen/NER/ADM2/geoBoundaries-NER-ADM2.geojson,D:/PREIS_Ebola_Production/data/external/geospatial/geoboundaries/ADM2/NER_ADM2_geoboundaries_raw.geojson,D:/PREIS_Ebola_Production/data/external/geospatial/geoboundaries/ADM2/NER_ADM2_geoboundaries_clean.geojson,67,12,POLYGON; MULTIPOLYGON,WGS 84,NA,TRUE
NGA,Nigeria,Western Africa RCC,ADM2,SUCCESS,https://www.geoboundaries.org/api/current/gbOpen/NGA/ADM2,https://github.com/wmgeolab/geoBoundaries/raw/9469f09/releaseData/gbOpen/NGA/ADM2/geoBoundaries-NGA-ADM2.geojson,D:/PREIS_Ebola_Production/data/external/geospatial/geoboundaries/ADM2/NGA_ADM2_geoboundaries_raw.geojson,D:/PREIS_Ebola_Production/data/external/geospatial/geoboundaries/ADM2/NGA_ADM2_geoboundaries_clean.geojson,774,12,POLYGON; MULTIPOLYGON,WGS 84,NA,TRUE
RWA,Rwanda,Eastern Africa RCC,ADM2,SUCCESS,https://www.geoboundaries.org/api/current/gbOpen/RWA/ADM2,https://github.com/wmgeolab/geoBoundaries/raw/9469f09/releaseData/gbOpen/RWA/ADM2/geoBoundaries-RWA-ADM2.geojson,D:/PREIS_Ebola_Production/data/external/geospatial/geoboundaries/ADM2/RWA_ADM2_geoboundaries_raw.geojson,D:/PREIS_Ebola_Production/data/external/geospatial/geoboundaries/ADM2/RWA_ADM2_geoboundaries_clean.geojson,30,12,POLYGON; MULTIPOLYGON,WGS 84,NA,TRUE
SEN,Senegal,Western Africa RCC,ADM2,SUCCESS,https://www.geoboundaries.org/api/current/gbOpen/SEN/ADM2,https://github.com/wmgeolab/geoBoundaries/raw/9469f09/releaseData/gbOpen/SEN/ADM2/geoBoundaries-SEN-ADM2.geojson,D:/PREIS_Ebola_Production/data/external/geospatial/geoboundaries/ADM2/SEN_ADM2_geoboundaries_raw.geojson,D:/PREIS_Ebola_Production/data/external/geospatial/geoboundaries/ADM2/SEN_ADM2_geoboundaries_clean.geojson,45,12,POLYGON; MULTIPOLYGON,WGS 84,NA,TRUE
SLE,Sierra Leone,Western Africa RCC,ADM2,SUCCESS,https://www.geoboundaries.org/api/current/gbOpen/SLE/ADM2,https://github.com/wmgeolab/geoBoundaries/raw/9469f09/releaseData/gbOpen/SLE/ADM2/geoBoundaries-SLE-ADM2.geojson,D:/PREIS_Ebola_Production/data/external/geospatial/geoboundaries/ADM2/SLE_ADM2_geoboundaries_raw.geojson,D:/PREIS_Ebola_Production/data/external/geospatial/geoboundaries/ADM2/SLE_ADM2_geoboundaries_clean.geojson,14,12,POLYGON; MULTIPOLYGON,WGS 84,NA,TRUE
SOM,Somalia,Eastern Africa RCC,ADM2,SUCCESS,https://www.geoboundaries.org/api/current/gbOpen/SOM/ADM2,https://github.com/wmgeolab/geoBoundaries/raw/9469f09/releaseData/gbOpen/SOM/ADM2/geoBoundaries-SOM-ADM2.geojson,D:/PREIS_Ebola_Production/data/external/geospatial/geoboundaries/ADM2/SOM_ADM2_geoboundaries_raw.geojson,D:/PREIS_Ebola_Production/data/external/geospatial/geoboundaries/ADM2/SOM_ADM2_geoboundaries_clean.geojson,118,12,POLYGON; MULTIPOLYGON,WGS 84,NA,TRUE
ZAF,South Africa,Southern Africa RCC,ADM2,SUCCESS,https://www.geoboundaries.org/api/current/gbOpen/ZAF/ADM2,https://github.com/wmgeolab/geoBoundaries/raw/9469f09/releaseData/gbOpen/ZAF/ADM2/geoBoundaries-ZAF-ADM2.geojson,D:/PREIS_Ebola_Production/data/external/geospatial/geoboundaries/ADM2/ZAF_ADM2_geoboundaries_raw.geojson,D:/PREIS_Ebola_Production/data/external/geospatial/geoboundaries/ADM2/ZAF_ADM2_geoboundaries_clean.geojson,52,12,POLYGON; MULTIPOLYGON,WGS 84,NA,TRUE
SSD,South Sudan,Eastern Africa RCC,ADM2,SUCCESS,https://www.geoboundaries.org/api/current/gbOpen/SSD/ADM2,https://github.com/wmgeolab/geoBoundaries/raw/9469f09/releaseData/gbOpen/SSD/ADM2/geoBoundaries-SSD-ADM2.geojson,D:/PREIS_Ebola_Production/data/external/geospatial/geoboundaries/ADM2/SSD_ADM2_geoboundaries_raw.geojson,D:/PREIS_Ebola_Production/data/external/geospatial/geoboundaries/ADM2/SSD_ADM2_geoboundaries_clean.geojson,78,12,POLYGON,WGS 84,NA,TRUE
SDN,Sudan,Northern Africa RCC,ADM2,SUCCESS,https://www.geoboundaries.org/api/current/gbOpen/SDN/ADM2,https://github.com/wmgeolab/geoBoundaries/raw/9469f09/releaseData/gbOpen/SDN/ADM2/geoBoundaries-SDN-ADM2.geojson,D:/PREIS_Ebola_Production/data/external/geospatial/geoboundaries/ADM2/SDN_ADM2_geoboundaries_raw.geojson,D:/PREIS_Ebola_Production/data/external/geospatial/geoboundaries/ADM2/SDN_ADM2_geoboundaries_clean.geojson,189,12,POLYGON,WGS 84,NA,TRUE
STP,São Tomé and Príncipe,Central Africa RCC,ADM2,SUCCESS,https://www.geoboundaries.org/api/current/gbOpen/STP/ADM2,https://github.com/wmgeolab/geoBoundaries/raw/9469f09/releaseData/gbOpen/STP/ADM2/geoBoundaries-STP-ADM2.geojson,D:/PREIS_Ebola_Production/data/external/geospatial/geoboundaries/ADM2/STP_ADM2_geoboundaries_raw.geojson,D:/PREIS_Ebola_Production/data/external/geospatial/geoboundaries/ADM2/STP_ADM2_geoboundaries_clean.geojson,7,12,POLYGON; MULTIPOLYGON,WGS 84,NA,TRUE
TZA,Tanzania,Eastern Africa RCC,ADM2,SUCCESS,https://www.geoboundaries.org/api/current/gbOpen/TZA/ADM2,https://github.com/wmgeolab/geoBoundaries/raw/9469f09/releaseData/gbOpen/TZA/ADM2/geoBoundaries-TZA-ADM2.geojson,D:/PREIS_Ebola_Production/data/external/geospatial/geoboundaries/ADM2/TZA_ADM2_geoboundaries_raw.geojson,D:/PREIS_Ebola_Production/data/external/geospatial/geoboundaries/ADM2/TZA_ADM2_geoboundaries_clean.geojson,170,12,MULTIPOLYGON; POLYGON,WGS 84,NA,TRUE
TGO,Togo,Western Africa RCC,ADM2,SUCCESS,https://www.geoboundaries.org/api/current/gbOpen/TGO/ADM2,https://github.com/wmgeolab/geoBoundaries/raw/9469f09/releaseData/gbOpen/TGO/ADM2/geoBoundaries-TGO-ADM2.geojson,D:/PREIS_Ebola_Production/data/external/geospatial/geoboundaries/ADM2/TGO_ADM2_geoboundaries_raw.geojson,D:/PREIS_Ebola_Production/data/external/geospatial/geoboundaries/ADM2/TGO_ADM2_geoboundaries_clean.geojson,37,12,POLYGON,WGS 84,NA,TRUE
TUN,Tunisia,Northern Africa RCC,ADM2,SUCCESS,https://www.geoboundaries.org/api/current/gbOpen/TUN/ADM2,https://github.com/wmgeolab/geoBoundaries/raw/9469f09/releaseData/gbOpen/TUN/ADM2/geoBoundaries-TUN-ADM2.geojson,D:/PREIS_Ebola_Production/data/external/geospatial/geoboundaries/ADM2/TUN_ADM2_geoboundaries_raw.geojson,D:/PREIS_Ebola_Production/data/external/geospatial/geoboundaries/ADM2/TUN_ADM2_geoboundaries_clean.geojson,264,12,POLYGON; MULTIPOLYGON,WGS 84,NA,TRUE
UGA,Uganda,Eastern Africa RCC,ADM2,SUCCESS,https://www.geoboundaries.org/api/current/gbOpen/UGA/ADM2,https://github.com/wmgeolab/geoBoundaries/raw/9469f09/releaseData/gbOpen/UGA/ADM2/geoBoundaries-UGA-ADM2.geojson,D:/PREIS_Ebola_Production/data/external/geospatial/geoboundaries/ADM2/UGA_ADM2_geoboundaries_raw.geojson,D:/PREIS_Ebola_Production/data/external/geospatial/geoboundaries/ADM2/UGA_ADM2_geoboundaries_clean.geojson,151,12,POLYGON; MULTIPOLYGON,WGS 84,NA,TRUE
ESH,Western Sahara,Northern Africa RCC,ADM1,METADATA_FAILED,https://www.geoboundaries.org/api/current/gbOpen/ESH/ADM1,NA,D:/PREIS_Ebola_Production/data/external/geospatial/geoboundaries/ADM1/ESH_ADM1_geoboundaries_raw.geojson,D:/PREIS_Ebola_Production/data/external/geospatial/geoboundaries/ADM1/ESH_ADM1_geoboundaries_clean.geojson,NA,NA,NA,NA,Metadata HTTP status 404,FALSE
ESH,Western Sahara,Northern Africa RCC,ADM2,METADATA_FAILED,https://www.geoboundaries.org/api/current/gbOpen/ESH/ADM2,NA,D:/PREIS_Ebola_Production/data/external/geospatial/geoboundaries/ADM2/ESH_ADM2_geoboundaries_raw.geojson,D:/PREIS_Ebola_Production/data/external/geospatial/geoboundaries/ADM2/ESH_ADM2_geoboundaries_clean.geojson,NA,NA,NA,NA,Metadata HTTP status 404,FALSE
ZMB,Zambia,Southern Africa RCC,ADM2,SUCCESS,https://www.geoboundaries.org/api/current/gbOpen/ZMB/ADM2,https://github.com/wmgeolab/geoBoundaries/raw/9469f09/releaseData/gbOpen/ZMB/ADM2/geoBoundaries-ZMB-ADM2.geojson,D:/PREIS_Ebola_Production/data/external/geospatial/geoboundaries/ADM2/ZMB_ADM2_geoboundaries_raw.geojson,D:/PREIS_Ebola_Production/data/external/geospatial/geoboundaries/ADM2/ZMB_ADM2_geoboundaries_clean.geojson,116,12,POLYGON; MULTIPOLYGON,WGS 84,NA,TRUE
ZWE,Zimbabwe,Southern Africa RCC,ADM2,SUCCESS,https://www.geoboundaries.org/api/current/gbOpen/ZWE/ADM2,https://github.com/wmgeolab/geoBoundaries/raw/9469f09/releaseData/gbOpen/ZWE/ADM2/geoBoundaries-ZWE-ADM2.geojson,D:/PREIS_Ebola_Production/data/external/geospatial/geoboundaries/ADM2/ZWE_ADM2_geoboundaries_raw.geojson,D:/PREIS_Ebola_Production/data/external/geospatial/geoboundaries/ADM2/ZWE_ADM2_geoboundaries_clean.geojson,91,12,POLYGON,WGS 84,NA,TRUE
