country,iso3,rcc,facility_name,facility_type,source_osm_type,osm_id,lat,lon,source,match_key_country_facility,name,addr_city,addr_housenumber,addr_street,amenity,barrier,building_material,dispensing,drive_through,email,healthcare,internet_access,name_ar,name_en,name_so,opening_hours,operational_status,operator,operator_short,operator_type,operator_wikidata,operator_wikipedia,phone,url,wheelchair,building,emergency,health_facility_type,healthcare_speciality,name_fr,website,wikidata,wikipedia,addr_city_ar,type,facility_key
Somalia,SOM,Eastern Africa RCC,NA,hospital,points,1104353861,9.5620888,44.0552701,OpenStreetMap via osmdata,somalia | NA,NA,هرجيسا,NA,NA,hospital,NA,NA,NA,NA,NA,hospital,NA,NA,NA,NA,NA,NA,NA,NA,NA,NA,NA,NA,NA,no,NA,NA,NA,NA,NA,NA,NA,NA,NA,NA,NA
Somalia,SOM,Eastern Africa RCC,NA,NA,points,2453819417,8.4829778,47.3576689,OpenStreetMap via osmdata,somalia | NA,NA,NA,NA,NA,NA,NA,NA,NA,NA,NA,NA,NA,NA,NA,NA,NA,NA,NA,NA,NA,NA,NA,NA,NA,NA,NA,NA,NA,NA,NA,NA,NA,NA,NA,NA,NA
Somalia,SOM,Eastern Africa RCC,NA,NA,points,2453819419,8.48305,47.3583258,OpenStreetMap via osmdata,somalia | NA,NA,NA,NA,NA,NA,NA,NA,NA,NA,NA,NA,NA,NA,NA,NA,NA,NA,NA,NA,NA,NA,NA,NA,NA,NA,NA,NA,NA,NA,NA,NA,NA,NA,NA,NA,NA
Somalia,SOM,Eastern Africa RCC,NA,NA,points,2453819420,8.4830676,47.357374,OpenStreetMap via osmdata,somalia | NA,NA,NA,NA,NA,NA,NA,NA,NA,NA,NA,NA,NA,NA,NA,NA,NA,NA,NA,NA,NA,NA,NA,NA,NA,NA,NA,NA,NA,NA,NA,NA,NA,NA,NA,NA,NA
Somalia,SOM,Eastern Africa RCC,NA,NA,points,2453819425,8.4832198,47.357735,OpenStreetMap via osmdata,somalia | NA,NA,NA,NA,NA,NA,NA,NA,NA,NA,NA,NA,NA,NA,NA,NA,NA,NA,NA,NA,NA,NA,NA,NA,NA,NA,NA,NA,NA,NA,NA,NA,NA,NA,NA,NA,NA
Somalia,SOM,Eastern Africa RCC,NA,NA,points,2453819431,8.4833114,47.357442,OpenStreetMap via osmdata,somalia | NA,NA,NA,NA,NA,NA,NA,NA,NA,NA,NA,NA,NA,NA,NA,NA,NA,NA,NA,NA,NA,NA,NA,NA,NA,NA,NA,NA,NA,NA,NA,NA,NA,NA,NA,NA,NA
Somalia,SOM,Eastern Africa RCC,NA,NA,points,2453819445,8.4835446,47.3566126,OpenStreetMap via osmdata,somalia | NA,NA,NA,NA,NA,NA,NA,NA,NA,NA,NA,NA,NA,NA,NA,NA,NA,NA,NA,NA,NA,NA,NA,NA,NA,NA,NA,NA,NA,NA,NA,NA,NA,NA,NA,NA,NA
Somalia,SOM,Eastern Africa RCC,NA,NA,points,2453819465,8.483807,47.3566856,OpenStreetMap via osmdata,somalia | NA,NA,NA,NA,NA,NA,NA,NA,NA,NA,NA,NA,NA,NA,NA,NA,NA,NA,NA,NA,NA,NA,NA,NA,NA,NA,NA,NA,NA,NA,NA,NA,NA,NA,NA,NA,NA
Somalia,SOM,Eastern Africa RCC,NA,NA,points,2453819475,8.4840343,47.3567398,OpenStreetMap via osmdata,somalia | NA,NA,NA,NA,NA,NA,NA,NA,NA,NA,NA,NA,NA,NA,NA,NA,NA,NA,NA,NA,NA,NA,NA,NA,NA,NA,NA,NA,NA,NA,NA,NA,NA,NA,NA,NA,NA
Somalia,SOM,Eastern Africa RCC,NA,NA,points,2453819482,8.484207,47.3585733,OpenStreetMap via osmdata,somalia | NA,NA,NA,NA,NA,NA,NA,NA,NA,NA,NA,NA,NA,NA,NA,NA,NA,NA,NA,NA,NA,NA,NA,NA,NA,NA,NA,NA,NA,NA,NA,NA,NA,NA,NA,NA,NA
Somalia,SOM,Eastern Africa RCC,NA,NA,points,2453819498,8.4843864,47.3573671,OpenStreetMap via osmdata,somalia | NA,NA,NA,NA,NA,NA,NA,NA,NA,NA,NA,NA,NA,NA,NA,NA,NA,NA,NA,NA,NA,NA,NA,NA,NA,NA,NA,NA,NA,NA,NA,NA,NA,NA,NA,NA,NA
Somalia,SOM,Eastern Africa RCC,NA,NA,points,2453819503,8.4844762,47.3568572,OpenStreetMap via osmdata,somalia | NA,NA,NA,NA,NA,NA,NA,NA,NA,NA,NA,NA,NA,NA,NA,NA,NA,NA,NA,NA,NA,NA,NA,NA,NA,NA,NA,NA,NA,NA,NA,NA,NA,NA,NA,NA,NA
Somalia,SOM,Eastern Africa RCC,NA,NA,points,2453819906,8.4833837,47.3571851,OpenStreetMap via osmdata,somalia | NA,NA,NA,NA,NA,NA,gate,NA,NA,NA,NA,NA,NA,NA,NA,NA,NA,NA,NA,NA,NA,NA,NA,NA,NA,NA,NA,NA,NA,NA,NA,NA,NA,NA,NA,NA,NA
Somalia,SOM,Eastern Africa RCC,NA,NA,points,3097662676,9.550455,44.0662814,OpenStreetMap via osmdata,somalia | NA,NA,NA,NA,NA,NA,NA,NA,NA,NA,NA,NA,NA,NA,NA,NA,NA,NA,NA,NA,NA,NA,NA,NA,NA,NA,NA,NA,NA,NA,NA,NA,NA,NA,NA,NA,NA
Somalia,SOM,Eastern Africa RCC,NA,NA,points,3097662679,9.5505175,44.0662549,OpenStreetMap via osmdata,somalia | NA,NA,NA,NA,NA,NA,NA,NA,NA,NA,NA,NA,NA,NA,NA,NA,NA,NA,NA,NA,NA,NA,NA,NA,NA,NA,NA,NA,NA,NA,NA,NA,NA,NA,NA,NA,NA
Somalia,SOM,Eastern Africa RCC,NA,NA,points,3097662687,9.5508161,44.0668921,OpenStreetMap via osmdata,somalia | NA,NA,NA,NA,NA,NA,NA,NA,NA,NA,NA,NA,NA,NA,NA,NA,NA,NA,NA,NA,NA,NA,NA,NA,NA,NA,NA,NA,NA,NA,NA,NA,NA,NA,NA,NA,NA
Somalia,SOM,Eastern Africa RCC,NA,NA,points,3097662692,9.5509845,44.0666614,OpenStreetMap via osmdata,somalia | NA,NA,NA,NA,NA,NA,NA,NA,NA,NA,NA,NA,NA,NA,NA,NA,NA,NA,NA,NA,NA,NA,NA,NA,NA,NA,NA,NA,NA,NA,NA,NA,NA,NA,NA,NA,NA
Somalia,SOM,Eastern Africa RCC,NA,NA,points,3097662694,9.5510461,44.0667802,OpenStreetMap via osmdata,somalia | NA,NA,NA,NA,NA,NA,NA,NA,NA,NA,NA,NA,NA,NA,NA,NA,NA,NA,NA,NA,NA,NA,NA,NA,NA,NA,NA,NA,NA,NA,NA,NA,NA,NA,NA,NA,NA
Somalia,SOM,Eastern Africa RCC,NA,NA,points,3097662696,9.5510683,44.0667684,OpenStreetMap via osmdata,somalia | NA,NA,NA,NA,NA,NA,NA,NA,NA,NA,NA,NA,NA,NA,NA,NA,NA,NA,NA,NA,NA,NA,NA,NA,NA,NA,NA,NA,NA,NA,NA,NA,NA,NA,NA,NA,NA
Somalia,SOM,Eastern Africa RCC,NA,NA,points,3097662701,9.5511358,44.0665807,OpenStreetMap via osmdata,somalia | NA,NA,NA,NA,NA,NA,NA,NA,NA,NA,NA,NA,NA,NA,NA,NA,NA,NA,NA,NA,NA,NA,NA,NA,NA,NA,NA,NA,NA,NA,NA,NA,NA,NA,NA,NA,NA
Somalia,SOM,Eastern Africa RCC,NA,NA,points,3097662702,9.5511463,44.066974,OpenStreetMap via osmdata,somalia | NA,NA,NA,NA,NA,NA,NA,NA,NA,NA,NA,NA,NA,NA,NA,NA,NA,NA,NA,NA,NA,NA,NA,NA,NA,NA,NA,NA,NA,NA,NA,NA,NA,NA,NA,NA,NA
Somalia,SOM,Eastern Africa RCC,NA,NA,points,3097662703,9.5511647,44.066364,OpenStreetMap via osmdata,somalia | NA,NA,NA,NA,NA,NA,NA,NA,NA,NA,NA,NA,NA,NA,NA,NA,NA,NA,NA,NA,NA,NA,NA,NA,NA,NA,NA,NA,NA,NA,NA,NA,NA,NA,NA,NA,NA
Somalia,SOM,Eastern Africa RCC,NA,NA,points,3097662704,9.5511687,44.066962,OpenStreetMap via osmdata,somalia | NA,NA,NA,NA,NA,NA,NA,NA,NA,NA,NA,NA,NA,NA,NA,NA,NA,NA,NA,NA,NA,NA,NA,NA,NA,NA,NA,NA,NA,NA,NA,NA,NA,NA,NA,NA,NA
Somalia,SOM,Eastern Africa RCC,NA,NA,points,3097662705,9.5511738,44.0667203,OpenStreetMap via osmdata,somalia | NA,NA,NA,NA,NA,NA,NA,NA,NA,NA,NA,NA,NA,NA,NA,NA,NA,NA,NA,NA,NA,NA,NA,NA,NA,NA,NA,NA,NA,NA,NA,NA,NA,NA,NA,NA,NA
Somalia,SOM,Eastern Africa RCC,NA,NA,points,3097662706,9.5512007,44.0667059,OpenStreetMap via osmdata,somalia | NA,NA,NA,NA,NA,NA,NA,NA,NA,NA,NA,NA,NA,NA,NA,NA,NA,NA,NA,NA,NA,NA,NA,NA,NA,NA,NA,NA,NA,NA,NA,NA,NA,NA,NA,NA,NA
Somalia,SOM,Eastern Africa RCC,NA,NA,points,3097662707,9.5512061,44.0670893,OpenStreetMap via osmdata,somalia | NA,NA,NA,NA,NA,NA,NA,NA,NA,NA,NA,NA,NA,NA,NA,NA,NA,NA,NA,NA,NA,NA,NA,NA,NA,NA,NA,NA,NA,NA,NA,NA,NA,NA,NA,NA,NA
Somalia,SOM,Eastern Africa RCC,NA,NA,points,3097662709,9.5512626,44.0668916,OpenStreetMap via osmdata,somalia | NA,NA,NA,NA,NA,NA,NA,NA,NA,NA,NA,NA,NA,NA,NA,NA,NA,NA,NA,NA,NA,NA,NA,NA,NA,NA,NA,NA,NA,NA,NA,NA,NA,NA,NA,NA,NA
Somalia,SOM,Eastern Africa RCC,NA,NA,points,3097662710,9.5512806,44.0670496,OpenStreetMap via osmdata,somalia | NA,NA,NA,NA,NA,NA,NA,NA,NA,NA,NA,NA,NA,NA,NA,NA,NA,NA,NA,NA,NA,NA,NA,NA,NA,NA,NA,NA,NA,NA,NA,NA,NA,NA,NA,NA,NA
Somalia,SOM,Eastern Africa RCC,NA,NA,points,3097662711,9.5512924,44.0668757,OpenStreetMap via osmdata,somalia | NA,NA,NA,NA,NA,NA,NA,NA,NA,NA,NA,NA,NA,NA,NA,NA,NA,NA,NA,NA,NA,NA,NA,NA,NA,NA,NA,NA,NA,NA,NA,NA,NA,NA,NA,NA,NA
Somalia,SOM,Eastern Africa RCC,NA,NA,points,3097662713,9.5513063,44.0669026,OpenStreetMap via osmdata,somalia | NA,NA,NA,NA,NA,NA,NA,NA,NA,NA,NA,NA,NA,NA,NA,NA,NA,NA,NA,NA,NA,NA,NA,NA,NA,NA,NA,NA,NA,NA,NA,NA,NA,NA,NA,NA,NA
Somalia,SOM,Eastern Africa RCC,NA,NA,points,3097662714,9.5513115,44.0671092,OpenStreetMap via osmdata,somalia | NA,NA,NA,NA,NA,NA,NA,NA,NA,NA,NA,NA,NA,NA,NA,NA,NA,NA,NA,NA,NA,NA,NA,NA,NA,NA,NA,NA,NA,NA,NA,NA,NA,NA,NA,NA,NA
Somalia,SOM,Eastern Africa RCC,NA,NA,points,3097662722,9.5513832,44.0670509,OpenStreetMap via osmdata,somalia | NA,NA,NA,NA,NA,NA,NA,NA,NA,NA,NA,NA,NA,NA,NA,NA,NA,NA,NA,NA,NA,NA,NA,NA,NA,NA,NA,NA,NA,NA,NA,NA,NA,NA,NA,NA,NA
Somalia,SOM,Eastern Africa RCC,NA,NA,points,3097662724,9.5513914,44.0670666,OpenStreetMap via osmdata,somalia | NA,NA,NA,NA,NA,NA,NA,NA,NA,NA,NA,NA,NA,NA,NA,NA,NA,NA,NA,NA,NA,NA,NA,NA,NA,NA,NA,NA,NA,NA,NA,NA,NA,NA,NA,NA,NA
Somalia,SOM,Eastern Africa RCC,NA,NA,points,3097663236,9.5516058,44.066685,OpenStreetMap via osmdata,somalia | NA,NA,NA,NA,NA,NA,NA,NA,NA,NA,NA,NA,NA,NA,NA,NA,NA,NA,NA,NA,NA,NA,NA,NA,NA,NA,NA,NA,NA,NA,NA,NA,NA,NA,NA,NA,NA
Somalia,SOM,Eastern Africa RCC,NA,NA,points,3097663237,9.5516174,44.067216,OpenStreetMap via osmdata,somalia | NA,NA,NA,NA,NA,NA,NA,NA,NA,NA,NA,NA,NA,NA,NA,NA,NA,NA,NA,NA,NA,NA,NA,NA,NA,NA,NA,NA,NA,NA,NA,NA,NA,NA,NA,NA,NA
Somalia,SOM,Eastern Africa RCC,Bisha Cas الهلال الأحمر,clinic,points,3455527618,9.4055885,45.0636584,OpenStreetMap via osmdata,somalia | bisha cas,Bisha Cas الهلال الأحمر,NA,NA,NA,clinic,NA,NA,NA,NA,NA,clinic,NA,الهلال الأحمر,MCH,Bisha Cas,NA,NA,NA,NA,NA,NA,NA,NA,NA,NA,NA,NA,NA,NA,NA,NA,NA,NA,NA,NA,bisha cas
Somalia,SOM,Eastern Africa RCC,NA,NA,points,3624604954,9.5288506,44.0747839,OpenStreetMap via osmdata,somalia | NA,NA,NA,NA,NA,NA,NA,NA,NA,NA,NA,NA,NA,NA,NA,NA,NA,NA,NA,NA,NA,NA,NA,NA,NA,NA,NA,NA,NA,NA,NA,NA,NA,NA,NA,NA,NA
Somalia,SOM,Eastern Africa RCC,NA,NA,points,3624604955,9.5289777,44.0748226,OpenStreetMap via osmdata,somalia | NA,NA,NA,NA,NA,NA,NA,NA,NA,NA,NA,NA,NA,NA,NA,NA,NA,NA,NA,NA,NA,NA,NA,NA,NA,NA,NA,NA,NA,NA,NA,NA,NA,NA,NA,NA,NA
Somalia,SOM,Eastern Africa RCC,NA,NA,points,3624604959,9.528776,44.0748045,OpenStreetMap via osmdata,somalia | NA,NA,NA,NA,NA,NA,NA,NA,NA,NA,NA,NA,NA,NA,NA,NA,NA,NA,NA,NA,NA,NA,NA,NA,NA,NA,NA,NA,NA,NA,NA,NA,NA,NA,NA,NA,NA
Somalia,SOM,Eastern Africa RCC,NA,NA,points,3624604965,9.5289225,44.0748174,OpenStreetMap via osmdata,somalia | NA,NA,NA,NA,NA,NA,NA,NA,NA,NA,NA,NA,NA,NA,NA,NA,NA,NA,NA,NA,NA,NA,NA,NA,NA,NA,NA,NA,NA,NA,NA,NA,NA,NA,NA,NA,NA
Somalia,SOM,Eastern Africa RCC,NA,NA,points,3624604966,9.5288481,44.0748113,OpenStreetMap via osmdata,somalia | NA,NA,NA,NA,NA,NA,NA,NA,NA,NA,NA,NA,NA,NA,NA,NA,NA,NA,NA,NA,NA,NA,NA,NA,NA,NA,NA,NA,NA,NA,NA,NA,NA,NA,NA,NA,NA
Somalia,SOM,Eastern Africa RCC,NA,NA,points,3624604969,9.528925,44.074790900000004,OpenStreetMap via osmdata,somalia | NA,NA,NA,NA,NA,NA,NA,NA,NA,NA,NA,NA,NA,NA,NA,NA,NA,NA,NA,NA,NA,NA,NA,NA,NA,NA,NA,NA,NA,NA,NA,NA,NA,NA,NA,NA,NA
Somalia,SOM,Eastern Africa RCC,NA,NA,points,3624604973,9.5289557,44.075064,OpenStreetMap via osmdata,somalia | NA,NA,NA,NA,NA,NA,NA,NA,NA,NA,NA,NA,NA,NA,NA,NA,NA,NA,NA,NA,NA,NA,NA,NA,NA,NA,NA,NA,NA,NA,NA,NA,NA,NA,NA,NA,NA
Somalia,SOM,Eastern Africa RCC,NA,NA,points,3624604979,9.528754,44.0750451,OpenStreetMap via osmdata,somalia | NA,NA,NA,NA,NA,NA,NA,NA,NA,NA,NA,NA,NA,NA,NA,NA,NA,NA,NA,NA,NA,NA,NA,NA,NA,NA,NA,NA,NA,NA,NA,NA,NA,NA,NA,NA,NA
Somalia,SOM,Eastern Africa RCC,NA,NA,points,3720067472,9.4085713,45.0642601,OpenStreetMap via osmdata,somalia | NA,NA,NA,NA,NA,NA,NA,NA,NA,NA,NA,NA,NA,NA,NA,NA,NA,NA,NA,NA,NA,NA,NA,NA,NA,NA,NA,NA,NA,NA,NA,NA,NA,NA,NA,NA,NA
Somalia,SOM,Eastern Africa RCC,NA,NA,points,3720067473,9.4084668,45.0642399,OpenStreetMap via osmdata,somalia | NA,NA,NA,NA,NA,NA,NA,NA,NA,NA,NA,NA,NA,NA,NA,NA,NA,NA,NA,NA,NA,NA,NA,NA,NA,NA,NA,NA,NA,NA,NA,NA,NA,NA,NA,NA,NA
Somalia,SOM,Eastern Africa RCC,NA,NA,points,3720067474,9.4084739,45.0641787,OpenStreetMap via osmdata,somalia | NA,NA,NA,NA,NA,NA,NA,NA,NA,NA,NA,NA,NA,NA,NA,NA,NA,NA,NA,NA,NA,NA,NA,NA,NA,NA,NA,NA,NA,NA,NA,NA,NA,NA,NA,NA,NA
Somalia,SOM,Eastern Africa RCC,NA,NA,points,3720067475,9.4081393,45.0640767,OpenStreetMap via osmdata,somalia | NA,NA,NA,NA,NA,NA,NA,NA,NA,NA,NA,NA,NA,NA,NA,NA,NA,NA,NA,NA,NA,NA,NA,NA,NA,NA,NA,NA,NA,NA,NA,NA,NA,NA,NA,NA,NA
Somalia,SOM,Eastern Africa RCC,NA,NA,points,3720067477,9.4080738,45.0641461,OpenStreetMap via osmdata,somalia | NA,NA,NA,NA,NA,NA,NA,NA,NA,NA,NA,NA,NA,NA,NA,NA,NA,NA,NA,NA,NA,NA,NA,NA,NA,NA,NA,NA,NA,NA,NA,NA,NA,NA,NA,NA,NA
Somalia,SOM,Eastern Africa RCC,NA,NA,points,3720067478,9.4080619,45.064193,OpenStreetMap via osmdata,somalia | NA,NA,NA,NA,NA,NA,NA,NA,NA,NA,NA,NA,NA,NA,NA,NA,NA,NA,NA,NA,NA,NA,NA,NA,NA,NA,NA,NA,NA,NA,NA,NA,NA,NA,NA,NA,NA
Somalia,SOM,Eastern Africa RCC,NA,NA,points,3720067479,9.4080156,45.0641876,OpenStreetMap via osmdata,somalia | NA,NA,NA,NA,NA,NA,NA,NA,NA,NA,NA,NA,NA,NA,NA,NA,NA,NA,NA,NA,NA,NA,NA,NA,NA,NA,NA,NA,NA,NA,NA,NA,NA,NA,NA,NA,NA
Somalia,SOM,Eastern Africa RCC,NA,NA,points,3720067480,9.4079614,45.0646074,OpenStreetMap via osmdata,somalia | NA,NA,NA,NA,NA,NA,NA,NA,NA,NA,NA,NA,NA,NA,NA,NA,NA,NA,NA,NA,NA,NA,NA,NA,NA,NA,NA,NA,NA,NA,NA,NA,NA,NA,NA,NA,NA
Somalia,SOM,Eastern Africa RCC,NA,NA,points,3720067481,9.4085303,45.0646664,OpenStreetMap via osmdata,somalia | NA,NA,NA,NA,NA,NA,NA,NA,NA,NA,NA,NA,NA,NA,NA,NA,NA,NA,NA,NA,NA,NA,NA,NA,NA,NA,NA,NA,NA,NA,NA,NA,NA,NA,NA,NA,NA
Somalia,SOM,Eastern Africa RCC,NA,NA,points,3720067500,9.4081347,45.0641581,OpenStreetMap via osmdata,somalia | NA,NA,NA,NA,NA,NA,NA,NA,NA,NA,NA,NA,NA,NA,NA,NA,NA,NA,NA,NA,NA,NA,NA,NA,NA,NA,NA,NA,NA,NA,NA,NA,NA,NA,NA,NA,NA
Somalia,SOM,Eastern Africa RCC,NA,NA,points,4296506380,9.5290396,44.0747768,OpenStreetMap via osmdata,somalia | NA,NA,NA,NA,NA,NA,NA,NA,NA,NA,NA,NA,NA,NA,NA,NA,NA,NA,NA,NA,NA,NA,NA,NA,NA,NA,NA,NA,NA,NA,NA,NA,NA,NA,NA,NA,NA
Somalia,SOM,Eastern Africa RCC,NA,NA,points,4296506381,9.5291208,44.0747793,OpenStreetMap via osmdata,somalia | NA,NA,NA,NA,NA,NA,NA,NA,NA,NA,NA,NA,NA,NA,NA,NA,NA,NA,NA,NA,NA,NA,NA,NA,NA,NA,NA,NA,NA,NA,NA,NA,NA,NA,NA,NA,NA
Somalia,SOM,Eastern Africa RCC,NA,NA,points,4296506382,9.5291033,44.0753825,OpenStreetMap via osmdata,somalia | NA,NA,NA,NA,NA,NA,NA,NA,NA,NA,NA,NA,NA,NA,NA,NA,NA,NA,NA,NA,NA,NA,NA,NA,NA,NA,NA,NA,NA,NA,NA,NA,NA,NA,NA,NA,NA
Somalia,SOM,Eastern Africa RCC,NA,NA,points,4296506383,9.5285254,44.0753653,OpenStreetMap via osmdata,somalia | NA,NA,NA,NA,NA,NA,NA,NA,NA,NA,NA,NA,NA,NA,NA,NA,NA,NA,NA,NA,NA,NA,NA,NA,NA,NA,NA,NA,NA,NA,NA,NA,NA,NA,NA,NA,NA
Somalia,SOM,Eastern Africa RCC,NA,NA,points,4296506384,9.5285429,44.074762,OpenStreetMap via osmdata,somalia | NA,NA,NA,NA,NA,NA,NA,NA,NA,NA,NA,NA,NA,NA,NA,NA,NA,NA,NA,NA,NA,NA,NA,NA,NA,NA,NA,NA,NA,NA,NA,NA,NA,NA,NA,NA,NA
Somalia,SOM,Eastern Africa RCC,NA,NA,points,4296506385,9.5287232,44.0747674,OpenStreetMap via osmdata,somalia | NA,NA,NA,NA,NA,NA,NA,NA,NA,NA,NA,NA,NA,NA,NA,NA,NA,NA,NA,NA,NA,NA,NA,NA,NA,NA,NA,NA,NA,NA,NA,NA,NA,NA,NA,NA,NA
Somalia,SOM,Eastern Africa RCC,NA,NA,points,4463164565,9.5599545,44.0617915,OpenStreetMap via osmdata,somalia | NA,NA,NA,NA,NA,NA,NA,NA,NA,NA,NA,NA,NA,NA,NA,NA,NA,NA,NA,NA,NA,NA,NA,NA,NA,NA,NA,NA,NA,NA,NA,NA,NA,NA,NA,NA,NA
Somalia,SOM,Eastern Africa RCC,NA,NA,points,4463164566,9.5599673,44.0618362,OpenStreetMap via osmdata,somalia | NA,NA,NA,NA,NA,NA,NA,NA,NA,NA,NA,NA,NA,NA,NA,NA,NA,NA,NA,NA,NA,NA,NA,NA,NA,NA,NA,NA,NA,NA,NA,NA,NA,NA,NA,NA,NA
Somalia,SOM,Eastern Africa RCC,NA,NA,points,4463164567,9.5595482,44.0619654,OpenStreetMap via osmdata,somalia | NA,NA,NA,NA,NA,NA,NA,NA,NA,NA,NA,NA,NA,NA,NA,NA,NA,NA,NA,NA,NA,NA,NA,NA,NA,NA,NA,NA,NA,NA,NA,NA,NA,NA,NA,NA,NA
Somalia,SOM,Eastern Africa RCC,NA,NA,points,4463164568,9.5597128,44.0617521,OpenStreetMap via osmdata,somalia | NA,NA,NA,NA,NA,NA,NA,NA,NA,NA,NA,NA,NA,NA,NA,NA,NA,NA,NA,NA,NA,NA,NA,NA,NA,NA,NA,NA,NA,NA,NA,NA,NA,NA,NA,NA,NA
Somalia,SOM,Eastern Africa RCC,NA,NA,points,4463164569,9.5598351,44.0617127,OpenStreetMap via osmdata,somalia | NA,NA,NA,NA,NA,NA,NA,NA,NA,NA,NA,NA,NA,NA,NA,NA,NA,NA,NA,NA,NA,NA,NA,NA,NA,NA,NA,NA,NA,NA,NA,NA,NA,NA,NA,NA,NA
Somalia,SOM,Eastern Africa RCC,NA,NA,points,4463164570,9.5599226,44.0616811,OpenStreetMap via osmdata,somalia | NA,NA,NA,NA,NA,NA,NA,NA,NA,NA,NA,NA,NA,NA,NA,NA,NA,NA,NA,NA,NA,NA,NA,NA,NA,NA,NA,NA,NA,NA,NA,NA,NA,NA,NA,NA,NA
Somalia,SOM,Eastern Africa RCC,NA,dentist,points,4595635191,9.5771765,44.0619178,OpenStreetMap via osmdata,somalia | NA,NA,NA,NA,NA,dentist,NA,NA,NA,NA,NA,NA,NA,NA,Abokor artan,NA,NA,NA,NA,NA,NA,NA,NA,NA,NA,NA,NA,NA,NA,NA,NA,NA,NA,NA,NA,NA,NA
Somalia,SOM,Eastern Africa RCC,NA,NA,points,4715776390,9.5516408,44.0666264,OpenStreetMap via osmdata,somalia | NA,NA,NA,NA,NA,NA,NA,NA,NA,NA,NA,NA,NA,NA,NA,NA,NA,NA,NA,NA,NA,NA,NA,NA,NA,NA,NA,NA,NA,NA,NA,NA,NA,NA,NA,NA,NA
Somalia,SOM,Eastern Africa RCC,p/p GARGAAR HOSPITAL,hospital,points,4997437522,9.5596589,44.0620784,OpenStreetMap via osmdata,somalia | p p gargaar hospital,p/p GARGAAR HOSPITAL,NA,NA,NA,hospital,NA,NA,NA,NA,NA,hospital,NA,NA,NA,NA,NA,NA,NA,NA,NA,NA,NA,NA,NA,NA,NA,NA,NA,NA,NA,NA,NA,NA,NA,NA,p p gargaar hospital
Somalia,SOM,Eastern Africa RCC,NA,NA,points,5702949954,10.4396751,45.0126772,OpenStreetMap via osmdata,somalia | NA,NA,NA,NA,NA,NA,NA,NA,NA,NA,NA,NA,NA,NA,NA,NA,NA,NA,NA,NA,NA,NA,NA,NA,NA,NA,NA,NA,NA,NA,NA,NA,NA,NA,NA,NA,NA
Somalia,SOM,Eastern Africa RCC,NA,NA,points,5843385585,9.5646825,44.0598324,OpenStreetMap via osmdata,somalia | NA,NA,NA,NA,NA,NA,NA,NA,NA,NA,NA,NA,NA,NA,NA,NA,NA,NA,NA,NA,NA,NA,NA,NA,NA,NA,NA,NA,NA,NA,NA,NA,NA,NA,NA,NA,NA
Somalia,SOM,Eastern Africa RCC,NA,NA,points,5857136085,9.5659854,44.0608051,OpenStreetMap via osmdata,somalia | NA,NA,NA,NA,NA,NA,NA,NA,NA,NA,NA,NA,NA,NA,NA,NA,NA,NA,NA,NA,NA,NA,NA,NA,NA,NA,NA,NA,NA,NA,NA,NA,NA,NA,NA,NA,NA
Somalia,SOM,Eastern Africa RCC,Hargeisa Care Clinic,clinic,points,5954605612,9.5424107,44.0511069,OpenStreetMap via osmdata,somalia | hargeisa care clinic,Hargeisa Care Clinic,NA,NA,NA,clinic,NA,NA,NA,NA,NA,NA,NA,NA,NA,NA,NA,NA,NA,NA,NA,NA,NA,NA,NA,NA,NA,NA,NA,NA,NA,NA,NA,NA,NA,NA,hargeisa care clinic
Somalia,SOM,Eastern Africa RCC,NA,pharmacy,points,6166824485,9.5265901,45.5389694,OpenStreetMap via osmdata,somalia | NA,NA,NA,NA,NA,pharmacy,NA,NA,NA,NA,NA,NA,NA,NA,NA,NA,NA,NA,NA,NA,NA,NA,NA,0634439891,NA,NA,NA,NA,NA,NA,NA,NA,NA,NA,NA,NA,NA
Somalia,SOM,Eastern Africa RCC,NA,clinic,points,6166824486,9.5130191,45.5443663,OpenStreetMap via osmdata,somalia | NA,NA,NA,NA,wadada October,clinic,NA,NA,NA,NA,NA,NA,NA,NA,xananada tuwali,NA,NA,NA,NA,NA,NA,NA,NA,NA,NA,NA,NA,NA,NA,NA,NA,NA,NA,NA,NA,NA,NA
Somalia,SOM,Eastern Africa RCC,Mansha Allah pharmacy,pharmacy,points,6166837385,9.5279781,45.5357067,OpenStreetMap via osmdata,somalia | mansha allah pharmacy,Mansha Allah pharmacy,NA,NA,NA,pharmacy,NA,NA,NA,NA,NA,NA,NA,NA,NA,NA,NA,NA,NA,NA,NA,NA,NA,NA,NA,NA,NA,NA,NA,NA,NA,NA,NA,NA,NA,NA,mansha allah pharmacy
Somalia,SOM,Eastern Africa RCC,MSF Somalia,clinic,points,6503396585,9.5219889,44.0684782,OpenStreetMap via osmdata,somalia | msf somalia,MSF Somalia,NA,NA,NA,clinic,NA,NA,NA,NA,NA,clinic,NA,NA,NA,NA,NA,NA,Médecins sans frontières,MSF,ngo,Q49330,en:Médecins Sans Frontières,NA,NA,NA,NA,NA,NA,NA,NA,NA,NA,NA,NA,NA,msf somalia
Somalia,SOM,Eastern Africa RCC,NA,NA,points,6832035889,9.5601617,44.0552447,OpenStreetMap via osmdata,somalia | NA,NA,NA,NA,NA,NA,NA,NA,NA,NA,NA,NA,NA,NA,NA,NA,NA,NA,NA,NA,NA,NA,NA,NA,NA,NA,NA,NA,NA,NA,NA,NA,NA,NA,NA,NA,NA
Somalia,SOM,Eastern Africa RCC,NA,NA,points,7396975961,9.5647017,44.0599287,OpenStreetMap via osmdata,somalia | NA,NA,NA,NA,NA,NA,NA,NA,NA,NA,NA,NA,NA,NA,NA,NA,NA,NA,NA,NA,NA,NA,NA,NA,NA,NA,NA,NA,NA,NA,NA,NA,NA,NA,NA,NA,NA
Somalia,SOM,Eastern Africa RCC,NA,NA,points,7396975962,9.5646829,44.0599325,OpenStreetMap via osmdata,somalia | NA,NA,NA,NA,NA,NA,NA,NA,NA,NA,NA,NA,NA,NA,NA,NA,NA,NA,NA,NA,NA,NA,NA,NA,NA,NA,NA,NA,NA,NA,NA,NA,NA,NA,NA,NA,NA
Somalia,SOM,Eastern Africa RCC,NA,NA,points,7396975963,9.564736,44.0602043,OpenStreetMap via osmdata,somalia | NA,NA,NA,NA,NA,NA,NA,NA,NA,NA,NA,NA,NA,NA,NA,NA,NA,NA,NA,NA,NA,NA,NA,NA,NA,NA,NA,NA,NA,NA,NA,NA,NA,NA,NA,NA,NA
Somalia,SOM,Eastern Africa RCC,NA,NA,points,7396975964,9.5647196,44.0602218,OpenStreetMap via osmdata,somalia | NA,NA,NA,NA,NA,NA,NA,NA,NA,NA,NA,NA,NA,NA,NA,NA,NA,NA,NA,NA,NA,NA,NA,NA,NA,NA,NA,NA,NA,NA,NA,NA,NA,NA,NA,NA,NA
Somalia,SOM,Eastern Africa RCC,NA,NA,points,7396975965,9.5644523,44.060281,OpenStreetMap via osmdata,somalia | NA,NA,NA,NA,NA,NA,NA,NA,NA,NA,NA,NA,NA,NA,NA,NA,NA,NA,NA,NA,NA,NA,NA,NA,NA,NA,NA,NA,NA,NA,NA,NA,NA,NA,NA,NA,NA
Somalia,SOM,Eastern Africa RCC,NA,NA,points,7396975966,9.5643827,44.0598865,OpenStreetMap via osmdata,somalia | NA,NA,NA,NA,NA,NA,NA,NA,NA,NA,NA,NA,NA,NA,NA,NA,NA,NA,NA,NA,NA,NA,NA,NA,NA,NA,NA,NA,NA,NA,NA,NA,NA,NA,NA,NA,NA
Somalia,SOM,Eastern Africa RCC,NA,NA,points,7396975967,9.5645787,44.0598464,OpenStreetMap via osmdata,somalia | NA,NA,NA,NA,NA,NA,NA,NA,NA,NA,NA,NA,NA,NA,NA,NA,NA,NA,NA,NA,NA,NA,NA,NA,NA,NA,NA,NA,NA,NA,NA,NA,NA,NA,NA,NA,NA
Somalia,SOM,Eastern Africa RCC,NA,NA,points,7396975968,9.56458,44.0598533,OpenStreetMap via osmdata,somalia | NA,NA,NA,NA,NA,NA,NA,NA,NA,NA,NA,NA,NA,NA,NA,NA,NA,NA,NA,NA,NA,NA,NA,NA,NA,NA,NA,NA,NA,NA,NA,NA,NA,NA,NA,NA,NA
Somalia,SOM,Eastern Africa RCC,NA,NA,points,7396978701,10.4401453,45.0131434,OpenStreetMap via osmdata,somalia | NA,NA,NA,NA,NA,NA,NA,NA,NA,NA,NA,NA,NA,NA,NA,NA,NA,NA,NA,NA,NA,NA,NA,NA,NA,NA,NA,NA,NA,NA,NA,NA,NA,NA,NA,NA,NA
Somalia,SOM,Eastern Africa RCC,NA,NA,points,7396978702,10.4398129,45.01349,OpenStreetMap via osmdata,somalia | NA,NA,NA,NA,NA,NA,NA,NA,NA,NA,NA,NA,NA,NA,NA,NA,NA,NA,NA,NA,NA,NA,NA,NA,NA,NA,NA,NA,NA,NA,NA,NA,NA,NA,NA,NA,NA
Somalia,SOM,Eastern Africa RCC,NA,NA,points,7396978703,10.439781,45.0134584,OpenStreetMap via osmdata,somalia | NA,NA,NA,NA,NA,NA,NA,NA,NA,NA,NA,NA,NA,NA,NA,NA,NA,NA,NA,NA,NA,NA,NA,NA,NA,NA,NA,NA,NA,NA,NA,NA,NA,NA,NA,NA,NA
Somalia,SOM,Eastern Africa RCC,NA,NA,points,7396978704,10.4397305,45.0135111,OpenStreetMap via osmdata,somalia | NA,NA,NA,NA,NA,NA,NA,NA,NA,NA,NA,NA,NA,NA,NA,NA,NA,NA,NA,NA,NA,NA,NA,NA,NA,NA,NA,NA,NA,NA,NA,NA,NA,NA,NA,NA,NA
Somalia,SOM,Eastern Africa RCC,NA,NA,points,7396978705,10.4397003,45.0134811,OpenStreetMap via osmdata,somalia | NA,NA,NA,NA,NA,NA,NA,NA,NA,NA,NA,NA,NA,NA,NA,NA,NA,NA,NA,NA,NA,NA,NA,NA,NA,NA,NA,NA,NA,NA,NA,NA,NA,NA,NA,NA,NA
Somalia,SOM,Eastern Africa RCC,NA,NA,points,7396978706,10.4395822,45.0136043,OpenStreetMap via osmdata,somalia | NA,NA,NA,NA,NA,NA,NA,NA,NA,NA,NA,NA,NA,NA,NA,NA,NA,NA,NA,NA,NA,NA,NA,NA,NA,NA,NA,NA,NA,NA,NA,NA,NA,NA,NA,NA,NA
Somalia,SOM,Eastern Africa RCC,NA,NA,points,7396978707,10.4391985,45.0132238,OpenStreetMap via osmdata,somalia | NA,NA,NA,NA,NA,NA,NA,NA,NA,NA,NA,NA,NA,NA,NA,NA,NA,NA,NA,NA,NA,NA,NA,NA,NA,NA,NA,NA,NA,NA,NA,NA,NA,NA,NA,NA,NA
Somalia,SOM,Eastern Africa RCC,NA,NA,points,7396978708,10.4396099,45.0127947,OpenStreetMap via osmdata,somalia | NA,NA,NA,NA,NA,NA,NA,NA,NA,NA,NA,NA,NA,NA,NA,NA,NA,NA,NA,NA,NA,NA,NA,NA,NA,NA,NA,NA,NA,NA,NA,NA,NA,NA,NA,NA,NA
Somalia,SOM,Eastern Africa RCC,NA,NA,points,7396978709,10.4395856,45.0127706,OpenStreetMap via osmdata,somalia | NA,NA,NA,NA,NA,NA,NA,NA,NA,NA,NA,NA,NA,NA,NA,NA,NA,NA,NA,NA,NA,NA,NA,NA,NA,NA,NA,NA,NA,NA,NA,NA,NA,NA,NA,NA,NA
Somalia,SOM,Eastern Africa RCC,NA,NA,points,7396992987,9.5516329,44.0671494,OpenStreetMap via osmdata,somalia | NA,NA,NA,NA,NA,NA,NA,NA,NA,NA,NA,NA,NA,NA,NA,NA,NA,NA,NA,NA,NA,NA,NA,NA,NA,NA,NA,NA,NA,NA,NA,NA,NA,NA,NA,NA,NA
Somalia,SOM,Eastern Africa RCC,NA,NA,points,7396992988,9.5515681,44.0672339,OpenStreetMap via osmdata,somalia | NA,NA,NA,NA,NA,NA,NA,NA,NA,NA,NA,NA,NA,NA,NA,NA,NA,NA,NA,NA,NA,NA,NA,NA,NA,NA,NA,NA,NA,NA,NA,NA,NA,NA,NA,NA,NA
Somalia,SOM,Eastern Africa RCC,NA,NA,points,7396992989,9.551072,44.0674287,OpenStreetMap via osmdata,somalia | NA,NA,NA,NA,NA,NA,NA,NA,NA,NA,NA,NA,NA,NA,NA,NA,NA,NA,NA,NA,NA,NA,NA,NA,NA,NA,NA,NA,NA,NA,NA,NA,NA,NA,NA,NA,NA
Somalia,SOM,Eastern Africa RCC,NA,NA,points,7396992990,9.5509147,44.0671145,OpenStreetMap via osmdata,somalia | NA,NA,NA,NA,NA,NA,NA,NA,NA,NA,NA,NA,NA,NA,NA,NA,NA,NA,NA,NA,NA,NA,NA,NA,NA,NA,NA,NA,NA,NA,NA,NA,NA,NA,NA,NA,NA
Somalia,SOM,Eastern Africa RCC,NA,NA,points,7396992991,9.5509227,44.0670864,OpenStreetMap via osmdata,somalia | NA,NA,NA,NA,NA,NA,NA,NA,NA,NA,NA,NA,NA,NA,NA,NA,NA,NA,NA,NA,NA,NA,NA,NA,NA,NA,NA,NA,NA,NA,NA,NA,NA,NA,NA,NA,NA
Somalia,SOM,Eastern Africa RCC,NA,NA,points,7396992992,9.5508719,44.0668624,OpenStreetMap via osmdata,somalia | NA,NA,NA,NA,NA,NA,NA,NA,NA,NA,NA,NA,NA,NA,NA,NA,NA,NA,NA,NA,NA,NA,NA,NA,NA,NA,NA,NA,NA,NA,NA,NA,NA,NA,NA,NA,NA
Somalia,SOM,Eastern Africa RCC,NA,NA,points,7396992993,9.5507137,44.0665714,OpenStreetMap via osmdata,somalia | NA,NA,NA,NA,NA,NA,NA,NA,NA,NA,NA,NA,NA,NA,NA,NA,NA,NA,NA,NA,NA,NA,NA,NA,NA,NA,NA,NA,NA,NA,NA,NA,NA,NA,NA,NA,NA
Somalia,SOM,Eastern Africa RCC,NA,NA,points,7396992994,9.5506461,44.0666124,OpenStreetMap via osmdata,somalia | NA,NA,NA,NA,NA,NA,NA,NA,NA,NA,NA,NA,NA,NA,NA,NA,NA,NA,NA,NA,NA,NA,NA,NA,NA,NA,NA,NA,NA,NA,NA,NA,NA,NA,NA,NA,NA
Somalia,SOM,Eastern Africa RCC,NA,NA,points,7396992995,9.5504705,44.0662748,OpenStreetMap via osmdata,somalia | NA,NA,NA,NA,NA,NA,NA,NA,NA,NA,NA,NA,NA,NA,NA,NA,NA,NA,NA,NA,NA,NA,NA,NA,NA,NA,NA,NA,NA,NA,NA,NA,NA,NA,NA,NA,NA
Somalia,SOM,Eastern Africa RCC,NA,NA,points,7396992996,9.5511581,44.0663487,OpenStreetMap via osmdata,somalia | NA,NA,NA,NA,NA,NA,NA,NA,NA,NA,NA,NA,NA,NA,NA,NA,NA,NA,NA,NA,NA,NA,NA,NA,NA,NA,NA,NA,NA,NA,NA,NA,NA,NA,NA,NA,NA
Somalia,SOM,Eastern Africa RCC,NA,NA,points,7396992997,9.551371,44.0664574,OpenStreetMap via osmdata,somalia | NA,NA,NA,NA,NA,NA,NA,NA,NA,NA,NA,NA,NA,NA,NA,NA,NA,NA,NA,NA,NA,NA,NA,NA,NA,NA,NA,NA,NA,NA,NA,NA,NA,NA,NA,NA,NA
Somalia,SOM,Eastern Africa RCC,NA,NA,points,7396992998,9.5513657,44.0664708,OpenStreetMap via osmdata,somalia | NA,NA,NA,NA,NA,NA,NA,NA,NA,NA,NA,NA,NA,NA,NA,NA,NA,NA,NA,NA,NA,NA,NA,NA,NA,NA,NA,NA,NA,NA,NA,NA,NA,NA,NA,NA,NA
Somalia,SOM,Eastern Africa RCC,NA,NA,points,7397008159,9.5659835,44.0611308,OpenStreetMap via osmdata,somalia | NA,NA,NA,NA,NA,NA,NA,NA,NA,NA,NA,NA,NA,NA,NA,NA,NA,NA,NA,NA,NA,NA,NA,NA,NA,NA,NA,NA,NA,NA,NA,NA,NA,NA,NA,NA,NA
Somalia,SOM,Eastern Africa RCC,NA,NA,points,7397008160,9.5656199,44.0611287,OpenStreetMap via osmdata,somalia | NA,NA,NA,NA,NA,NA,NA,NA,NA,NA,NA,NA,NA,NA,NA,NA,NA,NA,NA,NA,NA,NA,NA,NA,NA,NA,NA,NA,NA,NA,NA,NA,NA,NA,NA,NA,NA
Somalia,SOM,Eastern Africa RCC,NA,NA,points,7397008161,9.5656218,44.0608029,OpenStreetMap via osmdata,somalia | NA,NA,NA,NA,NA,NA,NA,NA,NA,NA,NA,NA,NA,NA,NA,NA,NA,NA,NA,NA,NA,NA,NA,NA,NA,NA,NA,NA,NA,NA,NA,NA,NA,NA,NA,NA,NA
Somalia,SOM,Eastern Africa RCC,NA,NA,points,7397059867,9.5601768,44.0553222,OpenStreetMap via osmdata,somalia | NA,NA,NA,NA,NA,NA,NA,NA,NA,NA,NA,NA,NA,NA,NA,NA,NA,NA,NA,NA,NA,NA,NA,NA,NA,NA,NA,NA,NA,NA,NA,NA,NA,NA,NA,NA,NA
Somalia,SOM,Eastern Africa RCC,NA,NA,points,7397059868,9.5603038,44.0553665,OpenStreetMap via osmdata,somalia | NA,NA,NA,NA,NA,NA,NA,NA,NA,NA,NA,NA,NA,NA,NA,NA,NA,NA,NA,NA,NA,NA,NA,NA,NA,NA,NA,NA,NA,NA,NA,NA,NA,NA,NA,NA,NA
Somalia,SOM,Eastern Africa RCC,NA,NA,points,7397059869,9.560327,44.0554854,OpenStreetMap via osmdata,somalia | NA,NA,NA,NA,NA,NA,NA,NA,NA,NA,NA,NA,NA,NA,NA,NA,NA,NA,NA,NA,NA,NA,NA,NA,NA,NA,NA,NA,NA,NA,NA,NA,NA,NA,NA,NA,NA
Somalia,SOM,Eastern Africa RCC,NA,NA,points,7397059870,9.5599611,44.0555588,OpenStreetMap via osmdata,somalia | NA,NA,NA,NA,NA,NA,NA,NA,NA,NA,NA,NA,NA,NA,NA,NA,NA,NA,NA,NA,NA,NA,NA,NA,NA,NA,NA,NA,NA,NA,NA,NA,NA,NA,NA,NA,NA
Somalia,SOM,Eastern Africa RCC,NA,NA,points,7397059871,9.5599097,44.0552953,OpenStreetMap via osmdata,somalia | NA,NA,NA,NA,NA,NA,NA,NA,NA,NA,NA,NA,NA,NA,NA,NA,NA,NA,NA,NA,NA,NA,NA,NA,NA,NA,NA,NA,NA,NA,NA,NA,NA,NA,NA,NA,NA
Somalia,SOM,Eastern Africa RCC,Manhal Hospital,hospital,points,7605011185,8.4735713,47.3627498,OpenStreetMap via osmdata,somalia | manhal hospital,Manhal Hospital,NA,NA,NA,hospital,NA,NA,NA,NA,NA,NA,NA,NA,NA,NA,NA,NA,NA,NA,NA,NA,NA,NA,NA,NA,NA,NA,NA,NA,NA,NA,NA,NA,NA,NA,manhal hospital
Somalia,SOM,Eastern Africa RCC,NA,NA,points,8420590838,9.5594976,44.0618169,OpenStreetMap via osmdata,somalia | NA,NA,NA,NA,NA,NA,NA,NA,NA,NA,NA,NA,NA,NA,NA,NA,NA,NA,NA,NA,NA,NA,NA,NA,NA,NA,NA,NA,NA,NA,NA,NA,NA,NA,NA,NA,NA
Somalia,SOM,Eastern Africa RCC,Birjeex Militery Hospital,hospital,points,8929222545,9.551041,44.0553958,OpenStreetMap via osmdata,somalia | birjeex militery hospital,Birjeex Militery Hospital,Hargaysia,1,Birjeex Street,hospital,NA,NA,NA,NA,NA,hospital,NA,NA,NA,NA,NA,NA,Govermantal,NA,county_government,NA,NA,NA,NA,NA,NA,NA,NA,NA,NA,NA,NA,NA,NA,NA,birjeex militery hospital
Somalia,SOM,Eastern Africa RCC,Daryeel Phermecy,pharmacy,points,8929222551,9.5399128,44.058429,OpenStreetMap via osmdata,somalia | daryeel phermecy,Daryeel Phermecy,Hargeysia,60,Xaashi Kabadoon Street,pharmacy,NA,NA,yes,yes,NA,pharmacy,NA,NA,NA,NA,Mo-Su 10:00-21:00,NA,Cabdiqadir,NA,NA,NA,NA,NA,NA,NA,NA,NA,NA,NA,NA,NA,NA,NA,NA,NA,daryeel phermecy
Somalia,SOM,Eastern Africa RCC,NA,NA,points,8930352345,9.5505415,44.0662589,OpenStreetMap via osmdata,somalia | NA,NA,NA,NA,NA,NA,NA,NA,NA,NA,NA,NA,NA,NA,NA,NA,NA,NA,NA,NA,NA,NA,NA,NA,NA,NA,NA,NA,NA,NA,NA,NA,NA,NA,NA,NA,NA
Somalia,SOM,Eastern Africa RCC,NA,NA,points,8930352346,9.5515763,44.066847,OpenStreetMap via osmdata,somalia | NA,NA,NA,NA,NA,NA,NA,NA,NA,NA,NA,NA,NA,NA,NA,NA,NA,NA,NA,NA,NA,NA,NA,NA,NA,NA,NA,NA,NA,NA,NA,NA,NA,NA,NA,NA,NA
Somalia,SOM,Eastern Africa RCC,NA,NA,points,8930352347,9.5516078,44.066776,OpenStreetMap via osmdata,somalia | NA,NA,NA,NA,NA,NA,NA,NA,NA,NA,NA,NA,NA,NA,NA,NA,NA,NA,NA,NA,NA,NA,NA,NA,NA,NA,NA,NA,NA,NA,NA,NA,NA,NA,NA,NA,NA
Somalia,SOM,Eastern Africa RCC,NA,clinic,points,8930880128,9.5478724,44.0520597,OpenStreetMap via osmdata,somalia | NA,NA,NA,NA,NA,clinic,NA,NA,NA,NA,NA,clinic,NA,NA,NA,NA,NA,NA,NA,NA,NA,NA,NA,NA,NA,NA,NA,NA,NA,NA,NA,NA,NA,NA,NA,NA,NA
Somalia,SOM,Eastern Africa RCC,NA,NA,points,8957530044,8.6590985,45.9306893,OpenStreetMap via osmdata,somalia | NA,NA,NA,NA,NA,NA,NA,NA,NA,NA,NA,NA,NA,NA,NA,NA,NA,NA,NA,NA,NA,NA,NA,NA,NA,NA,NA,NA,NA,NA,NA,NA,NA,NA,NA,NA,NA
Somalia,SOM,Eastern Africa RCC,NA,NA,points,8957530046,8.6589535,45.9307976,OpenStreetMap via osmdata,somalia | NA,NA,NA,NA,NA,NA,NA,NA,NA,NA,NA,NA,NA,NA,NA,NA,NA,NA,NA,NA,NA,NA,NA,NA,NA,NA,NA,NA,NA,NA,NA,NA,NA,NA,NA,NA,NA
Somalia,SOM,Eastern Africa RCC,NA,NA,points,8957530047,8.6591553,45.931349,OpenStreetMap via osmdata,somalia | NA,NA,NA,NA,NA,NA,NA,NA,NA,NA,NA,NA,NA,NA,NA,NA,NA,NA,NA,NA,NA,NA,NA,NA,NA,NA,NA,NA,NA,NA,NA,NA,NA,NA,NA,NA,NA
Somalia,SOM,Eastern Africa RCC,NA,NA,points,8957530048,8.6596053,45.9313034,OpenStreetMap via osmdata,somalia | NA,NA,NA,NA,NA,NA,NA,NA,NA,NA,NA,NA,NA,NA,NA,NA,NA,NA,NA,NA,NA,NA,NA,NA,NA,NA,NA,NA,NA,NA,NA,NA,NA,NA,NA,NA,NA
Somalia,SOM,Eastern Africa RCC,NA,NA,points,8957530049,8.6596437,45.9311011,OpenStreetMap via osmdata,somalia | NA,NA,NA,NA,NA,NA,NA,NA,NA,NA,NA,NA,NA,NA,NA,NA,NA,NA,NA,NA,NA,NA,NA,NA,NA,NA,NA,NA,NA,NA,NA,NA,NA,NA,NA,NA,NA
Somalia,SOM,Eastern Africa RCC,NA,NA,points,8957530050,8.6600189,45.9306622,OpenStreetMap via osmdata,somalia | NA,NA,NA,NA,NA,NA,NA,NA,NA,NA,NA,NA,NA,NA,NA,NA,NA,NA,NA,NA,NA,NA,NA,NA,NA,NA,NA,NA,NA,NA,NA,NA,NA,NA,NA,NA,NA
Somalia,SOM,Eastern Africa RCC,NA,NA,points,8957530051,8.6600506,45.9301414,OpenStreetMap via osmdata,somalia | NA,NA,NA,NA,NA,NA,NA,NA,NA,NA,NA,NA,NA,NA,NA,NA,NA,NA,NA,NA,NA,NA,NA,NA,NA,NA,NA,NA,NA,NA,NA,NA,NA,NA,NA,NA,NA
Somalia,SOM,Eastern Africa RCC,NA,NA,points,8957530052,8.6594412,45.9301035,OpenStreetMap via osmdata,somalia | NA,NA,NA,NA,NA,NA,NA,NA,NA,NA,NA,NA,NA,NA,NA,NA,NA,NA,NA,NA,NA,NA,NA,NA,NA,NA,NA,NA,NA,NA,NA,NA,NA,NA,NA,NA,NA
Somalia,SOM,Eastern Africa RCC,NA,NA,points,9255959738,9.5646833,44.0602289,OpenStreetMap via osmdata,somalia | NA,NA,NA,NA,NA,NA,NA,NA,NA,NA,NA,NA,NA,NA,NA,NA,NA,NA,NA,NA,NA,NA,NA,NA,NA,NA,NA,NA,NA,NA,NA,NA,NA,NA,NA,NA,NA
Somalia,SOM,Eastern Africa RCC,Bukhan  Pharmacy,pharmacy,points,9277213643,9.5405676,44.0952326,OpenStreetMap via osmdata,somalia | bukhan pharmacy,Bukhan  Pharmacy,NA,NA,NA,pharmacy,NA,NA,NA,NA,NA,NA,NA,NA,NA,NA,NA,NA,NA,NA,NA,NA,NA,NA,NA,NA,NA,NA,NA,NA,NA,NA,NA,NA,NA,NA,bukhan pharmacy
Somalia,SOM,Eastern Africa RCC,Nairobi  Pharmacy,pharmacy,points,9277214018,9.5405591,44.0837665,OpenStreetMap via osmdata,somalia | nairobi pharmacy,Nairobi  Pharmacy,NA,NA,NA,pharmacy,NA,NA,NA,NA,NA,NA,NA,NA,NA,NA,NA,NA,NA,NA,NA,NA,NA,NA,NA,NA,NA,NA,NA,NA,NA,NA,NA,NA,NA,NA,nairobi pharmacy
Somalia,SOM,Eastern Africa RCC,Muhuran Pharmacy,pharmacy,points,9277218363,9.5396145,44.0913869,OpenStreetMap via osmdata,somalia | muhuran pharmacy,Muhuran Pharmacy,NA,NA,NA,pharmacy,NA,NA,NA,NA,NA,NA,NA,NA,NA,NA,NA,NA,NA,NA,NA,NA,NA,NA,NA,NA,NA,NA,NA,NA,NA,NA,NA,NA,NA,NA,muhuran pharmacy
Somalia,SOM,Eastern Africa RCC,Kulaan  Pharmacy,pharmacy,points,9277226733,9.5398651,44.0898091,OpenStreetMap via osmdata,somalia | kulaan pharmacy,Kulaan  Pharmacy,NA,NA,NA,pharmacy,NA,NA,NA,NA,NA,NA,NA,NA,NA,NA,NA,NA,NA,NA,NA,NA,NA,NA,NA,NA,NA,NA,NA,NA,NA,NA,NA,NA,NA,NA,kulaan pharmacy
Somalia,SOM,Eastern Africa RCC,Saacid  Pharmacy,pharmacy,points,9277228841,9.5410389,44.0974319,OpenStreetMap via osmdata,somalia | saacid pharmacy,Saacid  Pharmacy,NA,NA,NA,pharmacy,NA,NA,NA,NA,NA,NA,NA,NA,NA,NA,NA,NA,NA,NA,NA,NA,NA,NA,NA,NA,NA,NA,NA,NA,NA,NA,NA,NA,NA,NA,saacid pharmacy
Somalia,SOM,Eastern Africa RCC,NA,NA,points,11984693402,10.6820599,43.9412935,OpenStreetMap via osmdata,somalia | NA,NA,NA,NA,NA,NA,NA,NA,NA,NA,NA,NA,NA,NA,NA,NA,NA,NA,NA,NA,NA,NA,NA,NA,NA,NA,NA,NA,NA,NA,NA,NA,NA,NA,NA,NA,NA
Somalia,SOM,Eastern Africa RCC,NA,NA,points,11984693424,10.6825537,43.9417462,OpenStreetMap via osmdata,somalia | NA,NA,NA,NA,NA,NA,NA,NA,NA,NA,NA,NA,NA,NA,NA,NA,NA,NA,NA,NA,NA,NA,NA,NA,NA,NA,NA,NA,NA,NA,NA,NA,NA,NA,NA,NA,NA
Somalia,SOM,Eastern Africa RCC,NA,NA,points,11984693665,10.6829837,43.9402868,OpenStreetMap via osmdata,somalia | NA,NA,NA,NA,NA,NA,NA,NA,NA,NA,NA,NA,NA,NA,NA,NA,NA,NA,NA,NA,NA,NA,NA,NA,NA,NA,NA,NA,NA,NA,NA,NA,NA,NA,NA,NA,NA
Somalia,SOM,Eastern Africa RCC,NA,NA,points,11984694093,10.6834465,43.9406466,OpenStreetMap via osmdata,somalia | NA,NA,NA,NA,NA,NA,NA,NA,NA,NA,NA,NA,NA,NA,NA,NA,NA,NA,NA,NA,NA,NA,NA,NA,NA,NA,NA,NA,NA,NA,NA,NA,NA,NA,NA,NA,NA
Somalia,SOM,Eastern Africa RCC,NA,NA,points,12366176127,10.439693,45.0128783,OpenStreetMap via osmdata,somalia | NA,NA,NA,NA,NA,NA,NA,NA,NA,NA,NA,NA,NA,NA,NA,NA,NA,NA,NA,NA,NA,NA,NA,NA,NA,NA,NA,NA,NA,NA,NA,NA,NA,NA,NA,NA,NA
Somalia,SOM,Eastern Africa RCC,NA,NA,points,12366176130,10.4396735,45.0129,OpenStreetMap via osmdata,somalia | NA,NA,NA,NA,NA,NA,NA,NA,NA,NA,NA,NA,NA,NA,NA,NA,NA,NA,NA,NA,NA,NA,NA,NA,NA,NA,NA,NA,NA,NA,NA,NA,NA,NA,NA,NA,NA
Somalia,SOM,Eastern Africa RCC,NA,NA,points,12366176131,10.4398584,45.0131885,OpenStreetMap via osmdata,somalia | NA,NA,NA,NA,NA,NA,NA,NA,NA,NA,NA,NA,NA,NA,NA,NA,NA,NA,NA,NA,NA,NA,NA,NA,NA,NA,NA,NA,NA,NA,NA,NA,NA,NA,NA,NA,NA
Somalia,SOM,Eastern Africa RCC,NA,NA,points,12366176134,10.4398308,45.0131629,OpenStreetMap via osmdata,somalia | NA,NA,NA,NA,NA,NA,NA,NA,NA,NA,NA,NA,NA,NA,NA,NA,NA,NA,NA,NA,NA,NA,NA,NA,NA,NA,NA,NA,NA,NA,NA,NA,NA,NA,NA,NA,NA
Somalia,SOM,Eastern Africa RCC,NA,NA,points,12366176136,10.4396068,45.0131644,OpenStreetMap via osmdata,somalia | NA,NA,NA,NA,NA,NA,NA,NA,NA,NA,NA,NA,NA,NA,NA,NA,NA,NA,NA,NA,NA,NA,NA,NA,NA,NA,NA,NA,NA,NA,NA,NA,NA,NA,NA,NA,NA
Somalia,SOM,Eastern Africa RCC,NA,NA,points,12366176138,10.4396507,45.0131706,OpenStreetMap via osmdata,somalia | NA,NA,NA,NA,NA,NA,NA,NA,NA,NA,NA,NA,NA,NA,NA,NA,NA,NA,NA,NA,NA,NA,NA,NA,NA,NA,NA,NA,NA,NA,NA,NA,NA,NA,NA,NA,NA
Somalia,SOM,Eastern Africa RCC,NA,NA,points,12366176139,10.43957,45.0129824,OpenStreetMap via osmdata,somalia | NA,NA,NA,NA,NA,NA,NA,NA,NA,NA,NA,NA,NA,NA,NA,NA,NA,NA,NA,NA,NA,NA,NA,NA,NA,NA,NA,NA,NA,NA,NA,NA,NA,NA,NA,NA,NA
Somalia,SOM,Eastern Africa RCC,NA,NA,points,12366176143,10.4397917,45.0132064,OpenStreetMap via osmdata,somalia | NA,NA,NA,NA,NA,NA,NA,NA,NA,NA,NA,NA,NA,NA,NA,NA,NA,NA,NA,NA,NA,NA,NA,NA,NA,NA,NA,NA,NA,NA,NA,NA,NA,NA,NA,NA,NA
Somalia,SOM,Eastern Africa RCC,NA,NA,points,12366176144,10.4399176,45.0131227,OpenStreetMap via osmdata,somalia | NA,NA,NA,NA,NA,NA,NA,NA,NA,NA,NA,NA,NA,NA,NA,NA,NA,NA,NA,NA,NA,NA,NA,NA,NA,NA,NA,NA,NA,NA,NA,NA,NA,NA,NA,NA,NA
Somalia,SOM,Eastern Africa RCC,NA,NA,points,12366176146,10.4396792,45.0130839,OpenStreetMap via osmdata,somalia | NA,NA,NA,NA,NA,NA,NA,NA,NA,NA,NA,NA,NA,NA,NA,NA,NA,NA,NA,NA,NA,NA,NA,NA,NA,NA,NA,NA,NA,NA,NA,NA,NA,NA,NA,NA,NA
Somalia,SOM,Eastern Africa RCC,NA,NA,points,12366176147,10.4398943,45.0130654,OpenStreetMap via osmdata,somalia | NA,NA,NA,NA,NA,NA,NA,NA,NA,NA,NA,NA,NA,NA,NA,NA,NA,NA,NA,NA,NA,NA,NA,NA,NA,NA,NA,NA,NA,NA,NA,NA,NA,NA,NA,NA,NA
Somalia,SOM,Eastern Africa RCC,NA,NA,points,12366176150,10.4394301,45.013102,OpenStreetMap via osmdata,somalia | NA,NA,NA,NA,NA,NA,NA,NA,NA,NA,NA,NA,NA,NA,NA,NA,NA,NA,NA,NA,NA,NA,NA,NA,NA,NA,NA,NA,NA,NA,NA,NA,NA,NA,NA,NA,NA
Somalia,SOM,Eastern Africa RCC,NA,NA,points,12366176155,10.4397825,45.013293,OpenStreetMap via osmdata,somalia | NA,NA,NA,NA,NA,NA,NA,NA,NA,NA,NA,NA,NA,NA,NA,NA,NA,NA,NA,NA,NA,NA,NA,NA,NA,NA,NA,NA,NA,NA,NA,NA,NA,NA,NA,NA,NA
Somalia,SOM,Eastern Africa RCC,NA,NA,points,12366176157,10.4396974,45.0131187,OpenStreetMap via osmdata,somalia | NA,NA,NA,NA,NA,NA,NA,NA,NA,NA,NA,NA,NA,NA,NA,NA,NA,NA,NA,NA,NA,NA,NA,NA,NA,NA,NA,NA,NA,NA,NA,NA,NA,NA,NA,NA,NA
Somalia,SOM,Eastern Africa RCC,NA,NA,points,12366176158,10.4394799,45.0130465,OpenStreetMap via osmdata,somalia | NA,NA,NA,NA,NA,NA,NA,NA,NA,NA,NA,NA,NA,NA,NA,NA,NA,NA,NA,NA,NA,NA,NA,NA,NA,NA,NA,NA,NA,NA,NA,NA,NA,NA,NA,NA,NA
Somalia,SOM,Eastern Africa RCC,NA,NA,points,12366176159,10.4398769,45.0130848,OpenStreetMap via osmdata,somalia | NA,NA,NA,NA,NA,NA,NA,NA,NA,NA,NA,NA,NA,NA,NA,NA,NA,NA,NA,NA,NA,NA,NA,NA,NA,NA,NA,NA,NA,NA,NA,NA,NA,NA,NA,NA,NA
Somalia,SOM,Eastern Africa RCC,NA,NA,points,12366176161,10.4396574,45.0128851,OpenStreetMap via osmdata,somalia | NA,NA,NA,NA,NA,NA,NA,NA,NA,NA,NA,NA,NA,NA,NA,NA,NA,NA,NA,NA,NA,NA,NA,NA,NA,NA,NA,NA,NA,NA,NA,NA,NA,NA,NA,NA,NA
Somalia,SOM,Eastern Africa RCC,NA,NA,points,12366176162,10.4397157,45.0133674,OpenStreetMap via osmdata,somalia | NA,NA,NA,NA,NA,NA,NA,NA,NA,NA,NA,NA,NA,NA,NA,NA,NA,NA,NA,NA,NA,NA,NA,NA,NA,NA,NA,NA,NA,NA,NA,NA,NA,NA,NA,NA,NA
Somalia,SOM,Eastern Africa RCC,NA,NA,points,12560859469,10.6827067,43.940573,OpenStreetMap via osmdata,somalia | NA,NA,NA,NA,NA,NA,NA,NA,NA,NA,NA,NA,NA,NA,NA,NA,NA,NA,NA,NA,NA,NA,NA,NA,NA,NA,NA,NA,NA,NA,NA,NA,NA,NA,NA,NA,NA
Somalia,SOM,Eastern Africa RCC,NA,NA,points,12560859470,10.6826592,43.9405368,OpenStreetMap via osmdata,somalia | NA,NA,NA,NA,NA,NA,NA,NA,NA,NA,NA,NA,NA,NA,NA,NA,NA,NA,NA,NA,NA,NA,NA,NA,NA,NA,NA,NA,NA,NA,NA,NA,NA,NA,NA,NA,NA
Somalia,SOM,Eastern Africa RCC,NA,NA,points,12740046555,9.9495006,43.1799968,OpenStreetMap via osmdata,somalia | NA,NA,NA,NA,NA,NA,NA,NA,NA,NA,NA,NA,NA,NA,NA,NA,NA,NA,NA,NA,NA,NA,NA,NA,NA,NA,NA,NA,NA,NA,NA,NA,NA,NA,NA,NA,NA
Somalia,SOM,Eastern Africa RCC,NA,NA,points,12740046556,9.9486579,43.1796392,OpenStreetMap via osmdata,somalia | NA,NA,NA,NA,NA,NA,NA,NA,NA,NA,NA,NA,NA,NA,NA,NA,NA,NA,NA,NA,NA,NA,NA,NA,NA,NA,NA,NA,NA,NA,NA,NA,NA,NA,NA,NA,NA
Somalia,SOM,Eastern Africa RCC,NA,NA,points,12740046557,9.9486901,43.1795223,OpenStreetMap via osmdata,somalia | NA,NA,NA,NA,NA,NA,NA,NA,NA,NA,NA,NA,NA,NA,NA,NA,NA,NA,NA,NA,NA,NA,NA,NA,NA,NA,NA,NA,NA,NA,NA,NA,NA,NA,NA,NA,NA
Somalia,SOM,Eastern Africa RCC,NA,NA,points,12740046558,9.948057,43.1795036,OpenStreetMap via osmdata,somalia | NA,NA,NA,NA,NA,NA,NA,NA,NA,NA,NA,NA,NA,NA,NA,NA,NA,NA,NA,NA,NA,NA,NA,NA,NA,NA,NA,NA,NA,NA,NA,NA,NA,NA,NA,NA,NA
Somalia,SOM,Eastern Africa RCC,NA,NA,points,12740046559,9.9480155,43.1805508,OpenStreetMap via osmdata,somalia | NA,NA,NA,NA,NA,NA,NA,NA,NA,NA,NA,NA,NA,NA,NA,NA,NA,NA,NA,NA,NA,NA,NA,NA,NA,NA,NA,NA,NA,NA,NA,NA,NA,NA,NA,NA,NA
Somalia,SOM,Eastern Africa RCC,NA,NA,points,12740046560,9.9483195,43.1805602,OpenStreetMap via osmdata,somalia | NA,NA,NA,NA,NA,NA,NA,NA,NA,NA,NA,NA,NA,NA,NA,NA,NA,NA,NA,NA,NA,NA,NA,NA,NA,NA,NA,NA,NA,NA,NA,NA,NA,NA,NA,NA,NA
Somalia,SOM,Eastern Africa RCC,NA,NA,points,12740046561,9.9482941,43.1813479,OpenStreetMap via osmdata,somalia | NA,NA,NA,NA,NA,NA,NA,NA,NA,NA,NA,NA,NA,NA,NA,NA,NA,NA,NA,NA,NA,NA,NA,NA,NA,NA,NA,NA,NA,NA,NA,NA,NA,NA,NA,NA,NA
Somalia,SOM,Eastern Africa RCC,NA,NA,points,12740046562,9.9492427,43.1813947,OpenStreetMap via osmdata,somalia | NA,NA,NA,NA,NA,NA,NA,NA,NA,NA,NA,NA,NA,NA,NA,NA,NA,NA,NA,NA,NA,NA,NA,NA,NA,NA,NA,NA,NA,NA,NA,NA,NA,NA,NA,NA,NA
Somalia,SOM,Eastern Africa RCC,NA,NA,points,12740116057,9.936352,43.1792885,OpenStreetMap via osmdata,somalia | NA,NA,NA,NA,NA,NA,NA,NA,NA,NA,NA,NA,NA,NA,NA,NA,NA,NA,NA,NA,NA,NA,NA,NA,NA,NA,NA,NA,NA,NA,NA,NA,NA,NA,NA,NA,NA
Somalia,SOM,Eastern Africa RCC,NA,NA,points,12740116058,9.9373489,43.1789558,OpenStreetMap via osmdata,somalia | NA,NA,NA,NA,NA,NA,NA,NA,NA,NA,NA,NA,NA,NA,NA,NA,NA,NA,NA,NA,NA,NA,NA,NA,NA,NA,NA,NA,NA,NA,NA,NA,NA,NA,NA,NA,NA
Somalia,SOM,Eastern Africa RCC,NA,NA,points,12740116059,9.9376347,43.1789758,OpenStreetMap via osmdata,somalia | NA,NA,NA,NA,NA,NA,NA,NA,NA,NA,NA,NA,NA,NA,NA,NA,NA,NA,NA,NA,NA,NA,NA,NA,NA,NA,NA,NA,NA,NA,NA,NA,NA,NA,NA,NA,NA
Somalia,SOM,Eastern Africa RCC,NA,NA,points,12740116060,9.9378056,43.1800988,OpenStreetMap via osmdata,somalia | NA,NA,NA,NA,NA,NA,NA,NA,NA,NA,NA,NA,NA,NA,NA,NA,NA,NA,NA,NA,NA,NA,NA,NA,NA,NA,NA,NA,NA,NA,NA,NA,NA,NA,NA,NA,NA
Somalia,SOM,Eastern Africa RCC,NA,NA,points,12740116061,9.9367344,43.1806226,OpenStreetMap via osmdata,somalia | NA,NA,NA,NA,NA,NA,NA,NA,NA,NA,NA,NA,NA,NA,NA,NA,NA,NA,NA,NA,NA,NA,NA,NA,NA,NA,NA,NA,NA,NA,NA,NA,NA,NA,NA,NA,NA
Somalia,SOM,Eastern Africa RCC,NA,NA,points,12741667380,9.9301918,43.1904639,OpenStreetMap via osmdata,somalia | NA,NA,NA,NA,NA,NA,NA,NA,NA,NA,NA,NA,NA,NA,NA,NA,NA,NA,NA,NA,NA,NA,NA,NA,NA,NA,NA,NA,NA,NA,NA,NA,NA,NA,NA,NA,NA
Somalia,SOM,Eastern Africa RCC,NA,NA,points,12741667381,9.9295225,43.19052,OpenStreetMap via osmdata,somalia | NA,NA,NA,NA,NA,NA,NA,NA,NA,NA,NA,NA,NA,NA,NA,NA,NA,NA,NA,NA,NA,NA,NA,NA,NA,NA,NA,NA,NA,NA,NA,NA,NA,NA,NA,NA,NA
Somalia,SOM,Eastern Africa RCC,NA,NA,points,12741667382,9.9294961,43.1899678,OpenStreetMap via osmdata,somalia | NA,NA,NA,NA,NA,NA,NA,NA,NA,NA,NA,NA,NA,NA,NA,NA,NA,NA,NA,NA,NA,NA,NA,NA,NA,NA,NA,NA,NA,NA,NA,NA,NA,NA,NA,NA,NA
Somalia,SOM,Eastern Africa RCC,NA,NA,points,12741667383,9.9300354,43.1899374,OpenStreetMap via osmdata,somalia | NA,NA,NA,NA,NA,NA,NA,NA,NA,NA,NA,NA,NA,NA,NA,NA,NA,NA,NA,NA,NA,NA,NA,NA,NA,NA,NA,NA,NA,NA,NA,NA,NA,NA,NA,NA,NA
Somalia,SOM,Eastern Africa RCC,NA,NA,points,12741667384,9.9301688,43.1900004,OpenStreetMap via osmdata,somalia | NA,NA,NA,NA,NA,NA,NA,NA,NA,NA,NA,NA,NA,NA,NA,NA,NA,NA,NA,NA,NA,NA,NA,NA,NA,NA,NA,NA,NA,NA,NA,NA,NA,NA,NA,NA,NA
Somalia,SOM,Eastern Africa RCC,NA,NA,points,12741869374,9.9365087,43.2085732,OpenStreetMap via osmdata,somalia | NA,NA,NA,NA,NA,NA,NA,NA,NA,NA,NA,NA,NA,NA,NA,NA,NA,NA,NA,NA,NA,NA,NA,NA,NA,NA,NA,NA,NA,NA,NA,NA,NA,NA,NA,NA,NA
Somalia,SOM,Eastern Africa RCC,NA,NA,points,12741869375,9.9377951,43.2085803,OpenStreetMap via osmdata,somalia | NA,NA,NA,NA,NA,NA,NA,NA,NA,NA,NA,NA,NA,NA,NA,NA,NA,NA,NA,NA,NA,NA,NA,NA,NA,NA,NA,NA,NA,NA,NA,NA,NA,NA,NA,NA,NA
Somalia,SOM,Eastern Africa RCC,NA,NA,points,12741869376,9.9379973,43.209458,OpenStreetMap via osmdata,somalia | NA,NA,NA,NA,NA,NA,NA,NA,NA,NA,NA,NA,NA,NA,NA,NA,NA,NA,NA,NA,NA,NA,NA,NA,NA,NA,NA,NA,NA,NA,NA,NA,NA,NA,NA,NA,NA
Somalia,SOM,Eastern Africa RCC,NA,NA,points,12741869377,9.936676,43.2094704,OpenStreetMap via osmdata,somalia | NA,NA,NA,NA,NA,NA,NA,NA,NA,NA,NA,NA,NA,NA,NA,NA,NA,NA,NA,NA,NA,NA,NA,NA,NA,NA,NA,NA,NA,NA,NA,NA,NA,NA,NA,NA,NA
Somalia,SOM,Eastern Africa RCC,NA,NA,points,12745279336,10.4394197,45.012269,OpenStreetMap via osmdata,somalia | NA,NA,NA,NA,NA,NA,NA,NA,NA,NA,NA,NA,NA,NA,NA,NA,NA,NA,NA,NA,NA,NA,NA,NA,NA,NA,NA,NA,NA,NA,NA,NA,NA,NA,NA,NA,NA
Somalia,SOM,Eastern Africa RCC,NA,NA,points,12745279337,10.440236,45.01304,OpenStreetMap via osmdata,somalia | NA,NA,NA,NA,NA,NA,NA,NA,NA,NA,NA,NA,NA,NA,NA,NA,NA,NA,NA,NA,NA,NA,NA,NA,NA,NA,NA,NA,NA,NA,NA,NA,NA,NA,NA,NA,NA
Somalia,SOM,Eastern Africa RCC,NA,NA,points,12745279338,10.4395416,45.0138151,OpenStreetMap via osmdata,somalia | NA,NA,NA,NA,NA,NA,NA,NA,NA,NA,NA,NA,NA,NA,NA,NA,NA,NA,NA,NA,NA,NA,NA,NA,NA,NA,NA,NA,NA,NA,NA,NA,NA,NA,NA,NA,NA
Somalia,SOM,Eastern Africa RCC,NA,NA,points,12745279339,10.4390038,45.0141708,OpenStreetMap via osmdata,somalia | NA,NA,NA,NA,NA,NA,NA,NA,NA,NA,NA,NA,NA,NA,NA,NA,NA,NA,NA,NA,NA,NA,NA,NA,NA,NA,NA,NA,NA,NA,NA,NA,NA,NA,NA,NA,NA
Somalia,SOM,Eastern Africa RCC,NA,NA,points,12745279340,10.4388977,45.0141513,OpenStreetMap via osmdata,somalia | NA,NA,NA,NA,NA,NA,NA,NA,NA,NA,NA,NA,NA,NA,NA,NA,NA,NA,NA,NA,NA,NA,NA,NA,NA,NA,NA,NA,NA,NA,NA,NA,NA,NA,NA,NA,NA
Somalia,SOM,Eastern Africa RCC,NA,NA,points,12745279341,10.4387271,45.014077,OpenStreetMap via osmdata,somalia | NA,NA,NA,NA,NA,NA,NA,NA,NA,NA,NA,NA,NA,NA,NA,NA,NA,NA,NA,NA,NA,NA,NA,NA,NA,NA,NA,NA,NA,NA,NA,NA,NA,NA,NA,NA,NA
Somalia,SOM,Eastern Africa RCC,NA,NA,points,12745279342,10.438567,45.0139567,OpenStreetMap via osmdata,somalia | NA,NA,NA,NA,NA,NA,NA,NA,NA,NA,NA,NA,NA,NA,NA,NA,NA,NA,NA,NA,NA,NA,NA,NA,NA,NA,NA,NA,NA,NA,NA,NA,NA,NA,NA,NA,NA
Somalia,SOM,Eastern Africa RCC,NA,NA,points,12745279343,10.43781,45.0132471,OpenStreetMap via osmdata,somalia | NA,NA,NA,NA,NA,NA,NA,NA,NA,NA,NA,NA,NA,NA,NA,NA,NA,NA,NA,NA,NA,NA,NA,NA,NA,NA,NA,NA,NA,NA,NA,NA,NA,NA,NA,NA,NA
Somalia,SOM,Eastern Africa RCC,NA,NA,points,12745279344,10.4382712,45.012856,OpenStreetMap via osmdata,somalia | NA,NA,NA,NA,NA,NA,NA,NA,NA,NA,NA,NA,NA,NA,NA,NA,NA,NA,NA,NA,NA,NA,NA,NA,NA,NA,NA,NA,NA,NA,NA,NA,NA,NA,NA,NA,NA
Somalia,SOM,Eastern Africa RCC,NA,NA,points,12745279345,10.4384156,45.0129781,OpenStreetMap via osmdata,somalia | NA,NA,NA,NA,NA,NA,NA,NA,NA,NA,NA,NA,NA,NA,NA,NA,NA,NA,NA,NA,NA,NA,NA,NA,NA,NA,NA,NA,NA,NA,NA,NA,NA,NA,NA,NA,NA
Somalia,SOM,Eastern Africa RCC,NA,NA,points,12745279346,10.4389029,45.0125198,OpenStreetMap via osmdata,somalia | NA,NA,NA,NA,NA,NA,NA,NA,NA,NA,NA,NA,NA,NA,NA,NA,NA,NA,NA,NA,NA,NA,NA,NA,NA,NA,NA,NA,NA,NA,NA,NA,NA,NA,NA,NA,NA
Somalia,SOM,Eastern Africa RCC,NA,NA,points,12745279347,10.4390752,45.0124684,OpenStreetMap via osmdata,somalia | NA,NA,NA,NA,NA,NA,NA,NA,NA,NA,NA,NA,NA,NA,NA,NA,NA,NA,NA,NA,NA,NA,NA,NA,NA,NA,NA,NA,NA,NA,NA,NA,NA,NA,NA,NA,NA
Somalia,SOM,Eastern Africa RCC,NA,NA,points,12745279348,10.4391622,45.0125498,OpenStreetMap via osmdata,somalia | NA,NA,NA,NA,NA,NA,NA,NA,NA,NA,NA,NA,NA,NA,NA,NA,NA,NA,NA,NA,NA,NA,NA,NA,NA,NA,NA,NA,NA,NA,NA,NA,NA,NA,NA,NA,NA
Somalia,SOM,Eastern Africa RCC,NA,NA,points,12745279352,10.4397972,45.0148544,OpenStreetMap via osmdata,somalia | NA,NA,NA,NA,NA,NA,NA,NA,NA,NA,NA,NA,NA,NA,NA,NA,NA,NA,NA,NA,NA,NA,NA,NA,NA,NA,NA,NA,NA,NA,NA,NA,NA,NA,NA,NA,NA
Somalia,SOM,Eastern Africa RCC,NA,NA,points,12745279353,10.4402911,45.0153427,OpenStreetMap via osmdata,somalia | NA,NA,NA,NA,NA,NA,NA,NA,NA,NA,NA,NA,NA,NA,NA,NA,NA,NA,NA,NA,NA,NA,NA,NA,NA,NA,NA,NA,NA,NA,NA,NA,NA,NA,NA,NA,NA
Somalia,SOM,Eastern Africa RCC,NA,NA,points,12745279354,10.440929,45.0146755,OpenStreetMap via osmdata,somalia | NA,NA,NA,NA,NA,NA,NA,NA,NA,NA,NA,NA,NA,NA,NA,NA,NA,NA,NA,NA,NA,NA,NA,NA,NA,NA,NA,NA,NA,NA,NA,NA,NA,NA,NA,NA,NA
Somalia,SOM,Eastern Africa RCC,NA,NA,points,12745279355,10.440435,45.0141872,OpenStreetMap via osmdata,somalia | NA,NA,NA,NA,NA,NA,NA,NA,NA,NA,NA,NA,NA,NA,NA,NA,NA,NA,NA,NA,NA,NA,NA,NA,NA,NA,NA,NA,NA,NA,NA,NA,NA,NA,NA,NA,NA
Somalia,SOM,Eastern Africa RCC,NA,NA,points,12838827353,8.9292826,46.2689862,OpenStreetMap via osmdata,somalia | NA,NA,NA,NA,NA,NA,NA,NA,NA,NA,NA,NA,NA,NA,NA,NA,NA,NA,NA,NA,NA,NA,NA,NA,NA,NA,NA,NA,NA,NA,NA,NA,NA,NA,NA,NA,NA
Somalia,SOM,Eastern Africa RCC,NA,NA,points,12838827354,8.9294998,46.2683747,OpenStreetMap via osmdata,somalia | NA,NA,NA,NA,NA,NA,NA,NA,NA,NA,NA,NA,NA,NA,NA,NA,NA,NA,NA,NA,NA,NA,NA,NA,NA,NA,NA,NA,NA,NA,NA,NA,NA,NA,NA,NA,NA
Somalia,SOM,Eastern Africa RCC,NA,NA,points,12838827355,8.929105,46.2682191,OpenStreetMap via osmdata,somalia | NA,NA,NA,NA,NA,NA,NA,NA,NA,NA,NA,NA,NA,NA,NA,NA,NA,NA,NA,NA,NA,NA,NA,NA,NA,NA,NA,NA,NA,NA,NA,NA,NA,NA,NA,NA,NA
Somalia,SOM,Eastern Africa RCC,NA,NA,points,12838827356,8.9287765,46.2688253,OpenStreetMap via osmdata,somalia | NA,NA,NA,NA,NA,NA,NA,NA,NA,NA,NA,NA,NA,NA,NA,NA,NA,NA,NA,NA,NA,NA,NA,NA,NA,NA,NA,NA,NA,NA,NA,NA,NA,NA,NA,NA,NA
Somalia,SOM,Eastern Africa RCC,NA,NA,points,12838827357,8.9292163,46.2690264,OpenStreetMap via osmdata,somalia | NA,NA,NA,NA,NA,NA,NA,NA,NA,NA,NA,NA,NA,NA,NA,NA,NA,NA,NA,NA,NA,NA,NA,NA,NA,NA,NA,NA,NA,NA,NA,NA,NA,NA,NA,NA,NA
Somalia,SOM,Eastern Africa RCC,NA,NA,points,13412956155,9.5770717,44.1240339,OpenStreetMap via osmdata,somalia | NA,NA,NA,NA,NA,NA,NA,NA,NA,NA,NA,NA,NA,NA,NA,NA,NA,NA,NA,NA,NA,NA,NA,NA,NA,NA,NA,NA,NA,NA,NA,NA,NA,NA,NA,NA,NA
Somalia,SOM,Eastern Africa RCC,NA,NA,points,13412956156,9.5773693,44.1245815,OpenStreetMap via osmdata,somalia | NA,NA,NA,NA,NA,NA,NA,NA,NA,NA,NA,NA,NA,NA,NA,NA,NA,NA,NA,NA,NA,NA,NA,NA,NA,NA,NA,NA,NA,NA,NA,NA,NA,NA,NA,NA,NA
Somalia,SOM,Eastern Africa RCC,NA,NA,points,13412956157,9.5777087,44.1253303,OpenStreetMap via osmdata,somalia | NA,NA,NA,NA,NA,NA,NA,NA,NA,NA,NA,NA,NA,NA,NA,NA,NA,NA,NA,NA,NA,NA,NA,NA,NA,NA,NA,NA,NA,NA,NA,NA,NA,NA,NA,NA,NA
Somalia,SOM,Eastern Africa RCC,NA,NA,points,13412956158,9.5768491,44.1255985,OpenStreetMap via osmdata,somalia | NA,NA,NA,NA,NA,NA,NA,NA,NA,NA,NA,NA,NA,NA,NA,NA,NA,NA,NA,NA,NA,NA,NA,NA,NA,NA,NA,NA,NA,NA,NA,NA,NA,NA,NA,NA,NA
Somalia,SOM,Eastern Africa RCC,NA,NA,points,13412956159,9.5765339,44.1249302,OpenStreetMap via osmdata,somalia | NA,NA,NA,NA,NA,NA,NA,NA,NA,NA,NA,NA,NA,NA,NA,NA,NA,NA,NA,NA,NA,NA,NA,NA,NA,NA,NA,NA,NA,NA,NA,NA,NA,NA,NA,NA,NA
Somalia,SOM,Eastern Africa RCC,NA,NA,points,13412956160,9.5762055,44.1242976,OpenStreetMap via osmdata,somalia | NA,NA,NA,NA,NA,NA,NA,NA,NA,NA,NA,NA,NA,NA,NA,NA,NA,NA,NA,NA,NA,NA,NA,NA,NA,NA,NA,NA,NA,NA,NA,NA,NA,NA,NA,NA,NA
Somalia,SOM,Eastern Africa RCC,NA,NA,points,13532917319,9.4846422,46.8703972,OpenStreetMap via osmdata,somalia | NA,NA,NA,NA,NA,NA,NA,NA,NA,NA,NA,NA,NA,NA,NA,NA,NA,NA,NA,NA,NA,NA,NA,NA,NA,NA,NA,NA,NA,NA,NA,NA,NA,NA,NA,NA,NA
Somalia,SOM,Eastern Africa RCC,NA,NA,points,13532917320,9.4848533,46.8707919,OpenStreetMap via osmdata,somalia | NA,NA,NA,NA,NA,NA,NA,NA,NA,NA,NA,NA,NA,NA,NA,NA,NA,NA,NA,NA,NA,NA,NA,NA,NA,NA,NA,NA,NA,NA,NA,NA,NA,NA,NA,NA,NA
Somalia,SOM,Eastern Africa RCC,NA,NA,points,13532917321,9.484557,46.8710285,OpenStreetMap via osmdata,somalia | NA,NA,NA,NA,NA,NA,NA,NA,NA,NA,NA,NA,NA,NA,NA,NA,NA,NA,NA,NA,NA,NA,NA,NA,NA,NA,NA,NA,NA,NA,NA,NA,NA,NA,NA,NA,NA
Somalia,SOM,Eastern Africa RCC,NA,NA,points,13532917322,9.4847746,46.871269,OpenStreetMap via osmdata,somalia | NA,NA,NA,NA,NA,NA,NA,NA,NA,NA,NA,NA,NA,NA,NA,NA,NA,NA,NA,NA,NA,NA,NA,NA,NA,NA,NA,NA,NA,NA,NA,NA,NA,NA,NA,NA,NA
Somalia,SOM,Eastern Africa RCC,NA,NA,points,13532917323,9.4838714,46.8720319,OpenStreetMap via osmdata,somalia | NA,NA,NA,NA,NA,NA,NA,NA,NA,NA,NA,NA,NA,NA,NA,NA,NA,NA,NA,NA,NA,NA,NA,NA,NA,NA,NA,NA,NA,NA,NA,NA,NA,NA,NA,NA,NA
Somalia,SOM,Eastern Africa RCC,NA,NA,points,13532917324,9.4834178,46.8715402,OpenStreetMap via osmdata,somalia | NA,NA,NA,NA,NA,NA,NA,NA,NA,NA,NA,NA,NA,NA,NA,NA,NA,NA,NA,NA,NA,NA,NA,NA,NA,NA,NA,NA,NA,NA,NA,NA,NA,NA,NA,NA,NA
Somalia,SOM,Eastern Africa RCC,NA,NA,points,13532917325,9.4850414,46.871053,OpenStreetMap via osmdata,somalia | NA,NA,NA,NA,NA,NA,NA,NA,NA,NA,NA,NA,NA,NA,NA,NA,NA,NA,NA,NA,NA,NA,NA,NA,NA,NA,NA,NA,NA,NA,NA,NA,NA,NA,NA,NA,NA
Somalia,SOM,Eastern Africa RCC,Las Anod Hospital,hospital,polygons,237489641,8.483675800022409,47.357554384052925,OpenStreetMap via osmdata,somalia | las anod hospital,Las Anod Hospital,NA,NA,NA,hospital,wall,NA,NA,NA,NA,NA,NA,NA,NA,NA,NA,NA,NA,NA,NA,NA,NA,NA,NA,NA,NA,NA,NA,NA,NA,NA,NA,NA,NA,NA,las anod hospital
Somalia,SOM,Eastern Africa RCC,Adna Adan hospital,hospital,polygons,305183550,9.551187250000265,44.06689960060389,OpenStreetMap via osmdata,somalia | adna adan hospital,Adna Adan hospital,NA,NA,NA,hospital,NA,NA,NA,NA,NA,hospital,NA,NA,NA,NA,NA,NA,ADna Adan,NA,NA,NA,NA,NA,NA,NA,NA,NA,NA,NA,NA,NA,NA,NA,NA,NA,adna adan hospital
Somalia,SOM,Eastern Africa RCC,المستشف الدولى,clinic,polygons,357089660,9.528886550001886,44.074922401396485,OpenStreetMap via osmdata,somalia | ,المستشف الدولى,NA,NA,NA,clinic,NA,NA,NA,NA,NA,NA,NA,المستشف الدولى,NA,NA,NA,NA,NA,NA,NA,NA,NA,NA,NA,NA,hospital,NA,NA,NA,NA,NA,NA,NA,NA,NA,
Somalia,SOM,Eastern Africa RCC,Odweyne General Hospital,hospital,polygons,368147204,9.408303050038771,45.064384724976975,OpenStreetMap via osmdata,somalia | odweyne general hospital,Odweyne General Hospital,NA,NA,NA,hospital,fence,NA,NA,NA,NA,hospital,NA,NA,Odweine General Hospital,NA,NA,NA,NA,NA,NA,NA,NA,NA,NA,NA,NA,NA,NA,NA,NA,NA,NA,NA,NA,NA,odweyne general hospital
Somalia,SOM,Eastern Africa RCC,International Hospital المستشفى الدولي,hospital,polygons,430366600,9.528881400036653,44.07507399780122,OpenStreetMap via osmdata,somalia | international hospital,International Hospital المستشفى الدولي,هرجيسا,NA,Airport Road,hospital,NA,NA,NA,NA,NA,hospital,NA,المستشفى الدولي,Hargeisa International Hospital,NA,NA,NA,NA,NA,NA,NA,NA,NA,NA,NA,NA,NA,NA,NA,NA,NA,NA,NA,NA,NA,international hospital
Somalia,SOM,Eastern Africa RCC,Gargaar Multi specialty Hospital,hospital,polygons,449347606,9.559773950005498,44.061814102943906,OpenStreetMap via osmdata,somalia | gargaar multi specialty hospital,Gargaar Multi specialty Hospital,NA,NA,NA,hospital,NA,NA,NA,NA,NA,NA,NA,NA,NA,NA,NA,NA,NA,NA,NA,NA,NA,NA,NA,NA,NA,NA,NA,NA,NA,NA,NA,NA,NA,NA,gargaar multi specialty hospital
Somalia,SOM,Eastern Africa RCC,NA,NA,polygons,791241099,10.439642500001703,45.013126308292186,OpenStreetMap via osmdata,somalia | NA,NA,NA,NA,NA,NA,NA,NA,NA,NA,NA,NA,NA,NA,NA,NA,NA,NA,NA,NA,NA,NA,NA,NA,NA,NA,NA,NA,NA,NA,NA,NA,NA,NA,NA,NA,NA
Somalia,SOM,Eastern Africa RCC,Dhakhtarka Adna مستشفى أدنا آدن,hospital,polygons,791242083,9.550997350008174,44.06680237597804,OpenStreetMap via osmdata,somalia | dhakhtarka adna,Dhakhtarka Adna مستشفى أدنا آدن,هرجيسا,NA,NA,hospital,NA,NA,NA,NA,mailto:contact@ednahospital.org,hospital,NA,مستشفى أدنا آدن,Edna Adan Maternity Hospital,NA,24/7,NA,NA,NA,NA,NA,NA,+252 2138014,NA,NA,NA,NA,NA,NA,Maternité Edna Aden,https://www.ednahospital.org/,Q5340013,en:Edna Adan Maternity Hospital,NA,NA,dhakhtarka adna
Somalia,SOM,Eastern Africa RCC,Kaah medical centre,hospital,polygons,791244577,9.564515500005873,44.06006303800422,OpenStreetMap via osmdata,somalia | kaah medical centre,Kaah medical centre,NA,NA,Goljano Road,hospital,NA,NA,NA,NA,NA,hospital,NA,NA,NA,NA,NA,NA,NA,NA,NA,NA,NA,NA,NA,NA,NA,NA,NA,NA,NA,NA,NA,NA,NA,NA,kaah medical centre
Somalia,SOM,Eastern Africa RCC,NA,hospital,polygons,791245129,9.565802650048095,44.06096687486936,OpenStreetMap via osmdata,somalia | NA,NA,NA,NA,NA,hospital,NA,NA,NA,NA,NA,hospital,NA,NA,Haldoor Hospital,NA,NA,NA,NA,NA,NA,NA,NA,NA,NA,NA,NA,NA,NA,NA,NA,NA,NA,NA,NA,NA,NA
Somalia,SOM,Eastern Africa RCC,Disabled people hospital,hospital,polygons,791249655,9.560061400014778,44.05540175965175,OpenStreetMap via osmdata,somalia | disabled people hospital,Disabled people hospital,NA,NA,Road Number 1 / طريق رقم 1,hospital,NA,NA,NA,NA,NA,hospital,wlan,NA,NA,NA,NA,NA,NA,NA,NA,NA,NA,NA,NA,NA,NA,NA,NA,NA,NA,NA,NA,NA,NA,NA,disabled people hospital
Somalia,SOM,Eastern Africa RCC,Adna Adan Maternity Hospital,hospital,polygons,965340306,9.550806750103298,44.066619552885975,OpenStreetMap via osmdata,somalia | adna adan maternity hospital,Adna Adan Maternity Hospital,NA,NA,NA,hospital,NA,NA,NA,NA,NA,hospital,NA,NA,NA,NA,NA,NA,Adna AAdan Isamaciil,NA,private,NA,NA,NA,NA,NA,NA,NA,NA,NA,NA,NA,NA,NA,NA,NA,adna adan maternity hospital
Somalia,SOM,Eastern Africa RCC,NA,NA,polygons,1336979706,10.439676350000008,45.01298903971136,OpenStreetMap via osmdata,somalia | NA,NA,NA,NA,NA,NA,NA,NA,NA,NA,NA,NA,NA,NA,NA,NA,NA,NA,NA,NA,NA,NA,NA,NA,NA,NA,NA,NA,NA,NA,NA,NA,NA,NA,NA,NA,NA
Somalia,SOM,Eastern Africa RCC,Allaale Hospital,hospital,polygons,1375974435,9.948966400116857,43.180575590251784,OpenStreetMap via osmdata,somalia | allaale hospital,Allaale Hospital,NA,NA,NA,hospital,NA,NA,NA,NA,NA,hospital,NA,NA,NA,NA,NA,NA,NA,NA,NA,NA,NA,NA,NA,NA,NA,yes,NA,NA,NA,NA,NA,NA,NA,NA,allaale hospital
Somalia,SOM,Eastern Africa RCC,Borama Regional Hospital,hospital,polygons,1375979832,9.937041650144328,43.1797653498412,OpenStreetMap via osmdata,somalia | borama regional hospital,Borama Regional Hospital,NA,NA,NA,hospital,NA,NA,NA,NA,NA,hospital,NA,NA,NA,NA,NA,NA,NA,NA,NA,NA,NA,NA,NA,NA,NA,NA,NA,NA,NA,NA,NA,NA,NA,NA,borama regional hospital
Somalia,SOM,Eastern Africa RCC,Adal Hospital,hospital,polygons,1376135308,9.929778950100465,43.190225180284614,OpenStreetMap via osmdata,somalia | adal hospital,Adal Hospital,NA,NA,NA,hospital,NA,NA,NA,NA,NA,hospital,NA,NA,NA,NA,NA,NA,NA,NA,NA,NA,NA,NA,NA,NA,NA,NA,NA,NA,NA,NA,NA,NA,NA,NA,adal hospital
Somalia,SOM,Eastern Africa RCC,"Al-Hayatt Hospital Borama, Teaching Hospital of Amoud University",hospital,polygons,1376167062,9.937235550478675,43.20902118024067,OpenStreetMap via osmdata,somalia | al hayatt hospital borama teaching hospital of amoud university,"Al-Hayatt Hospital Borama, Teaching Hospital of Amoud University",NA,NA,NA,hospital,NA,NA,NA,NA,NA,hospital,NA,NA,NA,NA,NA,NA,NA,NA,NA,NA,NA,NA,NA,NA,NA,NA,NA,NA,NA,NA,NA,NA,NA,NA,al hayatt hospital borama teaching hospital of amoud university
Somalia,SOM,Eastern Africa RCC,Lughaya Regional Hospital مستشفى لغهايا المديري,hospital,polygons,1376502290,10.682845200031572,43.94090853996559,OpenStreetMap via osmdata,somalia | lughaya regional hospital,Lughaya Regional Hospital مستشفى لغهايا المديري,لغهايا,NA,NA,hospital,NA,NA,NA,NA,NA,hospital,NA,مستشفى لغهايا الإقليمي,Lughaya Regional Hospital,NA,NA,NA,NA,NA,NA,NA,NA,NA,NA,NA,NA,NA,NA,NA,NA,NA,NA,NA,NA,NA,lughaya regional hospital
Somalia,SOM,Eastern Africa RCC,NA,hospital,polygons,1376543408,10.439039500002053,45.01331311900672,OpenStreetMap via osmdata,somalia | NA,NA,NA,NA,NA,hospital,NA,NA,NA,NA,NA,hospital,NA,NA,NA,NA,NA,NA,NA,NA,NA,NA,NA,NA,NA,NA,NA,NA,NA,NA,NA,NA,NA,NA,NA,NA,NA
Somalia,SOM,Eastern Africa RCC,Berber Mental Health Hospital,hospital,polygons,1376543410,10.440363050008317,45.01476495595934,OpenStreetMap via osmdata,somalia | berber mental health hospital,Berber Mental Health Hospital,NA,NA,NA,hospital,NA,NA,NA,NA,NA,hospital,NA,NA,NA,NA,NA,NA,NA,NA,NA,NA,NA,NA,NA,NA,NA,NA,NA,psychiatry,NA,NA,NA,NA,NA,NA,berber mental health hospital
Somalia,SOM,Eastern Africa RCC,Wadamagoo MCH,hospital,polygons,1386890945,8.929160650004238,46.26862099340637,OpenStreetMap via osmdata,somalia | wadamagoo mch,Wadamagoo MCH,NA,NA,NA,hospital,NA,NA,NA,NA,NA,hospital,NA,NA,NA,NA,NA,NA,NA,NA,NA,NA,NA,NA,NA,NA,NA,NA,NA,NA,NA,NA,NA,NA,NA,NA,wadamagoo mch
Somalia,SOM,Eastern Africa RCC,Shanshacade MCH,hospital,polygons,1390771611,8.659523250008943,45.930710158640004,OpenStreetMap via osmdata,somalia | shanshacade mch,Shanshacade MCH,NA,NA,NA,hospital,NA,NA,NA,NA,NA,hospital,NA,NA,NA,NA,NA,NA,NA,NA,NA,NA,NA,NA,NA,NA,NA,NA,NA,NA,NA,NA,NA,NA,NA,NA,shanshacade mch
Somalia,SOM,Eastern Africa RCC,Naaso Hablood Hospital,hospital,polygons,1462275345,9.576960400018239,44.12481577862673,OpenStreetMap via osmdata,somalia | naaso hablood hospital,Naaso Hablood Hospital,NA,NA,NA,hospital,NA,NA,NA,NA,NA,hospital,NA,NA,NA,NA,NA,NA,NA,NA,NA,NA,NA,NA,NA,NA,NA,NA,NA,NA,NA,NA,NA,NA,NA,NA,naaso hablood hospital
Somalia,SOM,Eastern Africa RCC,Gar'adag pubic Hospial,hospital,polygons,1475116002,9.484214200171317,46.87126954783791,OpenStreetMap via osmdata,somalia | gar adag pubic hospial,Gar'adag pubic Hospial,NA,NA,NA,hospital,NA,NA,NA,NA,NA,hospital,NA,NA,NA,NA,NA,NA,NA,NA,NA,NA,NA,NA,NA,NA,NA,NA,NA,NA,NA,NA,NA,NA,NA,NA,gar adag pubic hospial
Somalia,SOM,Eastern Africa RCC,Gar'adag MCH,hospital,polygons,1475116003,9.48481395000225,46.871030232006724,OpenStreetMap via osmdata,somalia | gar adag mch,Gar'adag MCH,NA,NA,NA,hospital,NA,NA,NA,NA,NA,hospital,NA,NA,NA,NA,NA,NA,NA,NA,NA,NA,NA,NA,NA,NA,NA,NA,NA,NA,NA,NA,NA,NA,NA,NA,gar adag mch
Somalia,SOM,Eastern Africa RCC,Berbera General Hospital,hospital,multipolygons,18319147,10.439665450000103,45.01278991025198,OpenStreetMap via osmdata,somalia | berbera general hospital,Berbera General Hospital,NA,NA,NA,hospital,NA,NA,NA,NA,NA,NA,NA,NA,NA,NA,NA,NA,NA,NA,NA,NA,NA,NA,NA,NA,yes,NA,NA,NA,NA,NA,NA,NA,NA,multipolygon,berbera general hospital
