country,iso3,rcc,facility_name,facility_type,source_osm_type,osm_id,lat,lon,source,match_key_country_facility,name,access,addr_city,addr_housenumber,addr_postcode,addr_street,alt_name,amenity,barrier,brand,brand_wikidata,contact_phone,dispensing,email,emergency,healthcare,healthcare_speciality,name_en,opening_hours,operator,operator_type,operator_wikidata,phone,source_date,source_name,building,contact_fax,contact_website,designation,fax,short_name,website,wikidata,type,facility_key
Eswatini,SWZ,Southern Africa RCC,Swaziland Red Cross,clinic,points,59649330,-25.9581793,31.2499653,OpenStreetMap via osmdata,eswatini | swaziland red cross,Swaziland Red Cross,NA,NA,NA,NA,NA,NA,clinic,NA,NA,NA,NA,NA,NA,NA,clinic,NA,NA,NA,International Red Cross,ngo,Q7178,NA,NA,NA,NA,NA,NA,NA,NA,NA,NA,NA,NA,swaziland red cross
Eswatini,SWZ,Southern Africa RCC,Matsapha Pharmacy,pharmacy,points,1398391733,-26.5022998,31.3184465,OpenStreetMap via osmdata,eswatini | matsapha pharmacy,Matsapha Pharmacy,NA,NA,NA,NA,NA,NA,pharmacy,NA,NA,NA,NA,NA,NA,NA,pharmacy,NA,NA,NA,NA,NA,NA,NA,NA,survey,NA,NA,NA,NA,NA,NA,NA,NA,NA,matsapha pharmacy
Eswatini,SWZ,Southern Africa RCC,NA,NA,points,1398433751,-26.5022717,31.3101924,OpenStreetMap via osmdata,eswatini | NA,NA,NA,NA,NA,NA,NA,NA,NA,NA,NA,NA,NA,NA,NA,NA,NA,NA,NA,NA,NA,NA,NA,NA,NA,NA,NA,NA,NA,NA,NA,NA,NA,NA,NA,NA
Eswatini,SWZ,Southern Africa RCC,NA,NA,points,1398433776,-26.5016131,31.3104967,OpenStreetMap via osmdata,eswatini | NA,NA,NA,NA,NA,NA,NA,NA,NA,NA,NA,NA,NA,NA,NA,NA,NA,NA,NA,NA,NA,NA,NA,NA,NA,NA,NA,NA,NA,NA,NA,NA,NA,NA,NA,NA
Eswatini,SWZ,Southern Africa RCC,NA,NA,points,1398433834,-26.5016761,31.3106695,OpenStreetMap via osmdata,eswatini | NA,NA,NA,NA,NA,NA,NA,NA,NA,NA,NA,NA,NA,NA,NA,NA,NA,NA,NA,NA,NA,NA,NA,NA,NA,NA,NA,NA,NA,NA,NA,NA,NA,NA,NA,NA
Eswatini,SWZ,Southern Africa RCC,NA,NA,points,1398433870,-26.5023361,31.3103691,OpenStreetMap via osmdata,eswatini | NA,NA,NA,NA,NA,NA,NA,NA,NA,NA,NA,NA,NA,NA,NA,NA,NA,NA,NA,NA,NA,NA,NA,NA,NA,NA,NA,NA,NA,NA,NA,NA,NA,NA,NA,NA
Eswatini,SWZ,Southern Africa RCC,NA,NA,points,1972421802,-26.3275156,31.1344489,OpenStreetMap via osmdata,eswatini | NA,NA,NA,NA,NA,NA,NA,NA,NA,NA,NA,NA,NA,NA,NA,NA,NA,NA,NA,NA,NA,NA,NA,NA,NA,NA,NA,NA,NA,NA,NA,NA,NA,NA,NA,NA
Eswatini,SWZ,Southern Africa RCC,NA,NA,points,1972421836,-26.3275221,31.1343482,OpenStreetMap via osmdata,eswatini | NA,NA,NA,NA,NA,NA,NA,NA,NA,NA,NA,NA,NA,NA,NA,NA,NA,NA,NA,NA,NA,NA,NA,NA,NA,NA,NA,NA,NA,NA,NA,NA,NA,NA,NA,NA
Eswatini,SWZ,Southern Africa RCC,NA,NA,points,1972421904,-26.3281546,31.1337077,OpenStreetMap via osmdata,eswatini | NA,NA,NA,NA,NA,NA,NA,NA,NA,NA,NA,NA,NA,NA,NA,NA,NA,NA,NA,NA,NA,NA,NA,NA,NA,NA,NA,NA,NA,NA,NA,NA,NA,NA,NA,NA
Eswatini,SWZ,Southern Africa RCC,NA,NA,points,1972422046,-26.3275206,31.1345136,OpenStreetMap via osmdata,eswatini | NA,NA,NA,NA,NA,NA,NA,NA,NA,NA,NA,NA,NA,NA,NA,NA,NA,NA,NA,NA,NA,NA,NA,NA,NA,NA,NA,NA,NA,NA,NA,NA,NA,NA,NA,NA
Eswatini,SWZ,Southern Africa RCC,NA,NA,points,1972422106,-26.3276107,31.1345691,OpenStreetMap via osmdata,eswatini | NA,NA,NA,NA,NA,NA,NA,NA,NA,NA,NA,NA,NA,NA,NA,NA,NA,NA,NA,NA,NA,NA,NA,NA,NA,NA,NA,NA,NA,NA,NA,NA,NA,NA,NA,NA
Eswatini,SWZ,Southern Africa RCC,NA,NA,points,1972422132,-26.3283845,31.1340243,OpenStreetMap via osmdata,eswatini | NA,NA,NA,NA,NA,NA,NA,NA,NA,NA,NA,NA,NA,NA,NA,NA,NA,NA,NA,NA,NA,NA,NA,NA,NA,NA,NA,NA,NA,NA,NA,NA,NA,NA,NA,NA
Eswatini,SWZ,Southern Africa RCC,NA,NA,points,1972422151,-26.3283079,31.1339228,OpenStreetMap via osmdata,eswatini | NA,NA,NA,NA,NA,NA,NA,NA,NA,NA,NA,NA,NA,NA,NA,NA,NA,NA,NA,NA,NA,NA,NA,NA,NA,NA,NA,NA,NA,NA,NA,NA,NA,NA,NA,NA
Eswatini,SWZ,Southern Africa RCC,NA,NA,points,1972422181,-26.3276162,31.1346001,OpenStreetMap via osmdata,eswatini | NA,NA,NA,NA,NA,NA,NA,NA,NA,NA,NA,NA,NA,NA,NA,NA,NA,NA,NA,NA,NA,NA,NA,NA,NA,NA,NA,NA,NA,NA,NA,NA,NA,NA,NA,NA
Eswatini,SWZ,Southern Africa RCC,NA,NA,points,1972422217,-26.3275158,31.1343794,OpenStreetMap via osmdata,eswatini | NA,NA,NA,NA,NA,NA,NA,NA,NA,NA,NA,NA,NA,NA,NA,NA,NA,NA,NA,NA,NA,NA,NA,NA,NA,NA,NA,NA,NA,NA,NA,NA,NA,NA,NA,NA
Eswatini,SWZ,Southern Africa RCC,NA,NA,points,1972422348,-26.3279837,31.1336598,OpenStreetMap via osmdata,eswatini | NA,NA,NA,NA,NA,NA,NA,NA,NA,NA,NA,NA,NA,NA,NA,NA,NA,NA,NA,NA,NA,NA,NA,NA,NA,NA,NA,NA,NA,NA,NA,NA,NA,NA,NA,NA
Eswatini,SWZ,Southern Africa RCC,NA,NA,points,2117062469,-26.4431167,31.1866745,OpenStreetMap via osmdata,eswatini | NA,NA,NA,NA,NA,NA,NA,NA,NA,NA,NA,NA,NA,NA,NA,NA,NA,NA,NA,NA,NA,NA,NA,NA,NA,NA,NA,NA,NA,NA,NA,NA,NA,NA,NA,NA
Eswatini,SWZ,Southern Africa RCC,NA,NA,points,2276767778,-27.1211873,31.2094326,OpenStreetMap via osmdata,eswatini | NA,NA,NA,NA,NA,NA,NA,NA,NA,NA,NA,NA,NA,NA,NA,NA,NA,NA,NA,NA,NA,NA,NA,NA,NA,NA,NA,NA,NA,NA,NA,NA,NA,NA,NA,NA
Eswatini,SWZ,Southern Africa RCC,Clicks,pharmacy,points,2277198010,-26.4396625,31.1872684,OpenStreetMap via osmdata,eswatini | clicks,Clicks,NA,NA,NA,NA,NA,NA,pharmacy,NA,NA,NA,NA,NA,NA,NA,pharmacy,NA,Clicks,NA,NA,NA,NA,NA,NA,NA,NA,NA,NA,NA,NA,NA,NA,NA,NA,clicks
Eswatini,SWZ,Southern Africa RCC,Good Shepherd Hospital,hospital,points,2330304109,-26.4684572,31.9608969,OpenStreetMap via osmdata,eswatini | good shepherd hospital,Good Shepherd Hospital,NA,Siteki,NA,L300,NA,NA,hospital,NA,NA,NA,NA,NA,NA,yes,hospital,NA,NA,NA,Good Shepherd Mission,NA,NA,NA,NA,NA,NA,NA,NA,NA,NA,NA,NA,NA,NA,good shepherd hospital
Eswatini,SWZ,Southern Africa RCC,Green Cross Pharmacy,pharmacy,points,2435816490,-26.3263883,31.1405691,OpenStreetMap via osmdata,eswatini | green cross pharmacy,Green Cross Pharmacy,NA,NA,NA,NA,NA,NA,pharmacy,NA,NA,NA,NA,NA,NA,NA,pharmacy,NA,NA,NA,NA,NA,NA,NA,NA,NA,NA,NA,NA,NA,NA,NA,NA,NA,NA,green cross pharmacy
Eswatini,SWZ,Southern Africa RCC,NA,NA,points,2641017367,-26.4870921,31.407549,OpenStreetMap via osmdata,eswatini | NA,NA,NA,NA,NA,NA,NA,NA,NA,NA,NA,NA,NA,NA,NA,NA,NA,NA,NA,NA,NA,NA,NA,NA,NA,NA,NA,NA,NA,NA,NA,NA,NA,NA,NA,NA
Eswatini,SWZ,Southern Africa RCC,NA,NA,points,2641017368,-26.4887191,31.4069883,OpenStreetMap via osmdata,eswatini | NA,NA,NA,NA,NA,NA,NA,NA,NA,NA,NA,NA,NA,NA,NA,NA,NA,NA,NA,NA,NA,NA,NA,NA,NA,NA,NA,NA,NA,NA,NA,NA,NA,NA,NA,NA
Eswatini,SWZ,Southern Africa RCC,NA,NA,points,2641017369,-26.4891438,31.4072224,OpenStreetMap via osmdata,eswatini | NA,NA,NA,NA,NA,NA,NA,NA,NA,NA,NA,NA,NA,NA,NA,NA,NA,NA,NA,NA,NA,NA,NA,NA,NA,NA,NA,NA,NA,NA,NA,NA,NA,NA,NA,NA
Eswatini,SWZ,Southern Africa RCC,NA,NA,points,2641017370,-26.489949,31.4097859,OpenStreetMap via osmdata,eswatini | NA,NA,NA,NA,NA,NA,NA,NA,NA,NA,NA,NA,NA,NA,NA,NA,NA,NA,NA,NA,NA,NA,NA,NA,NA,NA,NA,NA,NA,NA,NA,NA,NA,NA,NA,NA
Eswatini,SWZ,Southern Africa RCC,NA,NA,points,2641017371,-26.4898552,31.4102419,OpenStreetMap via osmdata,eswatini | NA,NA,NA,NA,NA,NA,NA,NA,NA,NA,NA,NA,NA,NA,NA,NA,NA,NA,NA,NA,NA,NA,NA,NA,NA,NA,NA,NA,NA,NA,NA,NA,NA,NA,NA,NA
Eswatini,SWZ,Southern Africa RCC,NA,NA,points,2641017372,-26.4881069,31.410932,OpenStreetMap via osmdata,eswatini | NA,NA,NA,NA,NA,NA,NA,NA,NA,NA,NA,NA,NA,NA,NA,NA,NA,NA,NA,NA,NA,NA,NA,NA,NA,NA,NA,NA,NA,NA,NA,NA,NA,NA,NA,NA
Eswatini,SWZ,Southern Africa RCC,NA,NA,points,2641017373,-26.4877208,31.4107287,OpenStreetMap via osmdata,eswatini | NA,NA,NA,NA,NA,NA,NA,NA,NA,NA,NA,NA,NA,NA,NA,NA,NA,NA,NA,NA,NA,NA,NA,NA,NA,NA,NA,NA,NA,NA,NA,NA,NA,NA,NA,NA
Eswatini,SWZ,Southern Africa RCC,NA,NA,points,2641017374,-26.4869156,31.4080174,OpenStreetMap via osmdata,eswatini | NA,NA,NA,NA,NA,NA,NA,NA,NA,NA,NA,NA,NA,NA,NA,NA,NA,NA,NA,NA,NA,NA,NA,NA,NA,NA,NA,NA,NA,NA,NA,NA,NA,NA,NA,NA
Eswatini,SWZ,Southern Africa RCC,NA,NA,points,2641029285,-26.485413,31.4199754,OpenStreetMap via osmdata,eswatini | NA,NA,NA,NA,NA,NA,NA,NA,NA,NA,NA,NA,NA,NA,NA,NA,NA,NA,NA,NA,NA,NA,NA,NA,NA,NA,NA,NA,NA,NA,NA,NA,NA,NA,NA,NA
Eswatini,SWZ,Southern Africa RCC,NA,NA,points,2641029287,-26.4852236,31.4212404,OpenStreetMap via osmdata,eswatini | NA,NA,NA,NA,NA,NA,NA,NA,NA,NA,NA,NA,NA,NA,NA,NA,NA,NA,NA,NA,NA,NA,NA,NA,NA,NA,NA,NA,NA,NA,NA,NA,NA,NA,NA,NA
Eswatini,SWZ,Southern Africa RCC,NA,NA,points,2641029289,-26.4862605,31.4215239,OpenStreetMap via osmdata,eswatini | NA,NA,NA,NA,NA,NA,NA,NA,NA,NA,NA,NA,NA,NA,NA,NA,NA,NA,NA,NA,NA,NA,NA,NA,NA,NA,NA,NA,NA,NA,NA,NA,NA,NA,NA,NA
Eswatini,SWZ,Southern Africa RCC,NA,NA,points,2641029291,-26.4864686,31.4202729,OpenStreetMap via osmdata,eswatini | NA,NA,NA,NA,NA,NA,NA,NA,NA,NA,NA,NA,NA,NA,NA,NA,NA,NA,NA,NA,NA,NA,NA,NA,NA,NA,NA,NA,NA,NA,NA,NA,NA,NA,NA,NA
Eswatini,SWZ,Southern Africa RCC,NA,NA,points,2641377422,-26.5010421,31.3674777,OpenStreetMap via osmdata,eswatini | NA,NA,NA,NA,NA,NA,NA,NA,NA,NA,NA,NA,NA,NA,NA,NA,NA,NA,NA,NA,NA,NA,NA,NA,NA,NA,NA,NA,NA,NA,NA,NA,NA,NA,NA,NA
Eswatini,SWZ,Southern Africa RCC,NA,NA,points,2641377423,-26.5026609,31.3641686,OpenStreetMap via osmdata,eswatini | NA,NA,NA,NA,NA,NA,NA,NA,NA,NA,NA,NA,NA,NA,NA,NA,NA,NA,NA,NA,NA,NA,NA,NA,NA,NA,NA,NA,NA,NA,NA,NA,NA,NA,NA,NA
Eswatini,SWZ,Southern Africa RCC,NA,NA,points,2641377424,-26.5009168,31.3636266,OpenStreetMap via osmdata,eswatini | NA,NA,NA,NA,NA,NA,NA,NA,NA,NA,NA,NA,NA,NA,NA,NA,NA,NA,NA,NA,NA,NA,NA,NA,NA,NA,NA,NA,NA,NA,NA,NA,NA,NA,NA,NA
Eswatini,SWZ,Southern Africa RCC,NA,NA,points,2641377425,-26.5007585,31.3639967,OpenStreetMap via osmdata,eswatini | NA,NA,NA,NA,NA,NA,NA,NA,NA,NA,NA,NA,NA,NA,NA,NA,NA,NA,NA,NA,NA,NA,NA,NA,NA,NA,NA,NA,NA,NA,NA,NA,NA,NA,NA,NA
Eswatini,SWZ,Southern Africa RCC,NA,NA,points,2641377426,-26.501017,31.3646152,OpenStreetMap via osmdata,eswatini | NA,NA,NA,NA,NA,NA,NA,NA,NA,NA,NA,NA,NA,NA,NA,NA,NA,NA,NA,NA,NA,NA,NA,NA,NA,NA,NA,NA,NA,NA,NA,NA,NA,NA,NA,NA
Eswatini,SWZ,Southern Africa RCC,NA,NA,points,2641377427,-26.4995237,31.3649438,OpenStreetMap via osmdata,eswatini | NA,NA,NA,NA,NA,NA,NA,NA,NA,NA,NA,NA,NA,NA,NA,NA,NA,NA,NA,NA,NA,NA,NA,NA,NA,NA,NA,NA,NA,NA,NA,NA,NA,NA,NA,NA
Eswatini,SWZ,Southern Africa RCC,NA,NA,points,2641377428,-26.4991434,31.3649696,OpenStreetMap via osmdata,eswatini | NA,NA,NA,NA,NA,NA,NA,NA,NA,NA,NA,NA,NA,NA,NA,NA,NA,NA,NA,NA,NA,NA,NA,NA,NA,NA,NA,NA,NA,NA,NA,NA,NA,NA,NA,NA
Eswatini,SWZ,Southern Africa RCC,NA,NA,points,2641377429,-26.4986358,31.3660386,OpenStreetMap via osmdata,eswatini | NA,NA,NA,NA,NA,NA,NA,NA,NA,NA,NA,NA,NA,NA,NA,NA,NA,NA,NA,NA,NA,NA,NA,NA,NA,NA,NA,NA,NA,NA,NA,NA,NA,NA,NA,NA
Eswatini,SWZ,Southern Africa RCC,NA,NA,points,2643210784,-26.4951848,31.3857062,OpenStreetMap via osmdata,eswatini | NA,NA,NA,NA,NA,NA,NA,NA,NA,NA,NA,NA,NA,NA,NA,NA,NA,NA,NA,NA,NA,NA,NA,NA,NA,NA,NA,NA,NA,NA,NA,NA,NA,NA,NA,NA
Eswatini,SWZ,Southern Africa RCC,NA,NA,points,2643210786,-26.4948164,31.3867786,OpenStreetMap via osmdata,eswatini | NA,NA,NA,NA,NA,NA,NA,NA,NA,NA,NA,NA,NA,NA,NA,NA,NA,NA,NA,NA,NA,NA,NA,NA,NA,NA,NA,NA,NA,NA,NA,NA,NA,NA,NA,NA
Eswatini,SWZ,Southern Africa RCC,NA,NA,points,2643210787,-26.4954617,31.3870553,OpenStreetMap via osmdata,eswatini | NA,NA,NA,NA,NA,NA,NA,NA,NA,NA,NA,NA,NA,NA,NA,NA,NA,NA,NA,NA,NA,NA,NA,NA,NA,NA,NA,NA,NA,NA,NA,NA,NA,NA,NA,NA
Eswatini,SWZ,Southern Africa RCC,NA,NA,points,2643210788,-26.4958301,31.385983,OpenStreetMap via osmdata,eswatini | NA,NA,NA,NA,NA,NA,NA,NA,NA,NA,NA,NA,NA,NA,NA,NA,NA,NA,NA,NA,NA,NA,NA,NA,NA,NA,NA,NA,NA,NA,NA,NA,NA,NA,NA,NA
Eswatini,SWZ,Southern Africa RCC,NA,NA,points,2643210790,-26.495639,31.386539,OpenStreetMap via osmdata,eswatini | NA,NA,NA,NA,NA,NA,NA,NA,NA,NA,NA,NA,NA,NA,NA,NA,NA,NA,NA,NA,NA,NA,NA,NA,NA,NA,NA,NA,NA,NA,NA,NA,NA,NA,NA,NA
Eswatini,SWZ,Southern Africa RCC,NA,NA,points,3966028884,-26.3304887,31.144097,OpenStreetMap via osmdata,eswatini | NA,NA,NA,NA,NA,NA,NA,NA,NA,NA,NA,NA,NA,NA,NA,NA,NA,NA,NA,NA,NA,NA,NA,NA,NA,NA,NA,NA,NA,NA,NA,NA,NA,NA,NA,NA
Eswatini,SWZ,Southern Africa RCC,NA,NA,points,3966028885,-26.3303782,31.144646,OpenStreetMap via osmdata,eswatini | NA,NA,NA,NA,NA,NA,NA,NA,NA,NA,NA,NA,NA,NA,NA,NA,NA,NA,NA,NA,NA,NA,NA,NA,NA,NA,NA,NA,NA,NA,NA,NA,NA,NA,NA,NA
Eswatini,SWZ,Southern Africa RCC,NA,NA,points,3966028886,-26.330843,31.1452231,OpenStreetMap via osmdata,eswatini | NA,NA,NA,NA,NA,NA,NA,NA,NA,NA,NA,NA,NA,NA,NA,NA,NA,NA,NA,NA,NA,NA,NA,NA,NA,NA,NA,NA,NA,NA,NA,NA,NA,NA,NA,NA
Eswatini,SWZ,Southern Africa RCC,NA,NA,points,3966028887,-26.3311161,31.1450196,OpenStreetMap via osmdata,eswatini | NA,NA,NA,NA,NA,NA,NA,NA,NA,NA,NA,NA,NA,NA,NA,NA,NA,NA,NA,NA,NA,NA,NA,NA,NA,NA,NA,NA,NA,NA,NA,NA,NA,NA,NA,NA
Eswatini,SWZ,Southern Africa RCC,NA,NA,points,3966028893,-26.3325493,31.1423039,OpenStreetMap via osmdata,eswatini | NA,NA,NA,NA,NA,NA,NA,NA,NA,NA,NA,NA,NA,NA,NA,NA,NA,NA,NA,NA,NA,NA,NA,NA,NA,NA,NA,NA,NA,NA,NA,NA,NA,NA,NA,NA
Eswatini,SWZ,Southern Africa RCC,NA,NA,points,3966028894,-26.3324892,31.1422086,OpenStreetMap via osmdata,eswatini | NA,NA,NA,NA,NA,NA,NA,NA,NA,NA,NA,NA,NA,NA,NA,NA,NA,NA,NA,NA,NA,NA,NA,NA,NA,NA,NA,NA,NA,NA,NA,NA,NA,NA,NA,NA
Eswatini,SWZ,Southern Africa RCC,NA,NA,points,3966028895,-26.3318498,31.1424032,OpenStreetMap via osmdata,eswatini | NA,NA,NA,NA,NA,NA,NA,NA,NA,NA,NA,NA,NA,NA,NA,NA,NA,NA,NA,NA,NA,NA,NA,NA,NA,NA,NA,NA,NA,NA,NA,NA,NA,NA,NA,NA
Eswatini,SWZ,Southern Africa RCC,NA,NA,points,3966028896,-26.3315665,31.142638,OpenStreetMap via osmdata,eswatini | NA,NA,NA,NA,NA,NA,NA,NA,NA,NA,NA,NA,NA,NA,NA,NA,NA,NA,NA,NA,NA,NA,NA,NA,NA,NA,NA,NA,NA,NA,NA,NA,NA,NA,NA,NA
Eswatini,SWZ,Southern Africa RCC,NA,NA,points,3966028897,-26.3312624,31.1429143,OpenStreetMap via osmdata,eswatini | NA,NA,NA,NA,NA,NA,NA,NA,NA,NA,NA,NA,NA,NA,NA,NA,NA,NA,NA,NA,NA,NA,NA,NA,NA,NA,NA,NA,NA,NA,NA,NA,NA,NA,NA,NA
Eswatini,SWZ,Southern Africa RCC,NA,NA,points,3966028898,-26.3309583,31.143259,OpenStreetMap via osmdata,eswatini | NA,NA,NA,NA,NA,NA,NA,NA,NA,NA,NA,NA,NA,NA,NA,NA,NA,NA,NA,NA,NA,NA,NA,NA,NA,NA,NA,NA,NA,NA,NA,NA,NA,NA,NA,NA
Eswatini,SWZ,Southern Africa RCC,NA,NA,points,3966028899,-26.3308333,31.1434749,OpenStreetMap via osmdata,eswatini | NA,NA,NA,NA,NA,NA,NA,NA,NA,NA,NA,NA,NA,NA,NA,NA,NA,NA,NA,NA,NA,NA,NA,NA,NA,NA,NA,NA,NA,NA,NA,NA,NA,NA,NA,NA
Eswatini,SWZ,Southern Africa RCC,NA,NA,points,3966028900,-26.330766,31.1435795,OpenStreetMap via osmdata,eswatini | NA,NA,NA,NA,NA,NA,NA,NA,NA,NA,NA,NA,NA,NA,NA,NA,NA,NA,NA,NA,NA,NA,NA,NA,NA,NA,NA,NA,NA,NA,NA,NA,NA,NA,NA,NA
Eswatini,SWZ,Southern Africa RCC,NA,NA,points,3966028901,-26.3307275,31.1436506,OpenStreetMap via osmdata,eswatini | NA,NA,NA,NA,NA,NA,NA,NA,NA,NA,NA,NA,NA,NA,NA,NA,NA,NA,NA,NA,NA,NA,NA,NA,NA,NA,NA,NA,NA,NA,NA,NA,NA,NA,NA,NA
Eswatini,SWZ,Southern Africa RCC,NA,NA,points,3966028902,-26.3315829,31.1446428,OpenStreetMap via osmdata,eswatini | NA,NA,NA,NA,NA,NA,NA,NA,NA,NA,NA,NA,NA,NA,NA,NA,NA,NA,NA,NA,NA,NA,NA,NA,NA,NA,NA,NA,NA,NA,NA,NA,NA,NA,NA,NA
Eswatini,SWZ,Southern Africa RCC,NA,NA,points,3966028903,-26.3326154,31.1437805,OpenStreetMap via osmdata,eswatini | NA,NA,NA,NA,NA,NA,NA,NA,NA,NA,NA,NA,NA,NA,NA,NA,NA,NA,NA,NA,NA,NA,NA,NA,NA,NA,NA,NA,NA,NA,NA,NA,NA,NA,NA,NA
Eswatini,SWZ,Southern Africa RCC,NA,NA,points,3966028904,-26.3326046,31.142501,OpenStreetMap via osmdata,eswatini | NA,NA,NA,NA,NA,NA,NA,NA,NA,NA,NA,NA,NA,NA,NA,NA,NA,NA,NA,NA,NA,NA,NA,NA,NA,NA,NA,NA,NA,NA,NA,NA,NA,NA,NA,NA
Eswatini,SWZ,Southern Africa RCC,NA,NA,points,3966028905,-26.3325073,31.1424326,OpenStreetMap via osmdata,eswatini | NA,NA,NA,NA,NA,NA,NA,NA,NA,NA,NA,NA,NA,NA,NA,NA,NA,NA,NA,NA,NA,NA,NA,NA,NA,NA,NA,NA,NA,NA,NA,NA,NA,NA,NA,NA
Eswatini,SWZ,Southern Africa RCC,NA,NA,points,4181147815,-26.5074176,31.3033276,OpenStreetMap via osmdata,eswatini | NA,NA,NA,NA,NA,NA,NA,NA,NA,NA,NA,NA,NA,NA,NA,NA,NA,NA,NA,NA,NA,NA,NA,NA,NA,NA,NA,NA,NA,NA,NA,NA,NA,NA,NA,NA
Eswatini,SWZ,Southern Africa RCC,NA,NA,points,4288820010,-26.4683647,31.9607158,OpenStreetMap via osmdata,eswatini | NA,NA,NA,NA,NA,NA,NA,NA,NA,NA,NA,NA,NA,NA,NA,NA,NA,NA,NA,NA,NA,NA,NA,NA,NA,NA,NA,NA,NA,NA,NA,NA,NA,NA,NA,NA
Eswatini,SWZ,Southern Africa RCC,NA,NA,points,4288820011,-26.4683206,31.9610408,OpenStreetMap via osmdata,eswatini | NA,NA,NA,NA,NA,NA,NA,NA,NA,NA,NA,NA,NA,NA,NA,NA,NA,NA,NA,NA,NA,NA,NA,NA,NA,NA,NA,NA,NA,NA,NA,NA,NA,NA,NA,NA
Eswatini,SWZ,Southern Africa RCC,NA,NA,points,4288820012,-26.4685324,31.9610767,OpenStreetMap via osmdata,eswatini | NA,NA,NA,NA,NA,NA,NA,NA,NA,NA,NA,NA,NA,NA,NA,NA,NA,NA,NA,NA,NA,NA,NA,NA,NA,NA,NA,NA,NA,NA,NA,NA,NA,NA,NA,NA
Eswatini,SWZ,Southern Africa RCC,NA,NA,points,4288820013,-26.4685764,31.9607516,OpenStreetMap via osmdata,eswatini | NA,NA,NA,NA,NA,NA,NA,NA,NA,NA,NA,NA,NA,NA,NA,NA,NA,NA,NA,NA,NA,NA,NA,NA,NA,NA,NA,NA,NA,NA,NA,NA,NA,NA,NA,NA
Eswatini,SWZ,Southern Africa RCC,NA,NA,points,4377396897,-26.5067837,31.3024728,OpenStreetMap via osmdata,eswatini | NA,NA,NA,NA,NA,NA,NA,NA,NA,NA,NA,NA,NA,NA,NA,NA,NA,NA,NA,NA,NA,NA,NA,NA,NA,NA,NA,NA,NA,NA,NA,NA,NA,NA,NA,NA
Eswatini,SWZ,Southern Africa RCC,NA,NA,points,4377396899,-26.5081997,31.3033978,OpenStreetMap via osmdata,eswatini | NA,NA,NA,NA,NA,NA,NA,NA,NA,NA,NA,NA,NA,NA,NA,NA,NA,NA,NA,NA,NA,NA,NA,NA,NA,NA,NA,NA,NA,NA,NA,NA,NA,NA,NA,NA
Eswatini,SWZ,Southern Africa RCC,NA,NA,points,4377396900,-26.5074992,31.3035286,OpenStreetMap via osmdata,eswatini | NA,NA,NA,NA,NA,NA,NA,NA,NA,NA,NA,NA,NA,NA,NA,NA,NA,NA,NA,NA,NA,NA,NA,NA,NA,NA,NA,NA,NA,NA,NA,NA,NA,NA,NA,NA
Eswatini,SWZ,Southern Africa RCC,NA,NA,points,4377396902,-26.507337,31.3031841,OpenStreetMap via osmdata,eswatini | NA,NA,NA,NA,NA,NA,NA,NA,NA,NA,NA,NA,NA,NA,NA,NA,NA,NA,NA,NA,NA,NA,NA,NA,NA,NA,NA,NA,NA,NA,NA,NA,NA,NA,NA,NA
Eswatini,SWZ,Southern Africa RCC,NA,NA,points,4429583431,-26.4997049,31.3666779,OpenStreetMap via osmdata,eswatini | NA,NA,NA,NA,NA,NA,NA,NA,NA,NA,NA,NA,NA,NA,NA,NA,NA,NA,NA,NA,NA,NA,NA,NA,NA,NA,NA,NA,NA,NA,NA,NA,NA,NA,NA,NA
Eswatini,SWZ,Southern Africa RCC,NA,NA,points,4429583445,-26.4998762,31.3651799,OpenStreetMap via osmdata,eswatini | NA,NA,NA,NA,NA,NA,NA,NA,NA,NA,NA,NA,NA,NA,NA,NA,NA,NA,NA,NA,NA,NA,NA,NA,NA,NA,NA,NA,NA,NA,NA,NA,NA,NA,NA,NA
Eswatini,SWZ,Southern Africa RCC,Jikanilambu Medical Centre,doctors,points,4547997390,-26.3232087,31.1442245,OpenStreetMap via osmdata,eswatini | jikanilambu medical centre,Jikanilambu Medical Centre,NA,NA,NA,NA,NA,NA,doctors,NA,NA,NA,NA,NA,NA,NA,doctor,NA,Jikanilambu Medical Centre,NA,NA,NA,NA,NA,NA,NA,NA,NA,NA,NA,NA,NA,NA,NA,NA,jikanilambu medical centre
Eswatini,SWZ,Southern Africa RCC,Clicks,pharmacy,points,4551030689,-26.3285485,31.1415306,OpenStreetMap via osmdata,eswatini | clicks,Clicks,NA,NA,NA,NA,NA,NA,pharmacy,NA,NA,NA,NA,NA,NA,NA,pharmacy,NA,Clicks,NA,NA,NA,NA,NA,NA,NA,NA,NA,NA,NA,NA,NA,NA,NA,NA,clicks
Eswatini,SWZ,Southern Africa RCC,NA,pharmacy,points,4551221989,-26.3280233,31.1419623,OpenStreetMap via osmdata,eswatini | NA,NA,NA,NA,NA,NA,NA,NA,pharmacy,NA,NA,NA,NA,NA,NA,NA,pharmacy,NA,NA,NA,NA,NA,NA,NA,NA,NA,NA,NA,NA,NA,NA,NA,NA,NA,NA,NA
Eswatini,SWZ,Southern Africa RCC,Likhemisi Chinese Medicine,pharmacy,points,4551238590,-26.3256303,31.1408397,OpenStreetMap via osmdata,eswatini | likhemisi chinese medicine,Likhemisi Chinese Medicine,NA,NA,NA,NA,NA,NA,pharmacy,NA,NA,NA,NA,NA,NA,NA,pharmacy,NA,Likhemisi Chinese Medicine,NA,NA,NA,NA,NA,NA,NA,NA,NA,NA,NA,NA,NA,NA,NA,NA,likhemisi chinese medicine
Eswatini,SWZ,Southern Africa RCC,Health Care,doctors,points,4552529002,-26.4908585,31.3774348,OpenStreetMap via osmdata,eswatini | health care,Health Care,NA,NA,NA,NA,NA,NA,doctors,NA,NA,NA,NA,NA,NA,NA,NA,NA,Health Care,NA,NA,NA,NA,NA,NA,NA,NA,NA,NA,NA,NA,NA,NA,NA,NA,health care
Eswatini,SWZ,Southern Africa RCC,Phumelea Clinic,clinic,points,4552529199,-26.4911537,31.2263284,OpenStreetMap via osmdata,eswatini | phumelea clinic,Phumelea Clinic,NA,NA,NA,NA,NA,NA,clinic,NA,NA,NA,NA,NA,NA,NA,NA,NA,Phumelea Clinic,NA,NA,NA,NA,NA,NA,NA,NA,NA,NA,NA,NA,NA,NA,NA,NA,phumelea clinic
Eswatini,SWZ,Southern Africa RCC,NA,pharmacy,points,4552559302,-26.4937239,31.3786352,OpenStreetMap via osmdata,eswatini | NA,NA,NA,NA,NA,NA,NA,NA,pharmacy,NA,NA,NA,NA,NA,NA,NA,pharmacy,NA,NA,NA,NA,NA,NA,NA,NA,NA,NA,NA,NA,NA,NA,NA,NA,NA,NA,NA
Eswatini,SWZ,Southern Africa RCC,NA,NA,points,4696868196,-26.5019834,31.3103281,OpenStreetMap via osmdata,eswatini | NA,NA,NA,NA,NA,NA,NA,NA,NA,NA,NA,NA,NA,NA,NA,NA,NA,NA,NA,NA,NA,NA,NA,NA,NA,NA,NA,NA,NA,NA,NA,NA,NA,NA,NA,NA
Eswatini,SWZ,Southern Africa RCC,NA,NA,points,4696868197,-26.5019597,31.310263,OpenStreetMap via osmdata,eswatini | NA,NA,NA,NA,NA,NA,NA,NA,NA,NA,NA,NA,NA,NA,NA,NA,NA,NA,NA,NA,NA,NA,NA,NA,NA,NA,NA,NA,NA,NA,NA,NA,NA,NA,NA,NA
Eswatini,SWZ,Southern Africa RCC,NA,NA,points,4696868198,-26.5020825,31.3102071,OpenStreetMap via osmdata,eswatini | NA,NA,NA,NA,NA,NA,NA,NA,NA,NA,NA,NA,NA,NA,NA,NA,NA,NA,NA,NA,NA,NA,NA,NA,NA,NA,NA,NA,NA,NA,NA,NA,NA,NA,NA,NA
Eswatini,SWZ,Southern Africa RCC,NA,NA,points,4696868199,-26.5021049,31.3102683,OpenStreetMap via osmdata,eswatini | NA,NA,NA,NA,NA,NA,NA,NA,NA,NA,NA,NA,NA,NA,NA,NA,NA,NA,NA,NA,NA,NA,NA,NA,NA,NA,NA,NA,NA,NA,NA,NA,NA,NA,NA,NA
Eswatini,SWZ,Southern Africa RCC,NA,NA,points,4698391535,-26.5010297,31.3661904,OpenStreetMap via osmdata,eswatini | NA,NA,NA,NA,NA,NA,NA,NA,NA,NA,NA,NA,NA,NA,NA,NA,NA,NA,NA,NA,NA,NA,NA,NA,NA,NA,NA,NA,NA,NA,NA,NA,NA,NA,NA,NA
Eswatini,SWZ,Southern Africa RCC,NA,NA,points,4698391536,-26.5009347,31.3662326,OpenStreetMap via osmdata,eswatini | NA,NA,NA,NA,NA,NA,NA,NA,NA,NA,NA,NA,NA,NA,NA,NA,NA,NA,NA,NA,NA,NA,NA,NA,NA,NA,NA,NA,NA,NA,NA,NA,NA,NA,NA,NA
Eswatini,SWZ,Southern Africa RCC,NA,NA,points,4698391537,-26.5007928,31.365796,OpenStreetMap via osmdata,eswatini | NA,NA,NA,NA,NA,NA,NA,NA,NA,NA,NA,NA,NA,NA,NA,NA,NA,NA,NA,NA,NA,NA,NA,NA,NA,NA,NA,NA,NA,NA,NA,NA,NA,NA,NA,NA
Eswatini,SWZ,Southern Africa RCC,NA,NA,points,4698391538,-26.5008771,31.3657551,OpenStreetMap via osmdata,eswatini | NA,NA,NA,NA,NA,NA,NA,NA,NA,NA,NA,NA,NA,NA,NA,NA,NA,NA,NA,NA,NA,NA,NA,NA,NA,NA,NA,NA,NA,NA,NA,NA,NA,NA,NA,NA
Eswatini,SWZ,Southern Africa RCC,NA,clinic,points,4781608634,-26.4086672,31.7026348,OpenStreetMap via osmdata,eswatini | NA,NA,NA,NA,NA,NA,NA,NA,clinic,NA,NA,NA,NA,NA,NA,NA,clinic,NA,NA,NA,NA,NA,NA,NA,NA,NA,NA,NA,NA,NA,NA,NA,NA,NA,NA,NA
Eswatini,SWZ,Southern Africa RCC,Bilharzia & Intestinal worm Control Program,hospital,points,5232600228,-26.497322,31.3798396,OpenStreetMap via osmdata,eswatini | bilharzia intestinal worm control program,Bilharzia & Intestinal worm Control Program,NA,NA,NA,NA,NA,NA,hospital,NA,NA,NA,NA,NA,NA,NA,hospital,NA,NA,NA,NA,NA,NA,NA,NA,NA,NA,NA,NA,NA,NA,NA,NA,NA,NA,bilharzia intestinal worm control program
Eswatini,SWZ,Southern Africa RCC,NA,NA,points,5279928622,-25.957949,31.2471554,OpenStreetMap via osmdata,eswatini | NA,NA,NA,NA,NA,NA,NA,NA,NA,NA,NA,NA,NA,NA,NA,NA,NA,NA,NA,NA,NA,NA,NA,NA,NA,NA,NA,NA,NA,NA,NA,NA,NA,NA,NA,NA
Eswatini,SWZ,Southern Africa RCC,NA,NA,points,6145524256,-26.5017405,31.3624439,OpenStreetMap via osmdata,eswatini | NA,NA,NA,NA,NA,NA,NA,NA,NA,NA,NA,NA,NA,NA,NA,NA,NA,NA,NA,NA,NA,NA,NA,NA,NA,NA,NA,NA,NA,NA,NA,NA,NA,NA,NA,NA
Eswatini,SWZ,Southern Africa RCC,NA,NA,points,6145524257,-26.5014929,31.3625976,OpenStreetMap via osmdata,eswatini | NA,NA,NA,NA,NA,NA,NA,NA,NA,NA,NA,NA,NA,NA,NA,NA,NA,NA,NA,NA,NA,NA,NA,NA,NA,NA,NA,NA,NA,NA,NA,NA,NA,NA,NA,NA
Eswatini,SWZ,Southern Africa RCC,NA,NA,points,6145524258,-26.5013186,31.3628231,OpenStreetMap via osmdata,eswatini | NA,NA,NA,NA,NA,NA,NA,NA,NA,NA,NA,NA,NA,NA,NA,NA,NA,NA,NA,NA,NA,NA,NA,NA,NA,NA,NA,NA,NA,NA,NA,NA,NA,NA,NA,NA
Eswatini,SWZ,Southern Africa RCC,NA,NA,points,6145524259,-26.5011168,31.363151,OpenStreetMap via osmdata,eswatini | NA,NA,NA,NA,NA,NA,NA,NA,NA,NA,NA,NA,NA,NA,NA,NA,NA,NA,NA,NA,NA,NA,NA,NA,NA,NA,NA,NA,NA,NA,NA,NA,NA,NA,NA,NA
Eswatini,SWZ,Southern Africa RCC,CN Pharmacy,pharmacy,points,6290840465,-26.493038,31.3084463,OpenStreetMap via osmdata,eswatini | cn pharmacy,CN Pharmacy,NA,NA,NA,NA,NA,NA,pharmacy,NA,NA,NA,NA,yes,NA,NA,pharmacy,NA,NA,NA,NA,NA,NA,NA,NA,NA,NA,NA,NA,NA,NA,NA,NA,NA,NA,cn pharmacy
Eswatini,SWZ,Southern Africa RCC,NA,NA,points,6409365587,-26.3291313,31.135486,OpenStreetMap via osmdata,eswatini | NA,NA,NA,NA,NA,NA,NA,NA,NA,NA,NA,NA,NA,NA,NA,NA,NA,NA,NA,NA,NA,NA,NA,NA,NA,NA,NA,NA,NA,NA,NA,NA,NA,NA,NA,NA
Eswatini,SWZ,Southern Africa RCC,Hlatikhulu General Hospital,hospital,points,6471968133,-26.9735117,31.324405,OpenStreetMap via osmdata,eswatini | hlatikhulu general hospital,Hlatikhulu General Hospital,NA,NA,NA,NA,NA,NA,hospital,NA,NA,NA,NA,NA,NA,NA,hospital,NA,NA,NA,NA,NA,NA,NA,NA,NA,NA,NA,NA,NA,NA,NA,NA,NA,NA,hlatikhulu general hospital
Eswatini,SWZ,Southern Africa RCC,NA,NA,points,6750526895,-26.3610825,31.330454,OpenStreetMap via osmdata,eswatini | NA,NA,NA,NA,NA,NA,NA,NA,NA,NA,NA,NA,NA,NA,NA,NA,NA,NA,NA,NA,NA,NA,NA,NA,NA,NA,NA,NA,NA,NA,NA,NA,NA,NA,NA,NA
Eswatini,SWZ,Southern Africa RCC,NA,NA,points,6750526896,-26.361001,31.3312697,OpenStreetMap via osmdata,eswatini | NA,NA,NA,NA,NA,NA,NA,NA,NA,NA,NA,NA,NA,NA,NA,NA,NA,NA,NA,NA,NA,NA,NA,NA,NA,NA,NA,NA,NA,NA,NA,NA,NA,NA,NA,NA
Eswatini,SWZ,Southern Africa RCC,NA,NA,points,6750526897,-26.3597898,31.3312054,OpenStreetMap via osmdata,eswatini | NA,NA,NA,NA,NA,NA,NA,NA,NA,NA,NA,NA,NA,NA,NA,NA,NA,NA,NA,NA,NA,NA,NA,NA,NA,NA,NA,NA,NA,NA,NA,NA,NA,NA,NA,NA
Eswatini,SWZ,Southern Africa RCC,NA,NA,points,6750526898,-26.3597513,31.3313824,OpenStreetMap via osmdata,eswatini | NA,NA,NA,NA,NA,NA,NA,NA,NA,NA,NA,NA,NA,NA,NA,NA,NA,NA,NA,NA,NA,NA,NA,NA,NA,NA,NA,NA,NA,NA,NA,NA,NA,NA,NA,NA
Eswatini,SWZ,Southern Africa RCC,NA,NA,points,6750526899,-26.3592851,31.3313931,OpenStreetMap via osmdata,eswatini | NA,NA,NA,NA,NA,NA,NA,NA,NA,NA,NA,NA,NA,NA,NA,NA,NA,NA,NA,NA,NA,NA,NA,NA,NA,NA,NA,NA,NA,NA,NA,NA,NA,NA,NA,NA
Eswatini,SWZ,Southern Africa RCC,NA,NA,points,6750526900,-26.3597273,31.3304168,OpenStreetMap via osmdata,eswatini | NA,NA,NA,NA,NA,NA,NA,NA,NA,NA,NA,NA,NA,NA,NA,NA,NA,NA,NA,NA,NA,NA,NA,NA,NA,NA,NA,NA,NA,NA,NA,NA,NA,NA,NA,NA
Eswatini,SWZ,Southern Africa RCC,St. Florence Clinic,clinic,points,6750526901,-26.2515849,31.4367771,OpenStreetMap via osmdata,eswatini | st florence clinic,St. Florence Clinic,NA,NA,NA,NA,NA,NA,clinic,NA,NA,NA,NA,NA,NA,NA,NA,NA,NA,NA,NA,NA,NA,NA,NA,NA,NA,NA,NA,NA,NA,NA,NA,NA,NA,st florence clinic
Eswatini,SWZ,Southern Africa RCC,Kuphileni Clinic,clinic,points,6750526902,-26.238647,31.3749629,OpenStreetMap via osmdata,eswatini | kuphileni clinic,Kuphileni Clinic,NA,NA,NA,NA,NA,NA,clinic,NA,NA,NA,NA,NA,NA,NA,NA,NA,NA,NA,NA,NA,NA,NA,NA,NA,NA,NA,NA,NA,NA,NA,NA,NA,NA,kuphileni clinic
Eswatini,SWZ,Southern Africa RCC,Baylor Childrens Clinic Eswatini,hospital,points,6977101285,-26.3187649,31.1315651,OpenStreetMap via osmdata,eswatini | baylor childrens clinic eswatini,Baylor Childrens Clinic Eswatini,NA,NA,NA,NA,NA,NA,hospital,NA,NA,NA,NA,NA,info@baylorswaziland.org.sz,NA,hospital,NA,NA,Mo-Fr 07:30-16:30,NA,NA,NA,+26824096000,NA,NA,NA,NA,NA,NA,NA,NA,NA,NA,NA,baylor childrens clinic eswatini
Eswatini,SWZ,Southern Africa RCC,NA,NA,points,7123980186,-26.3285259,31.1341934,OpenStreetMap via osmdata,eswatini | NA,NA,NA,NA,NA,NA,NA,NA,NA,NA,NA,NA,NA,NA,NA,NA,NA,NA,NA,NA,NA,NA,NA,NA,NA,NA,NA,NA,NA,NA,NA,NA,NA,NA,NA,NA
Eswatini,SWZ,Southern Africa RCC,NA,NA,points,7123980187,-26.328643,31.1343305,OpenStreetMap via osmdata,eswatini | NA,NA,NA,NA,NA,NA,NA,NA,NA,NA,NA,NA,NA,NA,NA,NA,NA,NA,NA,NA,NA,NA,NA,NA,NA,NA,NA,NA,NA,NA,NA,NA,NA,NA,NA,NA
Eswatini,SWZ,Southern Africa RCC,NA,NA,points,7123980188,-26.328952,31.1346847,OpenStreetMap via osmdata,eswatini | NA,NA,NA,NA,NA,NA,NA,NA,NA,NA,NA,NA,NA,NA,NA,NA,NA,NA,NA,NA,NA,NA,NA,NA,NA,NA,NA,NA,NA,NA,NA,NA,NA,NA,NA,NA
Eswatini,SWZ,Southern Africa RCC,NA,NA,points,7123980189,-26.3291355,31.134896,OpenStreetMap via osmdata,eswatini | NA,NA,NA,NA,NA,NA,NA,NA,NA,NA,NA,NA,NA,NA,NA,NA,NA,NA,NA,NA,NA,NA,NA,NA,NA,NA,NA,NA,NA,NA,NA,NA,NA,NA,NA,NA
Eswatini,SWZ,Southern Africa RCC,NA,NA,points,7123980190,-26.3292155,31.1349768,OpenStreetMap via osmdata,eswatini | NA,NA,NA,NA,NA,NA,NA,NA,NA,NA,NA,NA,NA,NA,NA,NA,NA,NA,NA,NA,NA,NA,NA,NA,NA,NA,NA,NA,NA,NA,NA,NA,NA,NA,NA,NA
Eswatini,SWZ,Southern Africa RCC,NA,NA,points,7123980191,-26.329165,31.1353178,OpenStreetMap via osmdata,eswatini | NA,NA,NA,NA,NA,NA,NA,NA,NA,NA,NA,NA,NA,NA,NA,NA,NA,NA,NA,NA,NA,NA,NA,NA,NA,NA,NA,NA,NA,NA,NA,NA,NA,NA,NA,NA
Eswatini,SWZ,Southern Africa RCC,NA,NA,points,7123980192,-26.3276166,31.134633,OpenStreetMap via osmdata,eswatini | NA,NA,NA,NA,NA,NA,NA,NA,NA,NA,NA,NA,NA,NA,NA,NA,NA,NA,NA,NA,NA,NA,NA,NA,NA,NA,NA,NA,NA,NA,NA,NA,NA,NA,NA,NA
Eswatini,SWZ,Southern Africa RCC,NA,NA,points,7123980193,-26.3277724,31.1347814,OpenStreetMap via osmdata,eswatini | NA,NA,NA,NA,NA,NA,NA,NA,NA,NA,NA,NA,NA,NA,NA,NA,NA,NA,NA,NA,NA,NA,NA,NA,NA,NA,NA,NA,NA,NA,NA,NA,NA,NA,NA,NA
Eswatini,SWZ,Southern Africa RCC,NA,NA,points,7123980194,-26.3279121,31.1349233,OpenStreetMap via osmdata,eswatini | NA,NA,NA,NA,NA,NA,NA,NA,NA,NA,NA,NA,NA,NA,NA,NA,NA,NA,NA,NA,NA,NA,NA,NA,NA,NA,NA,NA,NA,NA,NA,NA,NA,NA,NA,NA
Eswatini,SWZ,Southern Africa RCC,NA,NA,points,7123980195,-26.3284354,31.1354212,OpenStreetMap via osmdata,eswatini | NA,NA,NA,NA,NA,NA,NA,NA,NA,NA,NA,NA,NA,NA,NA,NA,NA,NA,NA,NA,NA,NA,NA,NA,NA,NA,NA,NA,NA,NA,NA,NA,NA,NA,NA,NA
Eswatini,SWZ,Southern Africa RCC,NA,NA,points,7123980196,-26.328419,31.1340675,OpenStreetMap via osmdata,eswatini | NA,NA,NA,NA,NA,NA,NA,NA,NA,NA,NA,NA,NA,NA,NA,NA,NA,NA,NA,NA,NA,NA,NA,NA,NA,NA,NA,NA,NA,NA,NA,NA,NA,NA,NA,NA
Eswatini,SWZ,Southern Africa RCC,NA,NA,points,7123980197,-26.3283618,31.133998,OpenStreetMap via osmdata,eswatini | NA,NA,NA,NA,NA,NA,NA,NA,NA,NA,NA,NA,NA,NA,NA,NA,NA,NA,NA,NA,NA,NA,NA,NA,NA,NA,NA,NA,NA,NA,NA,NA,NA,NA,NA,NA
Eswatini,SWZ,Southern Africa RCC,NA,NA,points,7325106243,-26.44384,31.188365,OpenStreetMap via osmdata,eswatini | NA,NA,NA,NA,NA,NA,NA,NA,NA,NA,NA,NA,NA,NA,NA,NA,NA,NA,NA,NA,NA,NA,NA,NA,NA,NA,NA,NA,NA,NA,NA,NA,NA,NA,NA,NA
Eswatini,SWZ,Southern Africa RCC,NA,NA,points,7325106244,-26.442686,31.1871927,OpenStreetMap via osmdata,eswatini | NA,NA,NA,NA,NA,NA,NA,NA,NA,NA,NA,NA,NA,NA,NA,NA,NA,NA,NA,NA,NA,NA,NA,NA,NA,NA,NA,NA,NA,NA,NA,NA,NA,NA,NA,NA
Eswatini,SWZ,Southern Africa RCC,NA,NA,points,7325106245,-26.4434439,31.186283,OpenStreetMap via osmdata,eswatini | NA,NA,NA,NA,NA,NA,NA,NA,NA,NA,NA,NA,NA,NA,NA,NA,NA,NA,NA,NA,NA,NA,NA,NA,NA,NA,NA,NA,NA,NA,NA,NA,NA,NA,NA,NA
Eswatini,SWZ,Southern Africa RCC,NA,NA,points,7325106246,-26.4440184,31.1868403,OpenStreetMap via osmdata,eswatini | NA,NA,NA,NA,NA,NA,NA,NA,NA,NA,NA,NA,NA,NA,NA,NA,NA,NA,NA,NA,NA,NA,NA,NA,NA,NA,NA,NA,NA,NA,NA,NA,NA,NA,NA,NA
Eswatini,SWZ,Southern Africa RCC,NA,NA,points,7325106247,-26.4440864,31.1874462,OpenStreetMap via osmdata,eswatini | NA,NA,NA,NA,NA,NA,NA,NA,NA,NA,NA,NA,NA,NA,NA,NA,NA,NA,NA,NA,NA,NA,NA,NA,NA,NA,NA,NA,NA,NA,NA,NA,NA,NA,NA,NA
Eswatini,SWZ,Southern Africa RCC,NA,NA,points,7325106248,-26.4439073,31.1884292,OpenStreetMap via osmdata,eswatini | NA,NA,NA,NA,NA,NA,NA,NA,NA,NA,NA,NA,NA,NA,NA,NA,NA,NA,NA,NA,NA,NA,NA,NA,NA,NA,NA,NA,NA,NA,NA,NA,NA,NA,NA,NA
Eswatini,SWZ,Southern Africa RCC,NA,NA,points,7325110027,-27.1215597,31.2086762,OpenStreetMap via osmdata,eswatini | NA,NA,NA,NA,NA,NA,NA,NA,NA,NA,NA,NA,NA,NA,NA,NA,NA,NA,NA,NA,NA,NA,NA,NA,NA,NA,NA,NA,NA,NA,NA,NA,NA,NA,NA,NA
Eswatini,SWZ,Southern Africa RCC,NA,NA,points,7325110028,-27.1216204,31.2087046,OpenStreetMap via osmdata,eswatini | NA,NA,NA,NA,NA,NA,NA,NA,NA,NA,NA,NA,NA,NA,NA,NA,NA,NA,NA,NA,NA,NA,NA,NA,NA,NA,NA,NA,NA,NA,NA,NA,NA,NA,NA,NA
Eswatini,SWZ,Southern Africa RCC,NA,NA,points,7325110029,-27.1220646,31.2089665,OpenStreetMap via osmdata,eswatini | NA,NA,NA,NA,NA,NA,NA,NA,NA,NA,NA,NA,NA,NA,NA,NA,NA,NA,NA,NA,NA,NA,NA,NA,NA,NA,NA,NA,NA,NA,NA,NA,NA,NA,NA,NA
Eswatini,SWZ,Southern Africa RCC,NA,NA,points,7325110030,-27.1232521,31.2092532,OpenStreetMap via osmdata,eswatini | NA,NA,NA,NA,NA,NA,NA,NA,NA,NA,NA,NA,NA,NA,NA,NA,NA,NA,NA,NA,NA,NA,NA,NA,NA,NA,NA,NA,NA,NA,NA,NA,NA,NA,NA,NA
Eswatini,SWZ,Southern Africa RCC,NA,NA,points,7325110031,-27.1238947,31.2080463,OpenStreetMap via osmdata,eswatini | NA,NA,NA,NA,NA,NA,NA,NA,NA,NA,NA,NA,NA,NA,NA,NA,NA,NA,NA,NA,NA,NA,NA,NA,NA,NA,NA,NA,NA,NA,NA,NA,NA,NA,NA,NA
Eswatini,SWZ,Southern Africa RCC,NA,NA,points,7325110032,-27.12054,31.2059405,OpenStreetMap via osmdata,eswatini | NA,NA,NA,NA,NA,NA,NA,NA,NA,NA,NA,NA,NA,NA,NA,NA,NA,NA,NA,NA,NA,NA,NA,NA,NA,NA,NA,NA,NA,NA,NA,NA,NA,NA,NA,NA
Eswatini,SWZ,Southern Africa RCC,NA,NA,points,7325110033,-27.1203667,31.2079791,OpenStreetMap via osmdata,eswatini | NA,NA,NA,NA,NA,NA,NA,NA,NA,NA,NA,NA,NA,NA,NA,NA,NA,NA,NA,NA,NA,NA,NA,NA,NA,NA,NA,NA,NA,NA,NA,NA,NA,NA,NA,NA
Eswatini,SWZ,Southern Africa RCC,NA,NA,points,7325110034,-27.1209495,31.208333,OpenStreetMap via osmdata,eswatini | NA,NA,NA,NA,NA,NA,NA,NA,NA,NA,NA,NA,NA,NA,NA,NA,NA,NA,NA,NA,NA,NA,NA,NA,NA,NA,NA,NA,NA,NA,NA,NA,NA,NA,NA,NA
Eswatini,SWZ,Southern Africa RCC,NA,NA,points,7325110035,-27.1205872,31.2090479,OpenStreetMap via osmdata,eswatini | NA,NA,NA,NA,NA,NA,NA,NA,NA,NA,NA,NA,NA,NA,NA,NA,NA,NA,NA,NA,NA,NA,NA,NA,NA,NA,NA,NA,NA,NA,NA,NA,NA,NA,NA,NA
Eswatini,SWZ,Southern Africa RCC,NA,NA,points,7325115124,-26.3288821,31.134602,OpenStreetMap via osmdata,eswatini | NA,NA,NA,NA,NA,NA,NA,NA,NA,NA,NA,NA,NA,NA,NA,NA,NA,NA,NA,NA,NA,NA,NA,NA,NA,NA,NA,NA,NA,NA,NA,NA,NA,NA,NA,NA
Eswatini,SWZ,Southern Africa RCC,NA,NA,points,7325115125,-26.3290681,31.1357791,OpenStreetMap via osmdata,eswatini | NA,NA,NA,NA,NA,NA,NA,NA,NA,NA,NA,NA,NA,NA,NA,NA,NA,NA,NA,NA,NA,NA,NA,NA,NA,NA,NA,NA,NA,NA,NA,NA,NA,NA,NA,NA
Eswatini,SWZ,Southern Africa RCC,NA,NA,points,7325115126,-26.3284182,31.1354846,OpenStreetMap via osmdata,eswatini | NA,NA,NA,NA,NA,NA,NA,NA,NA,NA,NA,NA,NA,NA,NA,NA,NA,NA,NA,NA,NA,NA,NA,NA,NA,NA,NA,NA,NA,NA,NA,NA,NA,NA,NA,NA
Eswatini,SWZ,Southern Africa RCC,NA,NA,points,7325115288,-26.5080401,31.3024949,OpenStreetMap via osmdata,eswatini | NA,NA,NA,NA,NA,NA,NA,NA,NA,NA,NA,NA,NA,NA,NA,NA,NA,NA,NA,NA,NA,NA,NA,NA,NA,NA,NA,NA,NA,NA,NA,NA,NA,NA,NA,NA
Eswatini,SWZ,Southern Africa RCC,NA,NA,points,7325119773,-25.9580624,31.2493596,OpenStreetMap via osmdata,eswatini | NA,NA,NA,NA,NA,NA,NA,NA,NA,NA,NA,NA,NA,NA,NA,NA,NA,NA,NA,NA,NA,NA,NA,NA,NA,NA,NA,NA,NA,NA,NA,NA,NA,NA,NA,NA
Eswatini,SWZ,Southern Africa RCC,NA,NA,points,7325119774,-25.959659,31.2477047,OpenStreetMap via osmdata,eswatini | NA,NA,NA,NA,NA,NA,NA,NA,NA,NA,NA,NA,NA,NA,NA,NA,NA,NA,NA,NA,NA,NA,NA,NA,NA,NA,NA,NA,NA,NA,NA,NA,NA,NA,NA,NA
Eswatini,SWZ,Southern Africa RCC,NA,NA,points,7325119775,-25.9593262,31.2473282,OpenStreetMap via osmdata,eswatini | NA,NA,NA,NA,NA,NA,NA,NA,NA,NA,NA,NA,NA,NA,NA,NA,NA,NA,NA,NA,NA,NA,NA,NA,NA,NA,NA,NA,NA,NA,NA,NA,NA,NA,NA,NA
Eswatini,SWZ,Southern Africa RCC,NA,NA,points,7325119776,-25.9584822,31.2471881,OpenStreetMap via osmdata,eswatini | NA,NA,NA,NA,NA,NA,NA,NA,NA,NA,NA,NA,NA,NA,NA,NA,NA,NA,NA,NA,NA,NA,NA,NA,NA,NA,NA,NA,NA,NA,NA,NA,NA,NA,NA,NA
Eswatini,SWZ,Southern Africa RCC,NA,NA,points,7325119778,-25.9574199,31.2472348,OpenStreetMap via osmdata,eswatini | NA,NA,NA,NA,NA,NA,NA,NA,NA,NA,NA,NA,NA,NA,NA,NA,NA,NA,NA,NA,NA,NA,NA,NA,NA,NA,NA,NA,NA,NA,NA,NA,NA,NA,NA,NA
Eswatini,SWZ,Southern Africa RCC,NA,NA,points,7325119779,-25.9566641,31.2472068,OpenStreetMap via osmdata,eswatini | NA,NA,NA,NA,NA,NA,NA,NA,NA,NA,NA,NA,NA,NA,NA,NA,NA,NA,NA,NA,NA,NA,NA,NA,NA,NA,NA,NA,NA,NA,NA,NA,NA,NA,NA,NA
Eswatini,SWZ,Southern Africa RCC,NA,NA,points,7325119780,-25.9564374,31.2474169,OpenStreetMap via osmdata,eswatini | NA,NA,NA,NA,NA,NA,NA,NA,NA,NA,NA,NA,NA,NA,NA,NA,NA,NA,NA,NA,NA,NA,NA,NA,NA,NA,NA,NA,NA,NA,NA,NA,NA,NA,NA,NA
Eswatini,SWZ,Southern Africa RCC,NA,NA,points,7325125519,-26.97359,31.3251764,OpenStreetMap via osmdata,eswatini | NA,NA,NA,NA,NA,NA,NA,NA,NA,NA,NA,NA,NA,NA,NA,NA,NA,NA,NA,NA,NA,NA,NA,NA,NA,NA,NA,NA,NA,NA,NA,NA,NA,NA,NA,NA
Eswatini,SWZ,Southern Africa RCC,NA,NA,points,7325125520,-26.973623,31.3248775,OpenStreetMap via osmdata,eswatini | NA,NA,NA,NA,NA,NA,NA,NA,NA,NA,NA,NA,NA,NA,NA,NA,NA,NA,NA,NA,NA,NA,NA,NA,NA,NA,NA,NA,NA,NA,NA,NA,NA,NA,NA,NA
Eswatini,SWZ,Southern Africa RCC,NA,NA,points,7325125521,-26.9737355,31.3247019,OpenStreetMap via osmdata,eswatini | NA,NA,NA,NA,NA,NA,NA,NA,NA,NA,NA,NA,NA,NA,NA,NA,NA,NA,NA,NA,NA,NA,NA,NA,NA,NA,NA,NA,NA,NA,NA,NA,NA,NA,NA,NA
Eswatini,SWZ,Southern Africa RCC,NA,NA,points,7325125522,-26.9738783,31.3245725,OpenStreetMap via osmdata,eswatini | NA,NA,NA,NA,NA,NA,NA,NA,NA,NA,NA,NA,NA,NA,NA,NA,NA,NA,NA,NA,NA,NA,NA,NA,NA,NA,NA,NA,NA,NA,NA,NA,NA,NA,NA,NA
Eswatini,SWZ,Southern Africa RCC,NA,NA,points,7325125523,-26.973914,31.3240764,OpenStreetMap via osmdata,eswatini | NA,NA,NA,NA,NA,NA,NA,NA,NA,NA,NA,NA,NA,NA,NA,NA,NA,NA,NA,NA,NA,NA,NA,NA,NA,NA,NA,NA,NA,NA,NA,NA,NA,NA,NA,NA
Eswatini,SWZ,Southern Africa RCC,NA,NA,points,7325125524,-26.9741282,31.32273,OpenStreetMap via osmdata,eswatini | NA,NA,NA,NA,NA,NA,NA,NA,NA,NA,NA,NA,NA,NA,NA,NA,NA,NA,NA,NA,NA,NA,NA,NA,NA,NA,NA,NA,NA,NA,NA,NA,NA,NA,NA,NA
Eswatini,SWZ,Southern Africa RCC,NA,NA,points,7325125525,-26.9738756,31.3227269,OpenStreetMap via osmdata,eswatini | NA,NA,NA,NA,NA,NA,NA,NA,NA,NA,NA,NA,NA,NA,NA,NA,NA,NA,NA,NA,NA,NA,NA,NA,NA,NA,NA,NA,NA,NA,NA,NA,NA,NA,NA,NA
Eswatini,SWZ,Southern Africa RCC,NA,NA,points,7325125526,-26.9734582,31.3232353,OpenStreetMap via osmdata,eswatini | NA,NA,NA,NA,NA,NA,NA,NA,NA,NA,NA,NA,NA,NA,NA,NA,NA,NA,NA,NA,NA,NA,NA,NA,NA,NA,NA,NA,NA,NA,NA,NA,NA,NA,NA,NA
Eswatini,SWZ,Southern Africa RCC,NA,NA,points,7325125527,-26.9733566,31.3232938,OpenStreetMap via osmdata,eswatini | NA,NA,NA,NA,NA,NA,NA,NA,NA,NA,NA,NA,NA,NA,NA,NA,NA,NA,NA,NA,NA,NA,NA,NA,NA,NA,NA,NA,NA,NA,NA,NA,NA,NA,NA,NA
Eswatini,SWZ,Southern Africa RCC,NA,NA,points,7325125528,-26.973115,31.32326,OpenStreetMap via osmdata,eswatini | NA,NA,NA,NA,NA,NA,NA,NA,NA,NA,NA,NA,NA,NA,NA,NA,NA,NA,NA,NA,NA,NA,NA,NA,NA,NA,NA,NA,NA,NA,NA,NA,NA,NA,NA,NA
Eswatini,SWZ,Southern Africa RCC,NA,NA,points,7325125529,-26.9725603,31.3236728,OpenStreetMap via osmdata,eswatini | NA,NA,NA,NA,NA,NA,NA,NA,NA,NA,NA,NA,NA,NA,NA,NA,NA,NA,NA,NA,NA,NA,NA,NA,NA,NA,NA,NA,NA,NA,NA,NA,NA,NA,NA,NA
Eswatini,SWZ,Southern Africa RCC,NA,NA,points,7325125530,-26.9723489,31.323833,OpenStreetMap via osmdata,eswatini | NA,NA,NA,NA,NA,NA,NA,NA,NA,NA,NA,NA,NA,NA,NA,NA,NA,NA,NA,NA,NA,NA,NA,NA,NA,NA,NA,NA,NA,NA,NA,NA,NA,NA,NA,NA
Eswatini,SWZ,Southern Africa RCC,NA,NA,points,7325125531,-26.9721786,31.3238638,OpenStreetMap via osmdata,eswatini | NA,NA,NA,NA,NA,NA,NA,NA,NA,NA,NA,NA,NA,NA,NA,NA,NA,NA,NA,NA,NA,NA,NA,NA,NA,NA,NA,NA,NA,NA,NA,NA,NA,NA,NA,NA
Eswatini,SWZ,Southern Africa RCC,NA,NA,points,7325125532,-26.9720358,31.3240795,OpenStreetMap via osmdata,eswatini | NA,NA,NA,NA,NA,NA,NA,NA,NA,NA,NA,NA,NA,NA,NA,NA,NA,NA,NA,NA,NA,NA,NA,NA,NA,NA,NA,NA,NA,NA,NA,NA,NA,NA,NA,NA
Eswatini,SWZ,Southern Africa RCC,NA,NA,points,7325125533,-26.9720743,31.3245047,OpenStreetMap via osmdata,eswatini | NA,NA,NA,NA,NA,NA,NA,NA,NA,NA,NA,NA,NA,NA,NA,NA,NA,NA,NA,NA,NA,NA,NA,NA,NA,NA,NA,NA,NA,NA,NA,NA,NA,NA,NA,NA
Eswatini,SWZ,Southern Africa RCC,NA,NA,points,7325125534,-26.9721567,31.3250963,OpenStreetMap via osmdata,eswatini | NA,NA,NA,NA,NA,NA,NA,NA,NA,NA,NA,NA,NA,NA,NA,NA,NA,NA,NA,NA,NA,NA,NA,NA,NA,NA,NA,NA,NA,NA,NA,NA,NA,NA,NA,NA
Eswatini,SWZ,Southern Africa RCC,NA,NA,points,7325125535,-26.972239,31.3252226,OpenStreetMap via osmdata,eswatini | NA,NA,NA,NA,NA,NA,NA,NA,NA,NA,NA,NA,NA,NA,NA,NA,NA,NA,NA,NA,NA,NA,NA,NA,NA,NA,NA,NA,NA,NA,NA,NA,NA,NA,NA,NA
Eswatini,SWZ,Southern Africa RCC,NA,NA,points,7325125536,-26.9722528,31.3254198,OpenStreetMap via osmdata,eswatini | NA,NA,NA,NA,NA,NA,NA,NA,NA,NA,NA,NA,NA,NA,NA,NA,NA,NA,NA,NA,NA,NA,NA,NA,NA,NA,NA,NA,NA,NA,NA,NA,NA,NA,NA,NA
Eswatini,SWZ,Southern Africa RCC,NA,NA,points,7325125537,-26.9731315,31.3254044,OpenStreetMap via osmdata,eswatini | NA,NA,NA,NA,NA,NA,NA,NA,NA,NA,NA,NA,NA,NA,NA,NA,NA,NA,NA,NA,NA,NA,NA,NA,NA,NA,NA,NA,NA,NA,NA,NA,NA,NA,NA,NA
Eswatini,SWZ,Southern Africa RCC,NA,NA,points,7325125538,-26.9731315,31.325201,OpenStreetMap via osmdata,eswatini | NA,NA,NA,NA,NA,NA,NA,NA,NA,NA,NA,NA,NA,NA,NA,NA,NA,NA,NA,NA,NA,NA,NA,NA,NA,NA,NA,NA,NA,NA,NA,NA,NA,NA,NA,NA
Eswatini,SWZ,Southern Africa RCC,NA,NA,points,7325126042,-26.3191832,31.1319808,OpenStreetMap via osmdata,eswatini | NA,NA,NA,NA,NA,NA,NA,NA,NA,NA,NA,NA,NA,NA,NA,NA,NA,NA,NA,NA,NA,NA,NA,NA,NA,NA,NA,NA,NA,NA,NA,NA,NA,NA,NA,NA
Eswatini,SWZ,Southern Africa RCC,NA,NA,points,7325126043,-26.3187216,31.1322035,OpenStreetMap via osmdata,eswatini | NA,NA,NA,NA,NA,NA,NA,NA,NA,NA,NA,NA,NA,NA,NA,NA,NA,NA,NA,NA,NA,NA,NA,NA,NA,NA,NA,NA,NA,NA,NA,NA,NA,NA,NA,NA
Eswatini,SWZ,Southern Africa RCC,NA,NA,points,7325126044,-26.3185365,31.1317073,OpenStreetMap via osmdata,eswatini | NA,NA,NA,NA,NA,NA,NA,NA,NA,NA,NA,NA,NA,NA,NA,NA,NA,NA,NA,NA,NA,NA,NA,NA,NA,NA,NA,NA,NA,NA,NA,NA,NA,NA,NA,NA
Eswatini,SWZ,Southern Africa RCC,NA,NA,points,7325126045,-26.3183706,31.1313586,OpenStreetMap via osmdata,eswatini | NA,NA,NA,NA,NA,NA,NA,NA,NA,NA,NA,NA,NA,NA,NA,NA,NA,NA,NA,NA,NA,NA,NA,NA,NA,NA,NA,NA,NA,NA,NA,NA,NA,NA,NA,NA
Eswatini,SWZ,Southern Africa RCC,NA,NA,points,7325126046,-26.3188106,31.1310448,OpenStreetMap via osmdata,eswatini | NA,NA,NA,NA,NA,NA,NA,NA,NA,NA,NA,NA,NA,NA,NA,NA,NA,NA,NA,NA,NA,NA,NA,NA,NA,NA,NA,NA,NA,NA,NA,NA,NA,NA,NA,NA
Eswatini,SWZ,Southern Africa RCC,NA,NA,points,7442671059,-26.3310737,31.1431074,OpenStreetMap via osmdata,eswatini | NA,NA,NA,NA,NA,NA,NA,NA,NA,NA,NA,NA,NA,NA,NA,NA,NA,NA,NA,NA,NA,NA,NA,NA,NA,NA,NA,NA,NA,NA,NA,NA,NA,NA,NA,NA
Eswatini,SWZ,Southern Africa RCC,NA,pharmacy,points,7533629905,-26.4953913,31.376392,OpenStreetMap via osmdata,eswatini | NA,NA,NA,NA,NA,NA,NA,NA,pharmacy,NA,NA,NA,NA,yes,NA,NA,pharmacy,NA,NA,NA,NA,NA,NA,NA,NA,NA,NA,NA,NA,NA,NA,NA,NA,NA,NA,NA
Eswatini,SWZ,Southern Africa RCC,NA,pharmacy,points,7533632441,-26.4959362,31.3765771,OpenStreetMap via osmdata,eswatini | NA,NA,NA,NA,NA,NA,NA,NA,pharmacy,NA,NA,NA,NA,yes,NA,NA,pharmacy,NA,NA,NA,NA,NA,NA,NA,NA,NA,NA,NA,NA,NA,NA,NA,NA,NA,NA,NA
Eswatini,SWZ,Southern Africa RCC,Kalamvelase,hospital,points,7533760882,-26.4981038,31.3768856,OpenStreetMap via osmdata,eswatini | kalamvelase,Kalamvelase,NA,NA,NA,NA,NA,NA,hospital,NA,NA,NA,NA,NA,NA,NA,hospital,NA,NA,NA,NA,NA,NA,NA,NA,NA,NA,NA,NA,NA,NA,NA,NA,NA,NA,kalamvelase
Eswatini,SWZ,Southern Africa RCC,Red cross Mahwalala,clinic,points,7868736486,-26.330016,31.111631,OpenStreetMap via osmdata,eswatini | red cross mahwalala,Red cross Mahwalala,NA,NA,NA,NA,NA,NA,clinic,NA,NA,NA,NA,NA,NA,NA,NA,NA,NA,NA,NA,NA,NA,NA,NA,NA,NA,NA,NA,NA,NA,NA,NA,NA,NA,red cross mahwalala
Eswatini,SWZ,Southern Africa RCC,FLAS Mbabane,clinic,points,7868737286,-26.3244478,31.1396166,OpenStreetMap via osmdata,eswatini | flas mbabane,FLAS Mbabane,NA,NA,NA,NA,NA,NA,clinic,NA,NA,NA,NA,NA,NA,NA,clinic,NA,NA,NA,NA,NA,NA,NA,NA,NA,NA,NA,NA,NA,NA,NA,NA,NA,NA,flas mbabane
Eswatini,SWZ,Southern Africa RCC,NA,NA,points,9255595003,-26.5073797,31.3032498,OpenStreetMap via osmdata,eswatini | NA,NA,NA,NA,NA,NA,NA,NA,NA,NA,NA,NA,NA,NA,NA,NA,NA,NA,NA,NA,NA,NA,NA,NA,NA,NA,NA,NA,NA,NA,NA,NA,NA,NA,NA,NA
Eswatini,SWZ,Southern Africa RCC,NA,NA,points,9255595004,-26.5074317,31.3033659,OpenStreetMap via osmdata,eswatini | NA,NA,NA,NA,NA,NA,NA,NA,NA,NA,NA,NA,NA,NA,NA,NA,NA,NA,NA,NA,NA,NA,NA,NA,NA,NA,NA,NA,NA,NA,NA,NA,NA,NA,NA,NA
Eswatini,SWZ,Southern Africa RCC,NA,NA,points,9259468173,-26.4988666,31.3654755,OpenStreetMap via osmdata,eswatini | NA,NA,NA,NA,NA,NA,NA,NA,NA,NA,NA,NA,NA,NA,NA,NA,NA,NA,NA,NA,NA,NA,NA,NA,NA,NA,NA,NA,NA,NA,NA,NA,NA,NA,NA,NA
Eswatini,SWZ,Southern Africa RCC,NA,NA,points,9263537803,-26.3289785,31.1357384,OpenStreetMap via osmdata,eswatini | NA,NA,NA,NA,NA,NA,NA,NA,NA,NA,NA,NA,NA,NA,NA,NA,NA,NA,NA,NA,NA,NA,NA,NA,NA,NA,NA,NA,NA,NA,NA,NA,NA,NA,NA,NA
Eswatini,SWZ,Southern Africa RCC,Children's Clinic,clinic,points,10214900917,-26.3220023,31.1436551,OpenStreetMap via osmdata,eswatini | children s clinic,Children's Clinic,NA,NA,NA,NA,NA,NA,clinic,NA,NA,NA,NA,NA,NA,NA,clinic,NA,NA,NA,NA,NA,NA,NA,NA,NA,NA,NA,NA,NA,NA,NA,NA,NA,NA,children s clinic
Eswatini,SWZ,Southern Africa RCC,NA,NA,points,10902638436,-26.4981177,31.3762863,OpenStreetMap via osmdata,eswatini | NA,NA,NA,NA,NA,NA,NA,NA,NA,NA,NA,NA,NA,NA,NA,NA,NA,NA,NA,NA,NA,NA,NA,NA,NA,NA,NA,NA,NA,NA,NA,NA,NA,NA,NA,NA
Eswatini,SWZ,Southern Africa RCC,NA,NA,points,10902638437,-26.4982565,31.3763356,OpenStreetMap via osmdata,eswatini | NA,NA,NA,NA,NA,NA,NA,NA,NA,NA,NA,NA,NA,NA,NA,NA,NA,NA,NA,NA,NA,NA,NA,NA,NA,NA,NA,NA,NA,NA,NA,NA,NA,NA,NA,NA
Eswatini,SWZ,Southern Africa RCC,NA,NA,points,10902638438,-26.4981562,31.3766128,OpenStreetMap via osmdata,eswatini | NA,NA,NA,NA,NA,NA,NA,NA,NA,NA,NA,NA,NA,NA,NA,NA,NA,NA,NA,NA,NA,NA,NA,NA,NA,NA,NA,NA,NA,NA,NA,NA,NA,NA,NA,NA
Eswatini,SWZ,Southern Africa RCC,NA,NA,points,10902638439,-26.4980209,31.3765478,OpenStreetMap via osmdata,eswatini | NA,NA,NA,NA,NA,NA,NA,NA,NA,NA,NA,NA,NA,NA,NA,NA,NA,NA,NA,NA,NA,NA,NA,NA,NA,NA,NA,NA,NA,NA,NA,NA,NA,NA,NA,NA
Eswatini,SWZ,Southern Africa RCC,NA,NA,points,10902638458,-26.4985212,31.3765782,OpenStreetMap via osmdata,eswatini | NA,NA,NA,NA,NA,NA,NA,NA,NA,NA,NA,NA,NA,NA,NA,NA,NA,NA,NA,NA,NA,NA,NA,NA,NA,NA,NA,NA,NA,NA,NA,NA,NA,NA,NA,NA
Eswatini,SWZ,Southern Africa RCC,NA,NA,points,10902638459,-26.4987589,31.3766771,OpenStreetMap via osmdata,eswatini | NA,NA,NA,NA,NA,NA,NA,NA,NA,NA,NA,NA,NA,NA,NA,NA,NA,NA,NA,NA,NA,NA,NA,NA,NA,NA,NA,NA,NA,NA,NA,NA,NA,NA,NA,NA
Eswatini,SWZ,Southern Africa RCC,NA,NA,points,10902638460,-26.4987336,31.3767531,OpenStreetMap via osmdata,eswatini | NA,NA,NA,NA,NA,NA,NA,NA,NA,NA,NA,NA,NA,NA,NA,NA,NA,NA,NA,NA,NA,NA,NA,NA,NA,NA,NA,NA,NA,NA,NA,NA,NA,NA,NA,NA
Eswatini,SWZ,Southern Africa RCC,NA,NA,points,10902638461,-26.498495900000002,31.3766542,OpenStreetMap via osmdata,eswatini | NA,NA,NA,NA,NA,NA,NA,NA,NA,NA,NA,NA,NA,NA,NA,NA,NA,NA,NA,NA,NA,NA,NA,NA,NA,NA,NA,NA,NA,NA,NA,NA,NA,NA,NA,NA
Eswatini,SWZ,Southern Africa RCC,NA,NA,points,10902638466,-26.4986634,31.3764591,OpenStreetMap via osmdata,eswatini | NA,NA,NA,NA,NA,NA,NA,NA,NA,NA,NA,NA,NA,NA,NA,NA,NA,NA,NA,NA,NA,NA,NA,NA,NA,NA,NA,NA,NA,NA,NA,NA,NA,NA,NA,NA
Eswatini,SWZ,Southern Africa RCC,NA,NA,points,10902638467,-26.4987452,31.3764954,OpenStreetMap via osmdata,eswatini | NA,NA,NA,NA,NA,NA,NA,NA,NA,NA,NA,NA,NA,NA,NA,NA,NA,NA,NA,NA,NA,NA,NA,NA,NA,NA,NA,NA,NA,NA,NA,NA,NA,NA,NA,NA
Eswatini,SWZ,Southern Africa RCC,NA,NA,points,10902638468,-26.4987107,31.3765976,OpenStreetMap via osmdata,eswatini | NA,NA,NA,NA,NA,NA,NA,NA,NA,NA,NA,NA,NA,NA,NA,NA,NA,NA,NA,NA,NA,NA,NA,NA,NA,NA,NA,NA,NA,NA,NA,NA,NA,NA,NA,NA
Eswatini,SWZ,Southern Africa RCC,NA,NA,points,10902638469,-26.4986301,31.3765558,OpenStreetMap via osmdata,eswatini | NA,NA,NA,NA,NA,NA,NA,NA,NA,NA,NA,NA,NA,NA,NA,NA,NA,NA,NA,NA,NA,NA,NA,NA,NA,NA,NA,NA,NA,NA,NA,NA,NA,NA,NA,NA
Eswatini,SWZ,Southern Africa RCC,NA,NA,points,10902638470,-26.4987498,31.3765656,OpenStreetMap via osmdata,eswatini | NA,NA,NA,NA,NA,NA,NA,NA,NA,NA,NA,NA,NA,NA,NA,NA,NA,NA,NA,NA,NA,NA,NA,NA,NA,NA,NA,NA,NA,NA,NA,NA,NA,NA,NA,NA
Eswatini,SWZ,Southern Africa RCC,NA,NA,points,10902638471,-26.4987936,31.3765862,OpenStreetMap via osmdata,eswatini | NA,NA,NA,NA,NA,NA,NA,NA,NA,NA,NA,NA,NA,NA,NA,NA,NA,NA,NA,NA,NA,NA,NA,NA,NA,NA,NA,NA,NA,NA,NA,NA,NA,NA,NA,NA
Eswatini,SWZ,Southern Africa RCC,NA,NA,points,10902638472,-26.4987716,31.3766439,OpenStreetMap via osmdata,eswatini | NA,NA,NA,NA,NA,NA,NA,NA,NA,NA,NA,NA,NA,NA,NA,NA,NA,NA,NA,NA,NA,NA,NA,NA,NA,NA,NA,NA,NA,NA,NA,NA,NA,NA,NA,NA
Eswatini,SWZ,Southern Africa RCC,NA,NA,points,10902638473,-26.4987277,31.3766231,OpenStreetMap via osmdata,eswatini | NA,NA,NA,NA,NA,NA,NA,NA,NA,NA,NA,NA,NA,NA,NA,NA,NA,NA,NA,NA,NA,NA,NA,NA,NA,NA,NA,NA,NA,NA,NA,NA,NA,NA,NA,NA
Eswatini,SWZ,Southern Africa RCC,Lobamba clinic,clinic,points,11247665290,-26.4509454,31.2045922,OpenStreetMap via osmdata,eswatini | lobamba clinic,Lobamba clinic,NA,NA,NA,NA,NA,NA,clinic,NA,NA,NA,NA,NA,NA,NA,NA,NA,NA,NA,NA,NA,NA,NA,NA,NA,NA,NA,NA,NA,NA,NA,NA,NA,NA,lobamba clinic
Eswatini,SWZ,Southern Africa RCC,Ezulwini Private Hospital,hospital,points,11291888633,-26.4308269,31.1834224,OpenStreetMap via osmdata,eswatini | ezulwini private hospital,Ezulwini Private Hospital,NA,NA,NA,NA,NA,NA,hospital,NA,NA,NA,NA,NA,NA,NA,hospital,NA,NA,NA,NA,NA,NA,NA,NA,NA,NA,NA,NA,NA,NA,NA,NA,NA,NA,ezulwini private hospital
Eswatini,SWZ,Southern Africa RCC,National Psychiatric Referral Hospital,clinic,points,11291933229,-26.5054903,31.36663,OpenStreetMap via osmdata,eswatini | national psychiatric referral hospital,National Psychiatric Referral Hospital,NA,NA,NA,NA,NA,NA,clinic,NA,NA,NA,NA,NA,NA,NA,clinic,NA,NA,NA,NA,NA,NA,NA,NA,NA,NA,NA,NA,NA,NA,NA,NA,NA,NA,national psychiatric referral hospital
Eswatini,SWZ,Southern Africa RCC,NA,NA,points,12236205035,-25.9591115,31.2482537,OpenStreetMap via osmdata,eswatini | NA,NA,NA,NA,NA,NA,NA,NA,NA,NA,NA,NA,NA,NA,NA,NA,NA,NA,NA,NA,NA,NA,NA,NA,NA,NA,NA,NA,NA,NA,NA,NA,NA,NA,NA,NA
Eswatini,SWZ,Southern Africa RCC,NA,NA,points,12236205036,-25.9589702,31.2483953,OpenStreetMap via osmdata,eswatini | NA,NA,NA,NA,NA,NA,NA,NA,NA,NA,NA,NA,NA,NA,NA,NA,NA,NA,NA,NA,NA,NA,NA,NA,NA,NA,NA,NA,NA,NA,NA,NA,NA,NA,NA,NA
Eswatini,SWZ,Southern Africa RCC,NA,NA,points,12236205037,-25.958708,31.2486528,OpenStreetMap via osmdata,eswatini | NA,NA,NA,NA,NA,NA,NA,NA,NA,NA,NA,NA,NA,NA,NA,NA,NA,NA,NA,NA,NA,NA,NA,NA,NA,NA,NA,NA,NA,NA,NA,NA,NA,NA,NA,NA
Eswatini,SWZ,Southern Africa RCC,NA,NA,points,12266017235,-26.4952545,31.3857361,OpenStreetMap via osmdata,eswatini | NA,NA,NA,NA,NA,NA,NA,NA,NA,NA,NA,NA,NA,NA,NA,NA,NA,NA,NA,NA,NA,NA,NA,NA,NA,NA,NA,NA,NA,NA,NA,NA,NA,NA,NA,NA
Eswatini,SWZ,Southern Africa RCC,NA,NA,points,12307247998,-26.6709979,31.0609455,OpenStreetMap via osmdata,eswatini | NA,NA,NA,NA,NA,NA,NA,NA,NA,NA,NA,NA,NA,NA,NA,NA,NA,NA,NA,NA,NA,NA,NA,NA,NA,NA,NA,NA,NA,NA,NA,NA,NA,NA,NA,NA
Eswatini,SWZ,Southern Africa RCC,NA,NA,points,12307247999,-26.6711728,31.061166,OpenStreetMap via osmdata,eswatini | NA,NA,NA,NA,NA,NA,NA,NA,NA,NA,NA,NA,NA,NA,NA,NA,NA,NA,NA,NA,NA,NA,NA,NA,NA,NA,NA,NA,NA,NA,NA,NA,NA,NA,NA,NA
Eswatini,SWZ,Southern Africa RCC,NA,NA,points,12307248000,-26.6715418,31.0622259,OpenStreetMap via osmdata,eswatini | NA,NA,NA,NA,NA,NA,NA,NA,NA,NA,NA,NA,NA,NA,NA,NA,NA,NA,NA,NA,NA,NA,NA,NA,NA,NA,NA,NA,NA,NA,NA,NA,NA,NA,NA,NA
Eswatini,SWZ,Southern Africa RCC,NA,NA,points,12307269201,-26.6716739,31.0625956,OpenStreetMap via osmdata,eswatini | NA,NA,NA,NA,NA,NA,NA,NA,NA,NA,NA,NA,NA,NA,NA,NA,NA,NA,NA,NA,NA,NA,NA,NA,NA,NA,NA,NA,NA,NA,NA,NA,NA,NA,NA,NA
Eswatini,SWZ,Southern Africa RCC,NA,NA,points,12307269202,-26.6718831,31.063255,OpenStreetMap via osmdata,eswatini | NA,NA,NA,NA,NA,NA,NA,NA,NA,NA,NA,NA,NA,NA,NA,NA,NA,NA,NA,NA,NA,NA,NA,NA,NA,NA,NA,NA,NA,NA,NA,NA,NA,NA,NA,NA
Eswatini,SWZ,Southern Africa RCC,NA,NA,points,12307269203,-26.6719602,31.0636124,OpenStreetMap via osmdata,eswatini | NA,NA,NA,NA,NA,NA,NA,NA,NA,NA,NA,NA,NA,NA,NA,NA,NA,NA,NA,NA,NA,NA,NA,NA,NA,NA,NA,NA,NA,NA,NA,NA,NA,NA,NA,NA
Eswatini,SWZ,Southern Africa RCC,NA,NA,points,12307269204,-26.6706662,31.0646045,OpenStreetMap via osmdata,eswatini | NA,NA,NA,NA,NA,NA,NA,NA,NA,NA,NA,NA,NA,NA,NA,NA,NA,NA,NA,NA,NA,NA,NA,NA,NA,NA,NA,NA,NA,NA,NA,NA,NA,NA,NA,NA
Eswatini,SWZ,Southern Africa RCC,NA,NA,points,12307269205,-26.670479,31.0648386,OpenStreetMap via osmdata,eswatini | NA,NA,NA,NA,NA,NA,NA,NA,NA,NA,NA,NA,NA,NA,NA,NA,NA,NA,NA,NA,NA,NA,NA,NA,NA,NA,NA,NA,NA,NA,NA,NA,NA,NA,NA,NA
Eswatini,SWZ,Southern Africa RCC,NA,NA,points,12307269206,-26.6702643,31.0648694,OpenStreetMap via osmdata,eswatini | NA,NA,NA,NA,NA,NA,NA,NA,NA,NA,NA,NA,NA,NA,NA,NA,NA,NA,NA,NA,NA,NA,NA,NA,NA,NA,NA,NA,NA,NA,NA,NA,NA,NA,NA,NA
Eswatini,SWZ,Southern Africa RCC,NA,NA,points,12307269207,-26.6695663,31.0650462,OpenStreetMap via osmdata,eswatini | NA,NA,NA,NA,NA,NA,NA,NA,NA,NA,NA,NA,NA,NA,NA,NA,NA,NA,NA,NA,NA,NA,NA,NA,NA,NA,NA,NA,NA,NA,NA,NA,NA,NA,NA,NA
Eswatini,SWZ,Southern Africa RCC,NA,NA,points,12307269208,-26.6664696,31.0641986,OpenStreetMap via osmdata,eswatini | NA,NA,NA,NA,NA,NA,NA,NA,NA,NA,NA,NA,NA,NA,NA,NA,NA,NA,NA,NA,NA,NA,NA,NA,NA,NA,NA,NA,NA,NA,NA,NA,NA,NA,NA,NA
Eswatini,SWZ,Southern Africa RCC,NA,NA,points,12307269209,-26.666901,31.0636192,OpenStreetMap via osmdata,eswatini | NA,NA,NA,NA,NA,NA,NA,NA,NA,NA,NA,NA,NA,NA,NA,NA,NA,NA,NA,NA,NA,NA,NA,NA,NA,NA,NA,NA,NA,NA,NA,NA,NA,NA,NA,NA
Eswatini,SWZ,Southern Africa RCC,NA,NA,points,12307269210,-26.6677064,31.0630506,OpenStreetMap via osmdata,eswatini | NA,NA,NA,NA,NA,NA,NA,NA,NA,NA,NA,NA,NA,NA,NA,NA,NA,NA,NA,NA,NA,NA,NA,NA,NA,NA,NA,NA,NA,NA,NA,NA,NA,NA,NA,NA
Eswatini,SWZ,Southern Africa RCC,NA,NA,points,12307269211,-26.6686651,31.0628146,OpenStreetMap via osmdata,eswatini | NA,NA,NA,NA,NA,NA,NA,NA,NA,NA,NA,NA,NA,NA,NA,NA,NA,NA,NA,NA,NA,NA,NA,NA,NA,NA,NA,NA,NA,NA,NA,NA,NA,NA,NA,NA
Eswatini,SWZ,Southern Africa RCC,NA,NA,points,12307269212,-26.6693938,31.0625356,OpenStreetMap via osmdata,eswatini | NA,NA,NA,NA,NA,NA,NA,NA,NA,NA,NA,NA,NA,NA,NA,NA,NA,NA,NA,NA,NA,NA,NA,NA,NA,NA,NA,NA,NA,NA,NA,NA,NA,NA,NA,NA
Eswatini,SWZ,Southern Africa RCC,NA,NA,points,12307269213,-26.669643,31.0611409,OpenStreetMap via osmdata,eswatini | NA,NA,NA,NA,NA,NA,NA,NA,NA,NA,NA,NA,NA,NA,NA,NA,NA,NA,NA,NA,NA,NA,NA,NA,NA,NA,NA,NA,NA,NA,NA,NA,NA,NA,NA,NA
Eswatini,SWZ,Southern Africa RCC,NA,NA,points,12307269214,-26.6703908,31.0605401,OpenStreetMap via osmdata,eswatini | NA,NA,NA,NA,NA,NA,NA,NA,NA,NA,NA,NA,NA,NA,NA,NA,NA,NA,NA,NA,NA,NA,NA,NA,NA,NA,NA,NA,NA,NA,NA,NA,NA,NA,NA,NA
Eswatini,SWZ,Southern Africa RCC,NA,NA,points,12307269215,-26.6708798,31.060819,OpenStreetMap via osmdata,eswatini | NA,NA,NA,NA,NA,NA,NA,NA,NA,NA,NA,NA,NA,NA,NA,NA,NA,NA,NA,NA,NA,NA,NA,NA,NA,NA,NA,NA,NA,NA,NA,NA,NA,NA,NA,NA
Eswatini,SWZ,Southern Africa RCC,NA,NA,points,12326677443,-26.5008475,31.3660049,OpenStreetMap via osmdata,eswatini | NA,NA,NA,NA,NA,NA,NA,NA,NA,NA,NA,NA,NA,NA,NA,NA,NA,NA,NA,NA,NA,NA,NA,NA,NA,NA,NA,NA,NA,NA,NA,NA,NA,NA,NA,NA
Eswatini,SWZ,Southern Africa RCC,NA,NA,points,12326677444,-26.500861,31.3659963,OpenStreetMap via osmdata,eswatini | NA,NA,NA,NA,NA,NA,NA,NA,NA,NA,NA,NA,NA,NA,NA,NA,NA,NA,NA,NA,NA,NA,NA,NA,NA,NA,NA,NA,NA,NA,NA,NA,NA,NA,NA,NA
Eswatini,SWZ,Southern Africa RCC,Clicks,pharmacy,points,12376336955,-26.4967388,31.3775196,OpenStreetMap via osmdata,eswatini | clicks,Clicks,NA,NA,NA,NA,NA,NA,pharmacy,NA,Clicks,Q62563622,NA,NA,NA,NA,pharmacy,NA,NA,NA,NA,NA,NA,NA,NA,NA,NA,NA,NA,NA,NA,NA,NA,NA,NA,clicks
Eswatini,SWZ,Southern Africa RCC,Raleigh Fitkin Memorial Hospital,hospital,points,12376336969,-26.5008633,31.3654292,OpenStreetMap via osmdata,eswatini | raleigh fitkin memorial hospital,Raleigh Fitkin Memorial Hospital,NA,NA,NA,NA,NA,NA,hospital,NA,NA,NA,NA,NA,NA,NA,hospital,NA,NA,NA,NA,NA,NA,NA,NA,NA,NA,NA,NA,NA,NA,NA,NA,NA,NA,raleigh fitkin memorial hospital
Eswatini,SWZ,Southern Africa RCC,Mkhiwa Clinic,hospital,points,12376336975,-26.5014015,31.3683766,OpenStreetMap via osmdata,eswatini | mkhiwa clinic,Mkhiwa Clinic,NA,NA,NA,NA,NA,NA,hospital,NA,NA,NA,NA,NA,NA,NA,hospital,NA,NA,NA,NA,NA,NA,NA,NA,NA,NA,NA,NA,NA,NA,NA,NA,NA,NA,mkhiwa clinic
Eswatini,SWZ,Southern Africa RCC,NA,NA,points,12376459420,-26.5027048,31.3640233,OpenStreetMap via osmdata,eswatini | NA,NA,NA,NA,NA,NA,NA,NA,NA,NA,NA,NA,NA,NA,NA,NA,NA,NA,NA,NA,NA,NA,NA,NA,NA,NA,NA,NA,NA,NA,NA,NA,NA,NA,NA,NA
Eswatini,SWZ,Southern Africa RCC,NA,NA,points,12376459421,-26.502934,31.3634663,OpenStreetMap via osmdata,eswatini | NA,NA,NA,NA,NA,NA,NA,NA,NA,NA,NA,NA,NA,NA,NA,NA,NA,NA,NA,NA,NA,NA,NA,NA,NA,NA,NA,NA,NA,NA,NA,NA,NA,NA,NA,NA
Eswatini,SWZ,Southern Africa RCC,NA,NA,points,12376459422,-26.5030468,31.3629663,OpenStreetMap via osmdata,eswatini | NA,NA,NA,NA,NA,NA,NA,NA,NA,NA,NA,NA,NA,NA,NA,NA,NA,NA,NA,NA,NA,NA,NA,NA,NA,NA,NA,NA,NA,NA,NA,NA,NA,NA,NA,NA
Eswatini,SWZ,Southern Africa RCC,NA,NA,points,12376459423,-26.5025338,31.3627061,OpenStreetMap via osmdata,eswatini | NA,NA,NA,NA,NA,NA,NA,NA,NA,NA,NA,NA,NA,NA,NA,NA,NA,NA,NA,NA,NA,NA,NA,NA,NA,NA,NA,NA,NA,NA,NA,NA,NA,NA,NA,NA
Eswatini,SWZ,Southern Africa RCC,NA,NA,points,12376459424,-26.5022693,31.3625273,OpenStreetMap via osmdata,eswatini | NA,NA,NA,NA,NA,NA,NA,NA,NA,NA,NA,NA,NA,NA,NA,NA,NA,NA,NA,NA,NA,NA,NA,NA,NA,NA,NA,NA,NA,NA,NA,NA,NA,NA,NA,NA
Eswatini,SWZ,Southern Africa RCC,NA,NA,points,12376459425,-26.5018499,31.3624439,OpenStreetMap via osmdata,eswatini | NA,NA,NA,NA,NA,NA,NA,NA,NA,NA,NA,NA,NA,NA,NA,NA,NA,NA,NA,NA,NA,NA,NA,NA,NA,NA,NA,NA,NA,NA,NA,NA,NA,NA,NA,NA
Eswatini,SWZ,Southern Africa RCC,NA,NA,points,12376459426,-26.501024,31.3635802,OpenStreetMap via osmdata,eswatini | NA,NA,NA,NA,NA,NA,NA,NA,NA,NA,NA,NA,NA,NA,NA,NA,NA,NA,NA,NA,NA,NA,NA,NA,NA,NA,NA,NA,NA,NA,NA,NA,NA,NA,NA,NA
Eswatini,SWZ,Southern Africa RCC,NA,NA,points,12376459427,-26.501657,31.3637631,OpenStreetMap via osmdata,eswatini | NA,NA,NA,NA,NA,NA,NA,NA,NA,NA,NA,NA,NA,NA,NA,NA,NA,NA,NA,NA,NA,NA,NA,NA,NA,NA,NA,NA,NA,NA,NA,NA,NA,NA,NA,NA
Eswatini,SWZ,Southern Africa RCC,NA,NA,points,12376459428,-26.5022428,31.3639623,OpenStreetMap via osmdata,eswatini | NA,NA,NA,NA,NA,NA,NA,NA,NA,NA,NA,NA,NA,NA,NA,NA,NA,NA,NA,NA,NA,NA,NA,NA,NA,NA,NA,NA,NA,NA,NA,NA,NA,NA,NA,NA
Eswatini,SWZ,Southern Africa RCC,NA,NA,points,12376459429,-26.5026503,31.3641087,OpenStreetMap via osmdata,eswatini | NA,NA,NA,NA,NA,NA,NA,NA,NA,NA,NA,NA,NA,NA,NA,NA,NA,NA,NA,NA,NA,NA,NA,NA,NA,NA,NA,NA,NA,NA,NA,NA,NA,NA,NA,NA
Eswatini,SWZ,Southern Africa RCC,NA,NA,points,12376459443,-26.4995474,31.3648198,OpenStreetMap via osmdata,eswatini | NA,NA,NA,NA,NA,NA,NA,NA,NA,NA,NA,NA,NA,NA,NA,NA,NA,NA,NA,NA,NA,NA,NA,NA,NA,NA,NA,NA,NA,NA,NA,NA,NA,NA,NA,NA
Eswatini,SWZ,Southern Africa RCC,NA,NA,points,12376459459,-26.4998512,31.3651923,OpenStreetMap via osmdata,eswatini | NA,NA,NA,NA,NA,NA,NA,NA,NA,NA,NA,NA,NA,NA,NA,NA,NA,NA,NA,NA,NA,NA,NA,NA,NA,NA,NA,NA,NA,NA,NA,NA,NA,NA,NA,NA
Eswatini,SWZ,Southern Africa RCC,NA,NA,points,12561142650,-26.332678,31.1438801,OpenStreetMap via osmdata,eswatini | NA,NA,NA,NA,NA,NA,NA,NA,NA,NA,NA,NA,NA,NA,NA,NA,NA,NA,NA,NA,NA,NA,NA,NA,NA,NA,NA,NA,NA,NA,NA,NA,NA,NA,NA,NA
Eswatini,SWZ,Southern Africa RCC,NA,NA,points,12561142651,-26.3314039,31.1449101,OpenStreetMap via osmdata,eswatini | NA,NA,NA,NA,NA,NA,NA,NA,NA,NA,NA,NA,NA,NA,NA,NA,NA,NA,NA,NA,NA,NA,NA,NA,NA,NA,NA,NA,NA,NA,NA,NA,NA,NA,NA,NA
Eswatini,SWZ,Southern Africa RCC,NA,NA,points,12561142652,-26.3316924,31.145645,OpenStreetMap via osmdata,eswatini | NA,NA,NA,NA,NA,NA,NA,NA,NA,NA,NA,NA,NA,NA,NA,NA,NA,NA,NA,NA,NA,NA,NA,NA,NA,NA,NA,NA,NA,NA,NA,NA,NA,NA,NA,NA
Eswatini,SWZ,Southern Africa RCC,NA,NA,points,12561142653,-26.3327597,31.1460688,OpenStreetMap via osmdata,eswatini | NA,NA,NA,NA,NA,NA,NA,NA,NA,NA,NA,NA,NA,NA,NA,NA,NA,NA,NA,NA,NA,NA,NA,NA,NA,NA,NA,NA,NA,NA,NA,NA,NA,NA,NA,NA
Eswatini,SWZ,Southern Africa RCC,NA,NA,points,12565013340,-26.3188148,31.1310553,OpenStreetMap via osmdata,eswatini | NA,NA,NA,NA,NA,NA,NA,NA,NA,NA,NA,NA,NA,NA,NA,NA,NA,NA,NA,NA,NA,NA,NA,NA,NA,NA,NA,NA,NA,NA,NA,NA,NA,NA,NA,NA
Eswatini,SWZ,Southern Africa RCC,NA,NA,points,12565013342,-26.3189068,31.1312866,OpenStreetMap via osmdata,eswatini | NA,NA,NA,NA,NA,NA,NA,NA,NA,NA,NA,NA,NA,NA,NA,NA,NA,NA,NA,NA,NA,NA,NA,NA,NA,NA,NA,NA,NA,NA,NA,NA,NA,NA,NA,NA
Eswatini,SWZ,Southern Africa RCC,NA,NA,points,12565013354,-26.3191126,31.1318035,OpenStreetMap via osmdata,eswatini | NA,NA,NA,NA,NA,NA,NA,NA,NA,NA,NA,NA,NA,NA,NA,NA,NA,NA,NA,NA,NA,NA,NA,NA,NA,NA,NA,NA,NA,NA,NA,NA,NA,NA,NA,NA
Eswatini,SWZ,Southern Africa RCC,NA,NA,points,12565111026,-26.3188402,31.1321463,OpenStreetMap via osmdata,eswatini | NA,NA,NA,NA,NA,NA,NA,NA,NA,NA,NA,NA,NA,NA,NA,NA,NA,NA,NA,NA,NA,NA,NA,NA,NA,NA,NA,NA,NA,NA,NA,NA,NA,NA,NA,NA
Eswatini,SWZ,Southern Africa RCC,Matsapha health care centre,hospital,polygons,126053570,-26.50197155000061,31.31043426054407,OpenStreetMap via osmdata,eswatini | matsapha health care centre,Matsapha health care centre,NA,NA,NA,NA,NA,NA,hospital,NA,NA,NA,NA,NA,NA,NA,hospital,NA,NA,NA,NA,NA,NA,NA,NA,survey,yes,NA,NA,NA,NA,NA,NA,NA,NA,matsapha health care centre
Eswatini,SWZ,Southern Africa RCC,National TB Hospital,hospital,polygons,258778176,-26.48841300040746,31.408952482067846,OpenStreetMap via osmdata,eswatini | national tb hospital,National TB Hospital,NA,NA,NA,NA,NA,NA,hospital,NA,NA,NA,NA,NA,NA,NA,NA,NA,NA,NA,NA,NA,NA,NA,NA,NA,NA,NA,NA,NA,NA,NA,NA,NA,NA,national tb hospital
Eswatini,SWZ,Southern Africa RCC,NA,hospital,polygons,258779633,-26.485836750780802,31.420751433697063,OpenStreetMap via osmdata,eswatini | NA,NA,NA,NA,NA,NA,NA,NA,hospital,NA,NA,NA,NA,NA,NA,NA,hospital,NA,NA,NA,NA,NA,NA,NA,NA,NA,NA,NA,NA,NA,NA,NA,NA,NA,NA,NA
Eswatini,SWZ,Southern Africa RCC,Raleigh Fitkin Memorial Hospital,hospital,polygons,258822222,-26.50031735084677,31.366002872308375,OpenStreetMap via osmdata,eswatini | raleigh fitkin memorial hospital,Raleigh Fitkin Memorial Hospital,NA,NA,NA,NA,NA,NA,hospital,NA,NA,NA,NA,NA,NA,yes,hospital,NA,NA,NA,Eswatini Nazarene Health Institution,NA,NA,NA,NA,NA,NA,NA,NA,NA,NA,RFM Hospital,NA,NA,NA,raleigh fitkin memorial hospital
Eswatini,SWZ,Southern Africa RCC,Women and Childrens Hospital,hospital,polygons,259004406,-26.495358100046683,31.38639570773876,OpenStreetMap via osmdata,eswatini | women and childrens hospital,Women and Childrens Hospital,NA,NA,NA,NA,NA,NA,hospital,NA,NA,NA,NA,NA,NA,NA,hospital,NA,NA,NA,NA,NA,NA,NA,NA,NA,NA,NA,NA,NA,NA,NA,NA,NA,NA,women and childrens hospital
Eswatini,SWZ,Southern Africa RCC,Mbabane Government Hospital,hospital,polygons,393402376,-26.33141445009987,31.143777461294086,OpenStreetMap via osmdata,eswatini | mbabane government hospital,Mbabane Government Hospital,NA,NA,NA,NA,NA,NA,hospital,NA,NA,NA,NA,NA,NA,NA,hospital,general,NA,NA,Ministry of Health,NA,NA,NA,NA,NA,NA,NA,NA,NA,NA,NA,NA,Q6799563,NA,mbabane government hospital
Eswatini,SWZ,Southern Africa RCC,Good Shepherd Hospital,hospital,polygons,429714741,-26.46844855003055,31.960896233550073,OpenStreetMap via osmdata,eswatini | good shepherd hospital,Good Shepherd Hospital,NA,NA,NA,NA,NA,NA,hospital,NA,NA,NA,NA,NA,NA,NA,hospital,NA,NA,NA,NA,NA,NA,NA,NA,NA,hospital,NA,NA,NA,NA,NA,NA,NA,NA,good shepherd hospital
Eswatini,SWZ,Southern Africa RCC,NA,hospital,polygons,476203233,-26.500905900003616,31.3659973249454,OpenStreetMap via osmdata,eswatini | NA,NA,NA,NA,NA,NA,NA,NA,hospital,NA,NA,NA,NA,NA,NA,NA,hospital,NA,NA,NA,NA,NA,NA,NA,NA,NA,NA,NA,NA,NA,NA,NA,NA,NA,NA,NA
Eswatini,SWZ,Southern Africa RCC,Sigombeni Clinic,clinic,polygons,718954911,-26.360395401585993,31.33083634460786,OpenStreetMap via osmdata,eswatini | sigombeni clinic,Sigombeni Clinic,NA,NA,NA,NA,NA,NA,clinic,NA,NA,NA,NA,NA,NA,NA,NA,NA,NA,NA,NA,NA,NA,NA,NA,NA,NA,NA,NA,NA,NA,NA,NA,NA,NA,sigombeni clinic
Eswatini,SWZ,Southern Africa RCC,Medisun Clinic,hospital,polygons,784170811,-26.443280300116175,31.18713758649643,OpenStreetMap via osmdata,eswatini | medisun clinic,Medisun Clinic,NA,NA,NA,NA,NA,NA,hospital,NA,NA,NA,NA,NA,NA,yes,hospital,NA,NA,NA,NA,NA,NA,NA,NA,NA,NA,NA,NA,Private Hospital,NA,NA,NA,NA,NA,medisun clinic
Eswatini,SWZ,Southern Africa RCC,Nhlangano Health Centre,hospital,polygons,784171533,-27.12265835157586,31.208190033272874,OpenStreetMap via osmdata,eswatini | nhlangano health centre,Nhlangano Health Centre,NA,NA,NA,NA,NA,NA,hospital,NA,NA,NA,NA,NA,NA,NA,hospital,NA,NA,NA,NA,NA,NA,NA,NA,NA,NA,NA,NA,NA,NA,NA,NA,NA,NA,nhlangano health centre
Eswatini,SWZ,Southern Africa RCC,Matsapha Clinic,hospital,polygons,784171841,-26.507465450004958,31.302966020955672,OpenStreetMap via osmdata,eswatini | matsapha clinic,Matsapha Clinic,NA,NA,NA,NA,NA,NA,hospital,NA,NA,NA,NA,NA,NA,NA,hospital,NA,NA,NA,MSF OCA,NA,NA,NA,NA,NA,NA,NA,NA,NA,NA,NA,NA,NA,NA,matsapha clinic
Eswatini,SWZ,Southern Africa RCC,Piggs Peak Public Hospital,hospital,polygons,784172517,-25.95800570001366,31.248225345780213,OpenStreetMap via osmdata,eswatini | piggs peak public hospital,Piggs Peak Public Hospital,NA,NA,NA,NA,NA,NA,hospital,NA,NA,NA,NA,NA,NA,NA,hospital,NA,NA,NA,NA,NA,NA,NA,NA,NA,NA,NA,NA,NA,NA,NA,NA,NA,NA,piggs peak public hospital
Eswatini,SWZ,Southern Africa RCC,Mbabane Clinic,hospital,polygons,784172577,-26.32837315000055,31.134686560690387,OpenStreetMap via osmdata,eswatini | mbabane clinic,Mbabane Clinic,NA,NA,NA,NA,NA,NA,hospital,NA,NA,NA,NA,NA,NA,NA,hospital,NA,NA,NA,NA,NA,NA,NA,NA,NA,NA,NA,NA,NA,NA,NA,NA,NA,NA,mbabane clinic
Eswatini,SWZ,Southern Africa RCC,Hlatikhulu General Hospital,hospital,polygons,784172762,-26.972837650341628,31.324437974995163,OpenStreetMap via osmdata,eswatini | hlatikhulu general hospital,Hlatikhulu General Hospital,NA,NA,NA,NA,NA,NA,hospital,NA,NA,NA,NA,NA,NA,NA,hospital,NA,NA,NA,NA,NA,NA,NA,NA,NA,NA,NA,NA,NA,NA,NA,NA,NA,NA,hlatikhulu general hospital
Eswatini,SWZ,Southern Africa RCC,Baylor Childrens Clinic Eswatini,hospital,polygons,784173087,-26.318766100008546,31.131629287292196,OpenStreetMap via osmdata,eswatini | baylor childrens clinic eswatini,Baylor Childrens Clinic Eswatini,NA,NA,NA,NA,NA,NA,hospital,NA,NA,NA,NA,NA,NA,NA,hospital,NA,NA,NA,NA,NA,NA,NA,NA,NA,NA,NA,NA,NA,NA,NA,NA,NA,NA,baylor childrens clinic eswatini
Eswatini,SWZ,Southern Africa RCC,NERCHA Information Centre,hospital,polygons,1173413637,-26.498136950001623,31.376448344690775,OpenStreetMap via osmdata,eswatini | nercha information centre,NERCHA Information Centre,NA,NA,NA,NA,NA,NA,hospital,NA,NA,NA,NA,NA,NA,NA,hospital,NA,NA,NA,NA,NA,NA,NA,NA,NA,yes,NA,NA,NA,NA,NA,NA,NA,NA,nercha information centre
Eswatini,SWZ,Southern Africa RCC,NA,hospital,polygons,1173413642,-26.49862740004907,31.376665649995132,OpenStreetMap via osmdata,eswatini | NA,NA,NA,NA,NA,NA,NA,NA,hospital,NA,NA,NA,NA,NA,NA,NA,hospital,NA,NA,NA,NA,NA,NA,NA,NA,NA,yes,NA,NA,NA,NA,NA,NA,NA,NA,NA
Eswatini,SWZ,Southern Africa RCC,NA,hospital,polygons,1173413644,-26.498687050002445,31.376527464954535,OpenStreetMap via osmdata,eswatini | NA,NA,NA,NA,NA,NA,NA,NA,hospital,NA,NA,NA,NA,NA,NA,NA,hospital,NA,NA,NA,NA,NA,NA,NA,NA,NA,yes,NA,NA,NA,NA,NA,NA,NA,NA,NA
Eswatini,SWZ,Southern Africa RCC,NA,hospital,polygons,1173413645,-26.49876070000053,31.376604731009174,OpenStreetMap via osmdata,eswatini | NA,NA,NA,NA,NA,NA,NA,NA,hospital,NA,NA,NA,NA,NA,NA,NA,NA,NA,NA,NA,NA,NA,NA,NA,NA,NA,yes,NA,NA,NA,NA,NA,NA,NA,NA,NA
Eswatini,SWZ,Southern Africa RCC,NA,hospital,polygons,1330177926,-26.669029450581878,31.063787178454124,OpenStreetMap via osmdata,eswatini | NA,NA,NA,NA,NA,NA,NA,NA,hospital,NA,NA,NA,NA,NA,NA,NA,hospital,NA,NA,NA,NA,NA,NA,NA,NA,NA,NA,NA,NA,NA,NA,NA,NA,NA,NA,NA
Eswatini,SWZ,Southern Africa RCC,National Psychiatric Hospital,hospital,polygons,1338012957,-26.50204635016793,31.363189231357026,OpenStreetMap via osmdata,eswatini | national psychiatric hospital,National Psychiatric Hospital,NA,NA,NA,NA,NA,NA,hospital,NA,NA,NA,NA,NA,NA,NA,hospital,NA,NA,NA,NA,NA,NA,NA,NA,NA,NA,NA,NA,NA,NA,NA,NA,NA,NA,national psychiatric hospital
Eswatini,SWZ,Southern Africa RCC,Nurses' home,hospital,polygons,1357187618,-26.332185201048897,31.1450595830773,OpenStreetMap via osmdata,eswatini | nurses home,Nurses' home,NA,NA,NA,NA,NA,NA,hospital,NA,NA,NA,NA,NA,NA,NA,hospital,NA,NA,NA,NA,NA,NA,NA,NA,NA,NA,NA,NA,NA,NA,NA,NA,NA,NA,nurses home
