country,iso3,rcc,facility_name,facility_type,source_osm_type,osm_id,lat,lon,source,match_key_country_facility,name,addr_city,addr_city_ar,addr_city_fr,addr_place,addr_place_ar,addr_place_fr,addr_postcode,addr_street,addr_street_ar,addr_street_fr,alt_name,alt_name_fr,amenity,barrier,dispensing,email,fixme,healthcare,healthcare_speciality,internet_access,internet_access_fee,name_ar,name_fr,opening_hours,operator,operator_ar,operator_type,phone,website,building,building_condition,building_levels,building_material,comoros_dgsc_code,emergency,level,office,operator_fr,roof_material,source_geometry,source_1,facility_key
Comoros,COM,Eastern Africa RCC,NA,NA,points,1018210800,-11.695944,43.2550152,OpenStreetMap via osmdata,comoros | NA,NA,NA,NA,NA,NA,NA,NA,NA,NA,NA,NA,NA,NA,NA,NA,NA,NA,NA,NA,NA,NA,NA,NA,NA,NA,NA,NA,NA,NA,NA,NA,NA,NA,NA,NA,NA,NA,NA,NA,NA,NA,NA,NA
Comoros,COM,Eastern Africa RCC,Pharmacie Anjouanaise,pharmacy,points,1552597635,-12.1635392,44.3998749,OpenStreetMap via osmdata,comoros | pharmacie anjouanaise,Pharmacie Anjouanaise,NA,NA,NA,NA,NA,NA,NA,NA,NA,NA,NA,NA,pharmacy,NA,no,phcie.anjouanaise@gmail.com,check position,NA,NA,NA,NA,NA,NA,NA,Rachid Mohamed,NA,NA,002697710212,https://www.pharmacieanjouanaise.com/,NA,NA,NA,NA,NA,NA,NA,NA,NA,NA,NA,NA,pharmacie anjouanaise
Comoros,COM,Eastern Africa RCC,NA,NA,points,1582667015,-11.6936172,43.2550252,OpenStreetMap via osmdata,comoros | NA,NA,NA,NA,NA,NA,NA,NA,NA,NA,NA,NA,NA,NA,NA,NA,NA,NA,NA,NA,NA,NA,NA,NA,NA,NA,NA,NA,NA,NA,NA,NA,NA,NA,NA,NA,NA,NA,NA,NA,NA,NA,NA,NA
Comoros,COM,Eastern Africa RCC,NA,NA,points,1582667135,-11.694748,43.2530875,OpenStreetMap via osmdata,comoros | NA,NA,NA,NA,NA,NA,NA,NA,NA,NA,NA,NA,NA,NA,NA,NA,NA,NA,NA,NA,NA,NA,NA,NA,NA,NA,NA,NA,NA,NA,NA,NA,NA,NA,NA,NA,NA,NA,NA,NA,NA,NA,NA,NA
Comoros,COM,Eastern Africa RCC,NA,NA,points,1582667144,-11.6947586,43.2534465,OpenStreetMap via osmdata,comoros | NA,NA,NA,NA,NA,NA,NA,NA,NA,NA,NA,NA,NA,NA,NA,NA,NA,NA,NA,NA,NA,NA,NA,NA,NA,NA,NA,NA,NA,NA,NA,NA,NA,NA,NA,NA,NA,NA,NA,NA,NA,NA,NA,NA
Comoros,COM,Eastern Africa RCC,NA,NA,points,1582667149,-11.6940123,43.2534,OpenStreetMap via osmdata,comoros | NA,NA,NA,NA,NA,NA,NA,NA,NA,NA,NA,NA,NA,NA,NA,NA,NA,NA,NA,NA,NA,NA,NA,NA,NA,NA,NA,NA,NA,NA,NA,NA,NA,NA,NA,NA,NA,NA,NA,NA,NA,NA,NA,NA
Comoros,COM,Eastern Africa RCC,NA,NA,points,1582667166,-11.694207,43.253704,OpenStreetMap via osmdata,comoros | NA,NA,NA,NA,NA,NA,NA,NA,NA,NA,NA,NA,NA,NA,NA,NA,NA,NA,NA,NA,NA,NA,NA,NA,NA,NA,NA,NA,NA,NA,NA,NA,NA,NA,NA,NA,NA,NA,NA,NA,NA,NA,NA,NA
Comoros,COM,Eastern Africa RCC,NA,NA,points,1582667177,-11.6946313,43.2529771,OpenStreetMap via osmdata,comoros | NA,NA,NA,NA,NA,NA,NA,NA,NA,NA,NA,NA,NA,NA,NA,NA,NA,NA,NA,NA,NA,NA,NA,NA,NA,NA,NA,NA,NA,NA,NA,NA,NA,NA,NA,NA,NA,NA,NA,NA,NA,NA,NA,NA
Comoros,COM,Eastern Africa RCC,NA,NA,points,1582667186,-11.693809,43.2557718,OpenStreetMap via osmdata,comoros | NA,NA,NA,NA,NA,NA,NA,NA,NA,NA,NA,NA,NA,NA,NA,NA,NA,NA,NA,NA,NA,NA,NA,NA,NA,NA,NA,NA,NA,NA,NA,NA,NA,NA,NA,NA,NA,NA,NA,NA,NA,NA,NA,NA
Comoros,COM,Eastern Africa RCC,NA,NA,points,1582667252,-11.6940039,43.2532966,OpenStreetMap via osmdata,comoros | NA,NA,NA,NA,NA,NA,NA,NA,NA,NA,NA,NA,NA,NA,NA,NA,NA,NA,NA,NA,NA,NA,NA,NA,NA,NA,NA,NA,NA,NA,NA,NA,NA,NA,NA,NA,NA,NA,NA,NA,NA,NA,NA,NA
Comoros,COM,Eastern Africa RCC,NA,NA,points,1582667274,-11.693965,43.2532505,OpenStreetMap via osmdata,comoros | NA,NA,NA,NA,NA,NA,NA,NA,NA,NA,NA,NA,NA,NA,NA,NA,NA,NA,NA,NA,NA,NA,NA,NA,NA,NA,NA,NA,NA,NA,NA,NA,NA,NA,NA,NA,NA,NA,NA,NA,NA,NA,NA,NA
Comoros,COM,Eastern Africa RCC,NA,NA,points,1582667288,-11.6956603,43.2541008,OpenStreetMap via osmdata,comoros | NA,NA,NA,NA,NA,NA,NA,NA,NA,NA,NA,NA,NA,NA,NA,NA,NA,NA,NA,NA,NA,NA,NA,NA,NA,NA,NA,NA,NA,NA,NA,NA,NA,NA,NA,NA,NA,NA,NA,NA,NA,NA,NA,NA
Comoros,COM,Eastern Africa RCC,NA,NA,points,1582667430,-11.6937608,43.2539638,OpenStreetMap via osmdata,comoros | NA,NA,NA,NA,NA,NA,NA,NA,NA,NA,NA,NA,NA,NA,NA,NA,NA,NA,NA,NA,NA,NA,NA,NA,NA,NA,NA,NA,NA,NA,NA,NA,NA,NA,NA,NA,NA,NA,NA,NA,NA,NA,NA,NA
Comoros,COM,Eastern Africa RCC,NA,NA,points,1582667678,-11.6948809,43.2554031,OpenStreetMap via osmdata,comoros | NA,NA,NA,NA,NA,NA,NA,NA,NA,NA,NA,NA,NA,NA,NA,NA,NA,NA,NA,NA,NA,NA,NA,NA,NA,NA,NA,NA,NA,NA,NA,NA,NA,NA,NA,NA,NA,NA,NA,NA,NA,NA,NA,NA
Comoros,COM,Eastern Africa RCC,NA,NA,points,1582668102,-11.6956075,43.2540828,OpenStreetMap via osmdata,comoros | NA,NA,NA,NA,NA,NA,NA,NA,NA,NA,NA,NA,NA,NA,NA,NA,NA,NA,NA,NA,NA,NA,NA,NA,NA,NA,NA,NA,NA,NA,NA,NA,NA,NA,NA,NA,NA,NA,NA,NA,NA,NA,NA,NA
Comoros,COM,Eastern Africa RCC,NA,NA,points,1582668104,-11.6953601,43.2532936,OpenStreetMap via osmdata,comoros | NA,NA,NA,NA,NA,NA,NA,NA,NA,NA,NA,NA,NA,NA,NA,NA,NA,NA,NA,NA,NA,NA,NA,NA,NA,NA,NA,NA,NA,NA,NA,NA,NA,NA,NA,NA,NA,NA,NA,NA,NA,NA,NA,NA
Comoros,COM,Eastern Africa RCC,Pharmacie de la Corniche,pharmacy,points,2656235862,-11.6949657,43.2555274,OpenStreetMap via osmdata,comoros | pharmacie de la corniche,Pharmacie de la Corniche,NA,NA,NA,NA,NA,NA,NA,NA,NA,NA,NA,NA,pharmacy,NA,NA,NA,NA,pharmacy,NA,NA,NA,NA,NA,NA,NA,NA,NA,NA,NA,NA,NA,NA,NA,NA,NA,NA,NA,NA,NA,NA,NA,pharmacie de la corniche
Comoros,COM,Eastern Africa RCC,L'Avicenne,pharmacy,points,2656239968,-11.6955637,43.2532617,OpenStreetMap via osmdata,comoros | l avicenne,L'Avicenne,NA,NA,NA,NA,NA,NA,NA,Rue Ahmed Djoumoi,NA,NA,NA,NA,pharmacy,NA,NA,NA,NA,pharmacy,NA,NA,NA,NA,NA,NA,NA,NA,NA,NA,NA,NA,NA,NA,NA,NA,NA,NA,NA,NA,NA,NA,NA,l avicenne
Comoros,COM,Eastern Africa RCC,La Pharmacie des Comores,pharmacy,points,2656240210,-11.6965755,43.2547391,OpenStreetMap via osmdata,comoros | la pharmacie des comores,La Pharmacie des Comores,NA,NA,NA,NA,NA,NA,NA,NA,NA,NA,NA,NA,pharmacy,NA,NA,NA,NA,pharmacy,NA,yes,no,NA,NA,NA,NA,NA,NA,7732273,NA,NA,NA,NA,NA,NA,NA,NA,NA,NA,NA,NA,NA,la pharmacie des comores
Comoros,COM,Eastern Africa RCC,Polyclinique du Croissant Rouge Iranien,hospital,points,2716272375,-12.1628941,44.4006947,OpenStreetMap via osmdata,comoros | polyclinique du croissant rouge iranien,Polyclinique du Croissant Rouge Iranien,NA,NA,NA,NA,NA,NA,NA,NA,NA,NA,NA,NA,hospital,NA,NA,NA,NA,NA,NA,NA,NA,NA,NA,NA,NA,NA,NA,NA,NA,NA,NA,NA,NA,NA,NA,NA,NA,NA,NA,NA,NA,polyclinique du croissant rouge iranien
Comoros,COM,Eastern Africa RCC,NA,NA,points,3740177722,-11.8042098,43.2793304,OpenStreetMap via osmdata,comoros | NA,NA,NA,NA,NA,NA,NA,NA,NA,NA,NA,NA,NA,NA,NA,NA,NA,NA,NA,NA,NA,NA,NA,NA,NA,NA,NA,NA,NA,NA,NA,NA,NA,NA,NA,NA,NA,NA,NA,NA,NA,NA,NA,NA
Comoros,COM,Eastern Africa RCC,NA,NA,points,3740178100,-11.8038159,43.2797971,OpenStreetMap via osmdata,comoros | NA,NA,NA,NA,NA,NA,NA,NA,NA,NA,NA,NA,NA,NA,NA,NA,NA,NA,NA,NA,NA,NA,NA,NA,NA,NA,NA,NA,NA,NA,NA,NA,NA,NA,NA,NA,NA,NA,NA,NA,NA,NA,NA,NA
Comoros,COM,Eastern Africa RCC,NA,NA,points,3740178105,-11.8044145,43.2794699,OpenStreetMap via osmdata,comoros | NA,NA,NA,NA,NA,NA,NA,NA,NA,NA,NA,NA,NA,NA,NA,NA,NA,NA,NA,NA,NA,NA,NA,NA,NA,NA,NA,NA,NA,NA,NA,NA,NA,NA,NA,NA,NA,NA,NA,NA,NA,NA,NA,NA
Comoros,COM,Eastern Africa RCC,NA,NA,points,3740178131,-11.8040785,43.2799795,OpenStreetMap via osmdata,comoros | NA,NA,NA,NA,NA,NA,NA,NA,NA,NA,NA,NA,NA,NA,NA,NA,NA,NA,NA,NA,NA,NA,NA,NA,NA,NA,NA,NA,NA,NA,NA,NA,NA,NA,NA,NA,NA,NA,NA,NA,NA,NA,NA,NA
Comoros,COM,Eastern Africa RCC,Centre de santé de Mitsoudjé,hospital,points,3747965355,-11.8041656,43.2796781,OpenStreetMap via osmdata,comoros | centre de sante de mitsoudje,Centre de santé de Mitsoudjé,NA,NA,NA,NA,NA,NA,NA,NA,NA,NA,NA,NA,hospital,NA,NA,NA,NA,NA,NA,NA,NA,NA,NA,NA,NA,NA,NA,NA,NA,NA,NA,NA,NA,NA,NA,NA,NA,NA,NA,NA,NA,centre de sante de mitsoudje
Comoros,COM,Eastern Africa RCC,NA,NA,points,3814154505,-11.3930112,43.2867984,OpenStreetMap via osmdata,comoros | NA,NA,NA,NA,NA,NA,NA,NA,NA,NA,NA,NA,NA,NA,NA,NA,NA,NA,NA,NA,NA,NA,NA,NA,NA,NA,NA,NA,NA,NA,NA,NA,NA,NA,NA,NA,NA,NA,NA,NA,NA,NA,NA,NA
Comoros,COM,Eastern Africa RCC,NA,NA,points,3814154506,-11.3932724,43.2869462,OpenStreetMap via osmdata,comoros | NA,NA,NA,NA,NA,NA,NA,NA,NA,NA,NA,NA,NA,NA,NA,NA,NA,NA,NA,NA,NA,NA,NA,NA,NA,NA,NA,NA,NA,NA,NA,NA,NA,NA,NA,NA,NA,NA,NA,NA,NA,NA,NA,NA
Comoros,COM,Eastern Africa RCC,NA,NA,points,3814154507,-11.3934333,43.2869986,OpenStreetMap via osmdata,comoros | NA,NA,NA,NA,NA,NA,NA,NA,NA,NA,NA,NA,NA,NA,NA,NA,NA,NA,NA,NA,NA,NA,NA,NA,NA,NA,NA,NA,NA,NA,NA,NA,NA,NA,NA,NA,NA,NA,NA,NA,NA,NA,NA,NA
Comoros,COM,Eastern Africa RCC,NA,NA,points,3814154511,-11.3937551,43.2867716,OpenStreetMap via osmdata,comoros | NA,NA,NA,NA,NA,NA,NA,NA,NA,NA,NA,NA,NA,NA,NA,NA,NA,NA,NA,NA,NA,NA,NA,NA,NA,NA,NA,NA,NA,NA,NA,NA,NA,NA,NA,NA,NA,NA,NA,NA,NA,NA,NA,NA
Comoros,COM,Eastern Africa RCC,NA,NA,points,4002369213,-11.6946753,43.2531073,OpenStreetMap via osmdata,comoros | NA,NA,NA,NA,NA,NA,NA,NA,NA,NA,NA,NA,NA,NA,NA,NA,NA,NA,NA,NA,NA,NA,NA,NA,NA,NA,NA,NA,NA,NA,NA,NA,NA,NA,NA,NA,NA,NA,NA,NA,NA,NA,NA,NA
Comoros,COM,Eastern Africa RCC,CMC Mitsamiouli,hospital,points,4002475742,-11.3936872,43.2861297,OpenStreetMap via osmdata,comoros | cmc mitsamiouli,CMC Mitsamiouli,NA,NA,NA,NA,NA,NA,NA,NA,NA,NA,NA,NA,hospital,NA,NA,NA,NA,NA,NA,NA,NA,NA,NA,NA,NA,NA,NA,NA,NA,NA,NA,NA,NA,NA,NA,NA,NA,NA,NA,NA,NA,cmc mitsamiouli
Comoros,COM,Eastern Africa RCC,NA,NA,points,4002498422,-11.4899468,43.3280617,OpenStreetMap via osmdata,comoros | NA,NA,NA,NA,NA,NA,NA,NA,NA,NA,NA,NA,NA,NA,NA,NA,NA,NA,NA,NA,NA,NA,NA,NA,NA,NA,NA,NA,NA,NA,NA,NA,NA,NA,NA,NA,NA,NA,NA,NA,NA,NA,NA,NA
Comoros,COM,Eastern Africa RCC,Santé Militaire الصحة العسكرية,clinic,points,4002529047,-11.7039432,43.2569086,OpenStreetMap via osmdata,comoros | sante militaire,Santé Militaire الصحة العسكرية,NA,NA,NA,NA,NA,NA,NA,NA,NA,NA,NA,NA,clinic,NA,NA,NA,NA,clinic,NA,NA,NA,الصحة العسكرية,Santé Militaire,NA,Gendermérie Nationale الدرك الوطني,الدرك الوطني,NA,NA,NA,NA,NA,NA,NA,NA,NA,NA,NA,NA,NA,NA,NA,sante militaire
Comoros,COM,Eastern Africa RCC,NA,NA,points,4066378444,-11.6614516,43.2719983,OpenStreetMap via osmdata,comoros | NA,NA,NA,NA,NA,NA,NA,NA,NA,NA,NA,NA,NA,NA,NA,NA,NA,NA,NA,NA,NA,NA,NA,NA,NA,NA,NA,NA,NA,NA,NA,NA,NA,NA,NA,NA,NA,NA,NA,NA,NA,NA,NA,NA
Comoros,COM,Eastern Africa RCC,NA,NA,points,4066378445,-11.6612887,43.2720063,OpenStreetMap via osmdata,comoros | NA,NA,NA,NA,NA,NA,NA,NA,NA,NA,NA,NA,NA,NA,NA,NA,NA,NA,NA,NA,NA,NA,NA,NA,NA,NA,NA,NA,NA,NA,NA,NA,NA,NA,NA,NA,NA,NA,NA,NA,NA,NA,NA,NA
Comoros,COM,Eastern Africa RCC,NA,NA,points,4066378446,-11.6612651,43.2716979,OpenStreetMap via osmdata,comoros | NA,NA,NA,NA,NA,NA,NA,NA,NA,NA,NA,NA,NA,NA,NA,NA,NA,NA,NA,NA,NA,NA,NA,NA,NA,NA,NA,NA,NA,NA,NA,NA,NA,NA,NA,NA,NA,NA,NA,NA,NA,NA,NA,NA
Comoros,COM,Eastern Africa RCC,NA,NA,points,4066378447,-11.6614437,43.2716872,OpenStreetMap via osmdata,comoros | NA,NA,NA,NA,NA,NA,NA,NA,NA,NA,NA,NA,NA,NA,NA,NA,NA,NA,NA,NA,NA,NA,NA,NA,NA,NA,NA,NA,NA,NA,NA,NA,NA,NA,NA,NA,NA,NA,NA,NA,NA,NA,NA,NA
Comoros,COM,Eastern Africa RCC,NA,NA,points,4066378448,-11.6614306,43.2717435,OpenStreetMap via osmdata,comoros | NA,NA,NA,NA,NA,NA,NA,NA,NA,NA,NA,NA,NA,NA,NA,NA,NA,NA,NA,NA,NA,NA,NA,NA,NA,NA,NA,NA,NA,NA,NA,NA,NA,NA,NA,NA,NA,NA,NA,NA,NA,NA,NA,NA
Comoros,COM,Eastern Africa RCC,NA,NA,points,4066378449,-11.6614621,43.2717488,OpenStreetMap via osmdata,comoros | NA,NA,NA,NA,NA,NA,NA,NA,NA,NA,NA,NA,NA,NA,NA,NA,NA,NA,NA,NA,NA,NA,NA,NA,NA,NA,NA,NA,NA,NA,NA,NA,NA,NA,NA,NA,NA,NA,NA,NA,NA,NA,NA,NA
Comoros,COM,Eastern Africa RCC,NA,NA,points,4066378450,-11.6614723,43.2718692,OpenStreetMap via osmdata,comoros | NA,NA,NA,NA,NA,NA,NA,NA,NA,NA,NA,NA,NA,NA,NA,NA,NA,NA,NA,NA,NA,NA,NA,NA,NA,NA,NA,NA,NA,NA,NA,NA,NA,NA,NA,NA,NA,NA,NA,NA,NA,NA,NA,NA
Comoros,COM,Eastern Africa RCC,NA,NA,points,4066378451,-11.6614332,43.2718803,OpenStreetMap via osmdata,comoros | NA,NA,NA,NA,NA,NA,NA,NA,NA,NA,NA,NA,NA,NA,NA,NA,NA,NA,NA,NA,NA,NA,NA,NA,NA,NA,NA,NA,NA,NA,NA,NA,NA,NA,NA,NA,NA,NA,NA,NA,NA,NA,NA,NA
Comoros,COM,Eastern Africa RCC,NA,NA,points,4066378452,-11.661428,43.2719286,OpenStreetMap via osmdata,comoros | NA,NA,NA,NA,NA,NA,NA,NA,NA,NA,NA,NA,NA,NA,NA,NA,NA,NA,NA,NA,NA,NA,NA,NA,NA,NA,NA,NA,NA,NA,NA,NA,NA,NA,NA,NA,NA,NA,NA,NA,NA,NA,NA,NA
Comoros,COM,Eastern Africa RCC,NA,NA,points,4066378453,-11.6614621,43.2719312,OpenStreetMap via osmdata,comoros | NA,NA,NA,NA,NA,NA,NA,NA,NA,NA,NA,NA,NA,NA,NA,NA,NA,NA,NA,NA,NA,NA,NA,NA,NA,NA,NA,NA,NA,NA,NA,NA,NA,NA,NA,NA,NA,NA,NA,NA,NA,NA,NA,NA
Comoros,COM,Eastern Africa RCC,NA,NA,points,4071627365,-11.6945258,43.2530266,OpenStreetMap via osmdata,comoros | NA,NA,NA,NA,NA,NA,NA,NA,NA,NA,NA,NA,NA,NA,NA,gate,NA,NA,NA,NA,NA,NA,NA,NA,NA,NA,NA,NA,NA,NA,NA,NA,NA,NA,NA,NA,NA,NA,NA,NA,NA,NA,NA,NA
Comoros,COM,Eastern Africa RCC,NA,NA,points,4071627373,-11.6957737,43.2543099,OpenStreetMap via osmdata,comoros | NA,NA,NA,NA,NA,NA,NA,NA,NA,NA,NA,NA,NA,NA,NA,NA,NA,NA,NA,NA,NA,NA,NA,NA,NA,NA,NA,NA,NA,NA,NA,NA,NA,NA,NA,NA,NA,NA,NA,NA,NA,NA,NA,NA
Comoros,COM,Eastern Africa RCC,NA,NA,points,4071627374,-11.6958333,43.2544422,OpenStreetMap via osmdata,comoros | NA,NA,NA,NA,NA,NA,NA,NA,NA,NA,NA,NA,NA,NA,NA,NA,NA,NA,NA,NA,NA,NA,NA,NA,NA,NA,NA,NA,NA,NA,NA,NA,NA,NA,NA,NA,NA,NA,NA,NA,NA,NA,NA,NA
Comoros,COM,Eastern Africa RCC,NA,NA,points,4071627375,-11.6958455,43.2542762,OpenStreetMap via osmdata,comoros | NA,NA,NA,NA,NA,NA,NA,NA,NA,NA,NA,NA,NA,NA,NA,NA,NA,NA,NA,NA,NA,NA,NA,NA,NA,NA,NA,NA,NA,NA,NA,NA,NA,NA,NA,NA,NA,NA,NA,NA,NA,NA,NA,NA
Comoros,COM,Eastern Africa RCC,NA,NA,points,4071627376,-11.6958659,43.2543216,OpenStreetMap via osmdata,comoros | NA,NA,NA,NA,NA,NA,NA,NA,NA,NA,NA,NA,NA,NA,NA,NA,NA,NA,NA,NA,NA,NA,NA,NA,NA,NA,NA,NA,NA,NA,NA,NA,NA,NA,NA,NA,NA,NA,NA,NA,NA,NA,NA,NA
Comoros,COM,Eastern Africa RCC,NA,NA,points,4071627377,-11.6959171,43.2542975,OpenStreetMap via osmdata,comoros | NA,NA,NA,NA,NA,NA,NA,NA,NA,NA,NA,NA,NA,NA,NA,NA,NA,NA,NA,NA,NA,NA,NA,NA,NA,NA,NA,NA,NA,NA,NA,NA,NA,NA,NA,NA,NA,NA,NA,NA,NA,NA,NA,NA
Comoros,COM,Eastern Africa RCC,NA,NA,points,4071627378,-11.6959562,43.2543845,OpenStreetMap via osmdata,comoros | NA,NA,NA,NA,NA,NA,NA,NA,NA,NA,NA,NA,NA,NA,NA,NA,NA,NA,NA,NA,NA,NA,NA,NA,NA,NA,NA,NA,NA,NA,NA,NA,NA,NA,NA,NA,NA,NA,NA,NA,NA,NA,NA,NA
Comoros,COM,Eastern Africa RCC,NA,NA,points,4082630027,-11.6280214,43.3707611,OpenStreetMap via osmdata,comoros | NA,NA,NA,NA,NA,NA,NA,NA,NA,NA,NA,NA,NA,NA,NA,NA,NA,NA,NA,NA,NA,NA,NA,NA,NA,NA,NA,NA,NA,NA,NA,NA,NA,NA,NA,NA,NA,NA,NA,NA,NA,NA,NA,NA
Comoros,COM,Eastern Africa RCC,NA,NA,points,4082630028,-11.6280319,43.3709032,OpenStreetMap via osmdata,comoros | NA,NA,NA,NA,NA,NA,NA,NA,NA,NA,NA,NA,NA,NA,NA,NA,NA,NA,NA,NA,NA,NA,NA,NA,NA,NA,NA,NA,NA,NA,NA,NA,NA,NA,NA,NA,NA,NA,NA,NA,NA,NA,NA,NA
Comoros,COM,Eastern Africa RCC,NA,NA,points,4082630029,-11.6281738,43.3709006,OpenStreetMap via osmdata,comoros | NA,NA,NA,NA,NA,NA,NA,NA,NA,NA,NA,NA,NA,NA,NA,NA,NA,NA,NA,NA,NA,NA,NA,NA,NA,NA,NA,NA,NA,NA,NA,NA,NA,NA,NA,NA,NA,NA,NA,NA,NA,NA,NA,NA
Comoros,COM,Eastern Africa RCC,NA,NA,points,4082630030,-11.6281554,43.3707584,OpenStreetMap via osmdata,comoros | NA,NA,NA,NA,NA,NA,NA,NA,NA,NA,NA,NA,NA,NA,NA,NA,NA,NA,NA,NA,NA,NA,NA,NA,NA,NA,NA,NA,NA,NA,NA,NA,NA,NA,NA,NA,NA,NA,NA,NA,NA,NA,NA,NA
Comoros,COM,Eastern Africa RCC,NA,NA,points,4082654814,-11.5724812,43.2707953,OpenStreetMap via osmdata,comoros | NA,NA,NA,NA,NA,NA,NA,NA,NA,NA,NA,NA,NA,NA,NA,NA,NA,NA,NA,NA,NA,NA,NA,NA,NA,NA,NA,NA,NA,NA,NA,NA,NA,NA,NA,NA,NA,NA,NA,NA,NA,NA,NA,NA
Comoros,COM,Eastern Africa RCC,NA,NA,points,4082654815,-11.5724924,43.2710458,OpenStreetMap via osmdata,comoros | NA,NA,NA,NA,NA,NA,NA,NA,NA,NA,NA,NA,NA,NA,NA,NA,NA,NA,NA,NA,NA,NA,NA,NA,NA,NA,NA,NA,NA,NA,NA,NA,NA,NA,NA,NA,NA,NA,NA,NA,NA,NA,NA,NA
Comoros,COM,Eastern Africa RCC,NA,NA,points,4082654816,-11.57256,43.2710426,OpenStreetMap via osmdata,comoros | NA,NA,NA,NA,NA,NA,NA,NA,NA,NA,NA,NA,NA,NA,NA,NA,NA,NA,NA,NA,NA,NA,NA,NA,NA,NA,NA,NA,NA,NA,NA,NA,NA,NA,NA,NA,NA,NA,NA,NA,NA,NA,NA,NA
Comoros,COM,Eastern Africa RCC,NA,NA,points,4082654817,-11.572557,43.2709754,OpenStreetMap via osmdata,comoros | NA,NA,NA,NA,NA,NA,NA,NA,NA,NA,NA,NA,NA,NA,NA,NA,NA,NA,NA,NA,NA,NA,NA,NA,NA,NA,NA,NA,NA,NA,NA,NA,NA,NA,NA,NA,NA,NA,NA,NA,NA,NA,NA,NA
Comoros,COM,Eastern Africa RCC,NA,NA,points,4082654818,-11.5726649,43.2709704,OpenStreetMap via osmdata,comoros | NA,NA,NA,NA,NA,NA,NA,NA,NA,NA,NA,NA,NA,NA,NA,NA,NA,NA,NA,NA,NA,NA,NA,NA,NA,NA,NA,NA,NA,NA,NA,NA,NA,NA,NA,NA,NA,NA,NA,NA,NA,NA,NA,NA
Comoros,COM,Eastern Africa RCC,NA,NA,points,4082654819,-11.57266,43.2708608,OpenStreetMap via osmdata,comoros | NA,NA,NA,NA,NA,NA,NA,NA,NA,NA,NA,NA,NA,NA,NA,NA,NA,NA,NA,NA,NA,NA,NA,NA,NA,NA,NA,NA,NA,NA,NA,NA,NA,NA,NA,NA,NA,NA,NA,NA,NA,NA,NA,NA
Comoros,COM,Eastern Africa RCC,NA,NA,points,4082654820,-11.5726258,43.2708527,OpenStreetMap via osmdata,comoros | NA,NA,NA,NA,NA,NA,NA,NA,NA,NA,NA,NA,NA,NA,NA,NA,NA,NA,NA,NA,NA,NA,NA,NA,NA,NA,NA,NA,NA,NA,NA,NA,NA,NA,NA,NA,NA,NA,NA,NA,NA,NA,NA,NA
Comoros,COM,Eastern Africa RCC,NA,NA,points,4082654821,-11.5726229,43.2707886,OpenStreetMap via osmdata,comoros | NA,NA,NA,NA,NA,NA,NA,NA,NA,NA,NA,NA,NA,NA,NA,NA,NA,NA,NA,NA,NA,NA,NA,NA,NA,NA,NA,NA,NA,NA,NA,NA,NA,NA,NA,NA,NA,NA,NA,NA,NA,NA,NA,NA
Comoros,COM,Eastern Africa RCC,NA,NA,points,4138983575,-11.5061867,43.3855234,OpenStreetMap via osmdata,comoros | NA,NA,NA,NA,NA,NA,NA,NA,NA,NA,NA,NA,NA,NA,NA,NA,NA,NA,NA,NA,NA,NA,NA,NA,NA,NA,NA,NA,NA,NA,NA,NA,NA,NA,NA,NA,NA,NA,NA,NA,NA,NA,NA,NA
Comoros,COM,Eastern Africa RCC,NA,NA,points,4138983576,-11.5062537,43.3853155,OpenStreetMap via osmdata,comoros | NA,NA,NA,NA,NA,NA,NA,NA,NA,NA,NA,NA,NA,NA,NA,NA,NA,NA,NA,NA,NA,NA,NA,NA,NA,NA,NA,NA,NA,NA,NA,NA,NA,NA,NA,NA,NA,NA,NA,NA,NA,NA,NA,NA
Comoros,COM,Eastern Africa RCC,NA,NA,points,4138983577,-11.5064114,43.3846517,OpenStreetMap via osmdata,comoros | NA,NA,NA,NA,NA,NA,NA,NA,NA,NA,NA,NA,NA,NA,NA,NA,NA,NA,NA,NA,NA,NA,NA,NA,NA,NA,NA,NA,NA,NA,NA,NA,NA,NA,NA,NA,NA,NA,NA,NA,NA,NA,NA,NA
Comoros,COM,Eastern Africa RCC,NA,NA,points,4138983578,-11.5065139,43.385561,OpenStreetMap via osmdata,comoros | NA,NA,NA,NA,NA,NA,NA,NA,NA,NA,NA,NA,NA,NA,NA,NA,NA,NA,NA,NA,NA,NA,NA,NA,NA,NA,NA,NA,NA,NA,NA,NA,NA,NA,NA,NA,NA,NA,NA,NA,NA,NA,NA,NA
Comoros,COM,Eastern Africa RCC,NA,NA,points,4138983579,-11.5064403,43.3843124,OpenStreetMap via osmdata,comoros | NA,NA,NA,NA,NA,NA,NA,NA,NA,NA,NA,NA,NA,NA,NA,NA,NA,NA,NA,NA,NA,NA,NA,NA,NA,NA,NA,NA,NA,NA,NA,NA,NA,NA,NA,NA,NA,NA,NA,NA,NA,NA,NA,NA
Comoros,COM,Eastern Africa RCC,NA,NA,points,4138983580,-11.5067202,43.3843553,OpenStreetMap via osmdata,comoros | NA,NA,NA,NA,NA,NA,NA,NA,NA,NA,NA,NA,NA,NA,NA,NA,NA,NA,NA,NA,NA,NA,NA,NA,NA,NA,NA,NA,NA,NA,NA,NA,NA,NA,NA,NA,NA,NA,NA,NA,NA,NA,NA,NA
Comoros,COM,Eastern Africa RCC,NA,NA,points,4138983581,-11.506648,43.3854657,OpenStreetMap via osmdata,comoros | NA,NA,NA,NA,NA,NA,NA,NA,NA,NA,NA,NA,NA,NA,NA,NA,NA,NA,NA,NA,NA,NA,NA,NA,NA,NA,NA,NA,NA,NA,NA,NA,NA,NA,NA,NA,NA,NA,NA,NA,NA,NA,NA,NA
Comoros,COM,Eastern Africa RCC,NA,NA,points,4138983582,-11.5067754,43.3853303,OpenStreetMap via osmdata,comoros | NA,NA,NA,NA,NA,NA,NA,NA,NA,NA,NA,NA,NA,NA,NA,NA,NA,NA,NA,NA,NA,NA,NA,NA,NA,NA,NA,NA,NA,NA,NA,NA,NA,NA,NA,NA,NA,NA,NA,NA,NA,NA,NA,NA
Comoros,COM,Eastern Africa RCC,NA,NA,points,4138983583,-11.506807,43.3844022,OpenStreetMap via osmdata,comoros | NA,NA,NA,NA,NA,NA,NA,NA,NA,NA,NA,NA,NA,NA,NA,NA,NA,NA,NA,NA,NA,NA,NA,NA,NA,NA,NA,NA,NA,NA,NA,NA,NA,NA,NA,NA,NA,NA,NA,NA,NA,NA,NA,NA
Comoros,COM,Eastern Africa RCC,NA,NA,points,4138983584,-11.5068806,43.3852364,OpenStreetMap via osmdata,comoros | NA,NA,NA,NA,NA,NA,NA,NA,NA,NA,NA,NA,NA,NA,NA,NA,NA,NA,NA,NA,NA,NA,NA,NA,NA,NA,NA,NA,NA,NA,NA,NA,NA,NA,NA,NA,NA,NA,NA,NA,NA,NA,NA,NA
Comoros,COM,Eastern Africa RCC,NA,NA,points,4138983585,-11.5070343,43.3847657,OpenStreetMap via osmdata,comoros | NA,NA,NA,NA,NA,NA,NA,NA,NA,NA,NA,NA,NA,NA,NA,NA,NA,NA,NA,NA,NA,NA,NA,NA,NA,NA,NA,NA,NA,NA,NA,NA,NA,NA,NA,NA,NA,NA,NA,NA,NA,NA,NA,NA
Comoros,COM,Eastern Africa RCC,NA,NA,points,4138983586,-11.5070816,43.3851948,OpenStreetMap via osmdata,comoros | NA,NA,NA,NA,NA,NA,NA,NA,NA,NA,NA,NA,NA,NA,NA,NA,NA,NA,NA,NA,NA,NA,NA,NA,NA,NA,NA,NA,NA,NA,NA,NA,NA,NA,NA,NA,NA,NA,NA,NA,NA,NA,NA,NA
Comoros,COM,Eastern Africa RCC,NA,NA,points,4195354094,-11.7127631,43.2457619,OpenStreetMap via osmdata,comoros | NA,NA,NA,NA,NA,NA,NA,NA,NA,NA,NA,NA,NA,NA,NA,NA,NA,NA,NA,NA,NA,NA,NA,NA,NA,NA,NA,NA,NA,NA,NA,NA,NA,NA,NA,NA,NA,NA,NA,NA,NA,NA,NA,NA
Comoros,COM,Eastern Africa RCC,Pharmacie Generique,pharmacy,points,4195354390,-11.6913619,43.2627432,OpenStreetMap via osmdata,comoros | pharmacie generique,Pharmacie Generique,NA,NA,NA,NA,NA,NA,NA,NA,NA,NA,NA,NA,pharmacy,NA,NA,NA,NA,pharmacy,NA,NA,NA,NA,NA,NA,NA,NA,NA,NA,NA,NA,NA,NA,NA,NA,NA,NA,NA,NA,NA,NA,NA,pharmacie generique
Comoros,COM,Eastern Africa RCC,Cabinet Medical,doctors,points,4195376590,-11.6872125,43.2591525,OpenStreetMap via osmdata,comoros | cabinet medical,Cabinet Medical,NA,NA,NA,NA,NA,NA,NA,Rue de l'Union Africaine,NA,NA,NA,NA,doctors,NA,NA,NA,NA,doctor,NA,NA,NA,NA,NA,NA,NA,NA,NA,NA,NA,NA,NA,NA,NA,NA,NA,NA,NA,NA,NA,NA,NA,cabinet medical
Comoros,COM,Eastern Africa RCC,Pharmacie Itsandra,pharmacy,points,4195377991,-11.6773251,43.2643911,OpenStreetMap via osmdata,comoros | pharmacie itsandra,Pharmacie Itsandra,NA,NA,NA,NA,NA,NA,NA,NA,NA,NA,NA,NA,pharmacy,NA,NA,NA,NA,pharmacy,NA,NA,NA,NA,Pharmacie Itsandra,NA,NA,NA,NA,NA,NA,NA,NA,NA,NA,NA,NA,NA,NA,NA,NA,NA,NA,pharmacie itsandra
Comoros,COM,Eastern Africa RCC,Pharmacie des Iles,pharmacy,points,4195377992,-11.69093,43.258478,OpenStreetMap via osmdata,comoros | pharmacie des iles,Pharmacie des Iles,NA,NA,NA,NA,NA,NA,NA,Rue de la COI,NA,NA,NA,NA,pharmacy,NA,NA,NA,NA,pharmacy,NA,NA,NA,NA,NA,NA,NA,NA,NA,NA,NA,NA,NA,NA,NA,NA,NA,NA,NA,NA,NA,NA,NA,pharmacie des iles
Comoros,COM,Eastern Africa RCC,Cabinet médical,doctors,points,4195378697,-11.691995,43.2605281,OpenStreetMap via osmdata,comoros | cabinet medical,Cabinet médical,NA,NA,NA,NA,NA,NA,NA,NA,NA,NA,NA,NA,doctors,NA,NA,NA,NA,doctor,NA,NA,NA,NA,NA,NA,NA,NA,NA,NA,NA,NA,NA,NA,NA,NA,NA,NA,NA,NA,NA,NA,NA,cabinet medical
Comoros,COM,Eastern Africa RCC,Clinique Ascobef,clinic,points,4195378700,-11.6912446,43.2586921,OpenStreetMap via osmdata,comoros | clinique ascobef,Clinique Ascobef,NA,NA,NA,NA,NA,NA,NA,Rue de la COI,NA,NA,NA,NA,clinic,NA,NA,NA,NA,clinic,NA,NA,NA,NA,NA,NA,NA,NA,NA,NA,NA,NA,NA,NA,NA,NA,NA,NA,NA,NA,NA,NA,NA,clinique ascobef
Comoros,COM,Eastern Africa RCC,Traleni,pharmacy,points,4195403789,-11.7056121,43.2520601,OpenStreetMap via osmdata,comoros | traleni,Traleni,NA,NA,NA,NA,NA,NA,NA,NA,NA,NA,NA,NA,pharmacy,NA,NA,NA,NA,pharmacy,NA,NA,NA,NA,NA,NA,NA,NA,NA,NA,NA,NA,NA,NA,NA,NA,NA,NA,NA,NA,NA,NA,NA,traleni
Comoros,COM,Eastern Africa RCC,PNAC,clinic,points,4197753697,-11.7159147,43.2449749,OpenStreetMap via osmdata,comoros | pnac,PNAC,NA,NA,NA,NA,NA,NA,NA,Avenue du Président Ali Soilihi,NA,NA,NA,NA,clinic,NA,NA,NA,NA,clinic,NA,NA,NA,NA,NA,NA,NA,NA,NA,NA,NA,NA,NA,NA,NA,NA,NA,NA,NA,NA,NA,NA,NA,pnac
Comoros,COM,Eastern Africa RCC,NA,NA,points,4314281047,-11.7070091,43.2535493,OpenStreetMap via osmdata,comoros | NA,NA,NA,NA,NA,NA,NA,NA,NA,NA,NA,NA,NA,NA,NA,NA,NA,NA,NA,NA,NA,NA,NA,NA,NA,NA,NA,NA,NA,NA,NA,NA,NA,NA,NA,NA,NA,NA,NA,NA,NA,NA,NA,NA
Comoros,COM,Eastern Africa RCC,NA,NA,points,4314281215,-11.70704,43.2534054,OpenStreetMap via osmdata,comoros | NA,NA,NA,NA,NA,NA,NA,NA,NA,NA,NA,NA,NA,NA,NA,NA,NA,NA,NA,NA,NA,NA,NA,NA,NA,NA,NA,NA,NA,NA,NA,NA,NA,NA,NA,NA,NA,NA,NA,NA,NA,NA,NA,NA
Comoros,COM,Eastern Africa RCC,NA,NA,points,4314281325,-11.7070892,43.2535649,OpenStreetMap via osmdata,comoros | NA,NA,NA,NA,NA,NA,NA,NA,NA,NA,NA,NA,NA,NA,NA,NA,NA,NA,NA,NA,NA,NA,NA,NA,NA,NA,NA,NA,NA,NA,NA,NA,NA,NA,NA,NA,NA,NA,NA,NA,NA,NA,NA,NA
Comoros,COM,Eastern Africa RCC,NA,NA,points,4314281405,-11.7071241,43.2534273,OpenStreetMap via osmdata,comoros | NA,NA,NA,NA,NA,NA,NA,NA,NA,NA,NA,NA,NA,NA,NA,NA,NA,NA,NA,NA,NA,NA,NA,NA,NA,NA,NA,NA,NA,NA,NA,NA,NA,NA,NA,NA,NA,NA,NA,NA,NA,NA,NA,NA
Comoros,COM,Eastern Africa RCC,NA,NA,points,4356543907,-11.6998668,43.2561714,OpenStreetMap via osmdata,comoros | NA,NA,NA,NA,NA,NA,NA,NA,NA,NA,NA,NA,NA,NA,NA,NA,NA,NA,NA,NA,NA,NA,NA,NA,NA,NA,NA,NA,NA,NA,NA,NA,NA,NA,NA,NA,NA,NA,NA,NA,NA,NA,NA,NA
Comoros,COM,Eastern Africa RCC,NA,NA,points,4356543908,-11.6998867,43.2562725,OpenStreetMap via osmdata,comoros | NA,NA,NA,NA,NA,NA,NA,NA,NA,NA,NA,NA,NA,NA,NA,NA,NA,NA,NA,NA,NA,NA,NA,NA,NA,NA,NA,NA,NA,NA,NA,NA,NA,NA,NA,NA,NA,NA,NA,NA,NA,NA,NA,NA
Comoros,COM,Eastern Africa RCC,NA,NA,points,4356543913,-11.6999835,43.2561474,OpenStreetMap via osmdata,comoros | NA,NA,NA,NA,NA,NA,NA,NA,NA,NA,NA,NA,NA,NA,NA,NA,NA,NA,NA,NA,NA,NA,NA,NA,NA,NA,NA,NA,NA,NA,NA,NA,NA,NA,NA,NA,NA,NA,NA,NA,NA,NA,NA,NA
Comoros,COM,Eastern Africa RCC,NA,NA,points,4356543914,-11.7000034,43.2562485,OpenStreetMap via osmdata,comoros | NA,NA,NA,NA,NA,NA,NA,NA,NA,NA,NA,NA,NA,NA,NA,NA,NA,NA,NA,NA,NA,NA,NA,NA,NA,NA,NA,NA,NA,NA,NA,NA,NA,NA,NA,NA,NA,NA,NA,NA,NA,NA,NA,NA
Comoros,COM,Eastern Africa RCC,NA,NA,points,4361591893,-11.6994315,43.2572223,OpenStreetMap via osmdata,comoros | NA,NA,NA,NA,NA,NA,NA,NA,NA,NA,NA,NA,NA,NA,NA,NA,NA,NA,NA,NA,NA,NA,NA,NA,NA,NA,NA,NA,NA,NA,NA,NA,NA,NA,NA,NA,NA,NA,NA,NA,NA,NA,NA,NA
Comoros,COM,Eastern Africa RCC,NA,NA,points,4361591894,-11.6994793,43.2574287,OpenStreetMap via osmdata,comoros | NA,NA,NA,NA,NA,NA,NA,NA,NA,NA,NA,NA,NA,NA,NA,NA,NA,NA,NA,NA,NA,NA,NA,NA,NA,NA,NA,NA,NA,NA,NA,NA,NA,NA,NA,NA,NA,NA,NA,NA,NA,NA,NA,NA
Comoros,COM,Eastern Africa RCC,NA,NA,points,4361591895,-11.6995484,43.2571941,OpenStreetMap via osmdata,comoros | NA,NA,NA,NA,NA,NA,NA,NA,NA,NA,NA,NA,NA,NA,NA,NA,NA,NA,NA,NA,NA,NA,NA,NA,NA,NA,NA,NA,NA,NA,NA,NA,NA,NA,NA,NA,NA,NA,NA,NA,NA,NA,NA,NA
Comoros,COM,Eastern Africa RCC,NA,NA,points,4361591896,-11.6995962,43.2574006,OpenStreetMap via osmdata,comoros | NA,NA,NA,NA,NA,NA,NA,NA,NA,NA,NA,NA,NA,NA,NA,NA,NA,NA,NA,NA,NA,NA,NA,NA,NA,NA,NA,NA,NA,NA,NA,NA,NA,NA,NA,NA,NA,NA,NA,NA,NA,NA,NA,NA
Comoros,COM,Eastern Africa RCC,NA,NA,points,4362792976,-11.686069,43.2605685,OpenStreetMap via osmdata,comoros | NA,NA,NA,NA,NA,NA,NA,NA,NA,NA,NA,NA,NA,NA,NA,NA,NA,NA,NA,NA,NA,NA,NA,NA,NA,NA,NA,NA,NA,NA,NA,NA,NA,NA,NA,NA,NA,NA,NA,NA,NA,NA,NA,NA
Comoros,COM,Eastern Africa RCC,NA,NA,points,4362793095,-11.6861423,43.2607539,OpenStreetMap via osmdata,comoros | NA,NA,NA,NA,NA,NA,NA,NA,NA,NA,NA,NA,NA,NA,NA,NA,NA,NA,NA,NA,NA,NA,NA,NA,NA,NA,NA,NA,NA,NA,NA,NA,NA,NA,NA,NA,NA,NA,NA,NA,NA,NA,NA,NA
Comoros,COM,Eastern Africa RCC,NA,NA,points,4362793101,-11.6861636,43.2605295,OpenStreetMap via osmdata,comoros | NA,NA,NA,NA,NA,NA,NA,NA,NA,NA,NA,NA,NA,NA,NA,NA,NA,NA,NA,NA,NA,NA,NA,NA,NA,NA,NA,NA,NA,NA,NA,NA,NA,NA,NA,NA,NA,NA,NA,NA,NA,NA,NA,NA
Comoros,COM,Eastern Africa RCC,NA,NA,points,4362793115,-11.6862369,43.2607149,OpenStreetMap via osmdata,comoros | NA,NA,NA,NA,NA,NA,NA,NA,NA,NA,NA,NA,NA,NA,NA,NA,NA,NA,NA,NA,NA,NA,NA,NA,NA,NA,NA,NA,NA,NA,NA,NA,NA,NA,NA,NA,NA,NA,NA,NA,NA,NA,NA,NA
Comoros,COM,Eastern Africa RCC,NA,NA,points,4364434167,-11.6913881,43.2624791,OpenStreetMap via osmdata,comoros | NA,NA,NA,NA,NA,NA,NA,NA,NA,NA,NA,NA,NA,NA,NA,NA,NA,NA,NA,NA,NA,NA,NA,NA,NA,NA,NA,NA,NA,NA,NA,NA,NA,NA,NA,NA,NA,NA,NA,NA,NA,NA,NA,NA
Comoros,COM,Eastern Africa RCC,NA,NA,points,4364434170,-11.6913942,43.2625555,OpenStreetMap via osmdata,comoros | NA,NA,NA,NA,NA,NA,NA,NA,NA,NA,NA,NA,NA,NA,NA,NA,NA,NA,NA,NA,NA,NA,NA,NA,NA,NA,NA,NA,NA,NA,NA,NA,NA,NA,NA,NA,NA,NA,NA,NA,NA,NA,NA,NA
Comoros,COM,Eastern Africa RCC,NA,NA,points,4364434179,-11.6914132,43.2625483,OpenStreetMap via osmdata,comoros | NA,NA,NA,NA,NA,NA,NA,NA,NA,NA,NA,NA,NA,NA,NA,NA,NA,NA,NA,NA,NA,NA,NA,NA,NA,NA,NA,NA,NA,NA,NA,NA,NA,NA,NA,NA,NA,NA,NA,NA,NA,NA,NA,NA
Comoros,COM,Eastern Africa RCC,NA,NA,points,4364434180,-11.6914162,43.262616,OpenStreetMap via osmdata,comoros | NA,NA,NA,NA,NA,NA,NA,NA,NA,NA,NA,NA,NA,NA,NA,NA,NA,NA,NA,NA,NA,NA,NA,NA,NA,NA,NA,NA,NA,NA,NA,NA,NA,NA,NA,NA,NA,NA,NA,NA,NA,NA,NA,NA
Comoros,COM,Eastern Africa RCC,NA,NA,points,4364434186,-11.6914478,43.2624565,OpenStreetMap via osmdata,comoros | NA,NA,NA,NA,NA,NA,NA,NA,NA,NA,NA,NA,NA,NA,NA,NA,NA,NA,NA,NA,NA,NA,NA,NA,NA,NA,NA,NA,NA,NA,NA,NA,NA,NA,NA,NA,NA,NA,NA,NA,NA,NA,NA,NA
Comoros,COM,Eastern Africa RCC,NA,NA,points,4364434215,-11.6914949,43.2625862,OpenStreetMap via osmdata,comoros | NA,NA,NA,NA,NA,NA,NA,NA,NA,NA,NA,NA,NA,NA,NA,NA,NA,NA,NA,NA,NA,NA,NA,NA,NA,NA,NA,NA,NA,NA,NA,NA,NA,NA,NA,NA,NA,NA,NA,NA,NA,NA,NA,NA
Comoros,COM,Eastern Africa RCC,NA,NA,points,4364434354,-11.6919808,43.2609273,OpenStreetMap via osmdata,comoros | NA,NA,NA,NA,NA,NA,NA,NA,NA,NA,NA,NA,NA,NA,NA,NA,NA,NA,NA,NA,NA,NA,NA,NA,NA,NA,NA,NA,NA,NA,NA,NA,NA,NA,NA,NA,NA,NA,NA,NA,NA,NA,NA,NA
Comoros,COM,Eastern Africa RCC,NA,NA,points,4364434370,-11.6920526,43.2611609,OpenStreetMap via osmdata,comoros | NA,NA,NA,NA,NA,NA,NA,NA,NA,NA,NA,NA,NA,NA,NA,NA,NA,NA,NA,NA,NA,NA,NA,NA,NA,NA,NA,NA,NA,NA,NA,NA,NA,NA,NA,NA,NA,NA,NA,NA,NA,NA,NA,NA
Comoros,COM,Eastern Africa RCC,NA,NA,points,4364434388,-11.6921335,43.2608402,OpenStreetMap via osmdata,comoros | NA,NA,NA,NA,NA,NA,NA,NA,NA,NA,NA,NA,NA,NA,NA,NA,NA,NA,NA,NA,NA,NA,NA,NA,NA,NA,NA,NA,NA,NA,NA,NA,NA,NA,NA,NA,NA,NA,NA,NA,NA,NA,NA,NA
Comoros,COM,Eastern Africa RCC,NA,NA,points,4364434392,-11.6921444,43.2608755,OpenStreetMap via osmdata,comoros | NA,NA,NA,NA,NA,NA,NA,NA,NA,NA,NA,NA,NA,NA,NA,NA,NA,NA,NA,NA,NA,NA,NA,NA,NA,NA,NA,NA,NA,NA,NA,NA,NA,NA,NA,NA,NA,NA,NA,NA,NA,NA,NA,NA
Comoros,COM,Eastern Africa RCC,NA,NA,points,4364434395,-11.6921622,43.2609038,OpenStreetMap via osmdata,comoros | NA,NA,NA,NA,NA,NA,NA,NA,NA,NA,NA,NA,NA,NA,NA,NA,NA,NA,NA,NA,NA,NA,NA,NA,NA,NA,NA,NA,NA,NA,NA,NA,NA,NA,NA,NA,NA,NA,NA,NA,NA,NA,NA,NA
Comoros,COM,Eastern Africa RCC,NA,NA,points,4364434402,-11.6921846,43.2609767,OpenStreetMap via osmdata,comoros | NA,NA,NA,NA,NA,NA,NA,NA,NA,NA,NA,NA,NA,NA,NA,NA,NA,NA,NA,NA,NA,NA,NA,NA,NA,NA,NA,NA,NA,NA,NA,NA,NA,NA,NA,NA,NA,NA,NA,NA,NA,NA,NA,NA
Comoros,COM,Eastern Africa RCC,NA,NA,points,4364434409,-11.6922004,43.260819,OpenStreetMap via osmdata,comoros | NA,NA,NA,NA,NA,NA,NA,NA,NA,NA,NA,NA,NA,NA,NA,NA,NA,NA,NA,NA,NA,NA,NA,NA,NA,NA,NA,NA,NA,NA,NA,NA,NA,NA,NA,NA,NA,NA,NA,NA,NA,NA,NA,NA
Comoros,COM,Eastern Africa RCC,NA,NA,points,4364434414,-11.6922208,43.2608852,OpenStreetMap via osmdata,comoros | NA,NA,NA,NA,NA,NA,NA,NA,NA,NA,NA,NA,NA,NA,NA,NA,NA,NA,NA,NA,NA,NA,NA,NA,NA,NA,NA,NA,NA,NA,NA,NA,NA,NA,NA,NA,NA,NA,NA,NA,NA,NA,NA,NA
Comoros,COM,Eastern Africa RCC,NA,NA,points,4364434422,-11.6922495,43.2609561,OpenStreetMap via osmdata,comoros | NA,NA,NA,NA,NA,NA,NA,NA,NA,NA,NA,NA,NA,NA,NA,NA,NA,NA,NA,NA,NA,NA,NA,NA,NA,NA,NA,NA,NA,NA,NA,NA,NA,NA,NA,NA,NA,NA,NA,NA,NA,NA,NA,NA
Comoros,COM,Eastern Africa RCC,NA,NA,points,4364434434,-11.6922894,43.261086,OpenStreetMap via osmdata,comoros | NA,NA,NA,NA,NA,NA,NA,NA,NA,NA,NA,NA,NA,NA,NA,NA,NA,NA,NA,NA,NA,NA,NA,NA,NA,NA,NA,NA,NA,NA,NA,NA,NA,NA,NA,NA,NA,NA,NA,NA,NA,NA,NA,NA
Comoros,COM,Eastern Africa RCC,NA,NA,points,4364537303,-11.6945849,43.2560705,OpenStreetMap via osmdata,comoros | NA,NA,NA,NA,NA,NA,NA,NA,NA,NA,NA,NA,NA,NA,NA,NA,NA,NA,NA,NA,NA,NA,NA,NA,NA,NA,NA,NA,NA,NA,NA,NA,NA,NA,NA,NA,NA,NA,NA,NA,NA,NA,NA,NA
Comoros,COM,Eastern Africa RCC,NA,NA,points,4364537314,-11.6946441,43.2562355,OpenStreetMap via osmdata,comoros | NA,NA,NA,NA,NA,NA,NA,NA,NA,NA,NA,NA,NA,NA,NA,NA,NA,NA,NA,NA,NA,NA,NA,NA,NA,NA,NA,NA,NA,NA,NA,NA,NA,NA,NA,NA,NA,NA,NA,NA,NA,NA,NA,NA
Comoros,COM,Eastern Africa RCC,NA,NA,points,4364537323,-11.6947031,43.2560262,OpenStreetMap via osmdata,comoros | NA,NA,NA,NA,NA,NA,NA,NA,NA,NA,NA,NA,NA,NA,NA,NA,NA,NA,NA,NA,NA,NA,NA,NA,NA,NA,NA,NA,NA,NA,NA,NA,NA,NA,NA,NA,NA,NA,NA,NA,NA,NA,NA,NA
Comoros,COM,Eastern Africa RCC,NA,NA,points,4364537335,-11.6947624,43.2561913,OpenStreetMap via osmdata,comoros | NA,NA,NA,NA,NA,NA,NA,NA,NA,NA,NA,NA,NA,NA,NA,NA,NA,NA,NA,NA,NA,NA,NA,NA,NA,NA,NA,NA,NA,NA,NA,NA,NA,NA,NA,NA,NA,NA,NA,NA,NA,NA,NA,NA
Comoros,COM,Eastern Africa RCC,NA,NA,points,4369369922,-11.6941662,43.2535808,OpenStreetMap via osmdata,comoros | NA,NA,NA,NA,NA,NA,NA,NA,NA,NA,NA,NA,NA,NA,NA,NA,NA,NA,NA,NA,NA,NA,NA,NA,NA,NA,NA,NA,NA,NA,NA,NA,NA,NA,NA,NA,NA,NA,NA,NA,NA,NA,NA,NA
Comoros,COM,Eastern Africa RCC,NA,NA,points,4375529117,-11.6954354,43.2535237,OpenStreetMap via osmdata,comoros | NA,NA,NA,NA,NA,NA,NA,NA,NA,NA,NA,NA,NA,NA,NA,NA,NA,NA,NA,NA,NA,NA,NA,NA,NA,NA,NA,NA,NA,NA,NA,NA,NA,NA,NA,NA,NA,NA,NA,NA,NA,NA,NA,NA
Comoros,COM,Eastern Africa RCC,NA,NA,points,4375529120,-11.6954571,43.2536139,OpenStreetMap via osmdata,comoros | NA,NA,NA,NA,NA,NA,NA,NA,NA,NA,NA,NA,NA,NA,NA,NA,NA,NA,NA,NA,NA,NA,NA,NA,NA,NA,NA,NA,NA,NA,NA,NA,NA,NA,NA,NA,NA,NA,NA,NA,NA,NA,NA,NA
Comoros,COM,Eastern Africa RCC,NA,NA,points,4376914878,-11.6954949,43.2536713,OpenStreetMap via osmdata,comoros | NA,NA,NA,NA,NA,NA,NA,NA,NA,NA,NA,NA,NA,NA,NA,NA,NA,NA,NA,NA,NA,NA,NA,NA,NA,NA,NA,NA,NA,NA,NA,NA,NA,NA,NA,NA,NA,NA,NA,NA,NA,NA,NA,NA
Comoros,COM,Eastern Africa RCC,NA,NA,points,4424745531,-11.6887088,43.2552688,OpenStreetMap via osmdata,comoros | NA,NA,NA,NA,NA,NA,NA,NA,NA,NA,NA,NA,NA,NA,NA,NA,NA,NA,NA,NA,NA,NA,NA,NA,NA,NA,NA,NA,NA,NA,NA,NA,NA,NA,NA,NA,NA,NA,NA,NA,NA,NA,NA,NA
Comoros,COM,Eastern Africa RCC,NA,NA,points,4424745562,-11.6887853,43.255253,OpenStreetMap via osmdata,comoros | NA,NA,NA,NA,NA,NA,NA,NA,NA,NA,NA,NA,NA,NA,NA,NA,NA,NA,NA,NA,NA,NA,NA,NA,NA,NA,NA,NA,NA,NA,NA,NA,NA,NA,NA,NA,NA,NA,NA,NA,NA,NA,NA,NA
Comoros,COM,Eastern Africa RCC,NA,NA,points,4432338181,-11.688686,43.2551536,OpenStreetMap via osmdata,comoros | NA,NA,NA,NA,NA,NA,NA,NA,NA,NA,NA,NA,NA,NA,NA,NA,NA,NA,NA,NA,NA,NA,NA,NA,NA,NA,NA,NA,NA,NA,NA,NA,NA,NA,NA,NA,NA,NA,NA,NA,NA,NA,NA,NA
Comoros,COM,Eastern Africa RCC,NA,NA,points,4432338184,-11.6887624,43.2551378,OpenStreetMap via osmdata,comoros | NA,NA,NA,NA,NA,NA,NA,NA,NA,NA,NA,NA,NA,NA,NA,NA,NA,NA,NA,NA,NA,NA,NA,NA,NA,NA,NA,NA,NA,NA,NA,NA,NA,NA,NA,NA,NA,NA,NA,NA,NA,NA,NA,NA
Comoros,COM,Eastern Africa RCC,NA,NA,points,4700897264,-11.7127668,43.2458652,OpenStreetMap via osmdata,comoros | NA,NA,NA,NA,NA,NA,NA,NA,NA,NA,NA,NA,NA,NA,NA,NA,NA,NA,NA,NA,NA,NA,NA,NA,NA,NA,NA,NA,NA,NA,NA,NA,NA,NA,NA,NA,NA,NA,NA,NA,NA,NA,NA,NA
Comoros,COM,Eastern Africa RCC,NA,NA,points,4700897548,-11.7129493,43.2457548,OpenStreetMap via osmdata,comoros | NA,NA,NA,NA,NA,NA,NA,NA,NA,NA,NA,NA,NA,NA,NA,NA,NA,NA,NA,NA,NA,NA,NA,NA,NA,NA,NA,NA,NA,NA,NA,NA,NA,NA,NA,NA,NA,NA,NA,NA,NA,NA,NA,NA
Comoros,COM,Eastern Africa RCC,NA,NA,points,4700897550,-11.7129531,43.2458581,OpenStreetMap via osmdata,comoros | NA,NA,NA,NA,NA,NA,NA,NA,NA,NA,NA,NA,NA,NA,NA,NA,NA,NA,NA,NA,NA,NA,NA,NA,NA,NA,NA,NA,NA,NA,NA,NA,NA,NA,NA,NA,NA,NA,NA,NA,NA,NA,NA,NA
Comoros,COM,Eastern Africa RCC,NA,NA,points,4773396553,-11.6948001,43.253273,OpenStreetMap via osmdata,comoros | NA,NA,NA,NA,NA,NA,NA,NA,NA,NA,NA,NA,NA,NA,NA,NA,NA,NA,NA,NA,NA,NA,NA,NA,NA,NA,NA,NA,NA,NA,NA,NA,NA,NA,NA,NA,NA,NA,NA,NA,NA,NA,NA,NA
Comoros,COM,Eastern Africa RCC,Pharmacie Ibn Sina,pharmacy,points,4777553415,-11.707044,43.2527375,OpenStreetMap via osmdata,comoros | pharmacie ibn sina,Pharmacie Ibn Sina,NA,NA,NA,NA,NA,NA,NA,NA,NA,NA,NA,NA,pharmacy,NA,NA,NA,NA,pharmacy,NA,NA,NA,NA,NA,NA,NA,NA,NA,NA,NA,NA,NA,NA,NA,NA,NA,NA,NA,NA,NA,NA,NA,pharmacie ibn sina
Comoros,COM,Eastern Africa RCC,Tea Pharma,pharmacy,points,4777566890,-11.7099019,43.2499891,OpenStreetMap via osmdata,comoros | tea pharma,Tea Pharma,NA,NA,NA,NA,NA,NA,NA,NA,NA,NA,NA,NA,pharmacy,NA,NA,NA,NA,pharmacy,NA,NA,NA,NA,NA,NA,NA,NA,NA,NA,NA,NA,NA,NA,NA,NA,NA,NA,NA,NA,NA,NA,NA,tea pharma
Comoros,COM,Eastern Africa RCC,NA,NA,points,4779697732,-11.6936674,43.2544794,OpenStreetMap via osmdata,comoros | NA,NA,NA,NA,NA,NA,NA,NA,NA,NA,NA,NA,NA,NA,NA,NA,NA,NA,NA,NA,NA,NA,NA,NA,NA,NA,NA,NA,NA,NA,NA,NA,NA,NA,NA,NA,NA,NA,NA,NA,NA,NA,NA,NA
Comoros,COM,Eastern Africa RCC,NA,NA,points,4779697733,-11.6936227,43.2547977,OpenStreetMap via osmdata,comoros | NA,NA,NA,NA,NA,NA,NA,NA,NA,NA,NA,NA,NA,NA,NA,NA,NA,NA,NA,NA,NA,NA,NA,NA,NA,NA,NA,NA,NA,NA,NA,NA,NA,NA,NA,NA,NA,NA,NA,NA,NA,NA,NA,NA
Comoros,COM,Eastern Africa RCC,NA,NA,points,4779697734,-11.6935988,43.2549541,OpenStreetMap via osmdata,comoros | NA,NA,NA,NA,NA,NA,NA,NA,NA,NA,NA,NA,NA,NA,NA,NA,NA,NA,NA,NA,NA,NA,NA,NA,NA,NA,NA,NA,NA,NA,NA,NA,NA,NA,NA,NA,NA,NA,NA,NA,NA,NA,NA,NA
Comoros,COM,Eastern Africa RCC,NA,NA,points,4779697735,-11.6936317,43.2551333,OpenStreetMap via osmdata,comoros | NA,NA,NA,NA,NA,NA,NA,NA,NA,NA,NA,NA,NA,NA,NA,NA,NA,NA,NA,NA,NA,NA,NA,NA,NA,NA,NA,NA,NA,NA,NA,NA,NA,NA,NA,NA,NA,NA,NA,NA,NA,NA,NA,NA
Comoros,COM,Eastern Africa RCC,Maternité,clinic,points,4779867363,-11.8023014,43.4346686,OpenStreetMap via osmdata,comoros | maternite,Maternité,NA,NA,NA,NA,NA,NA,NA,NA,NA,NA,NA,NA,clinic,NA,NA,NA,NA,clinic,general,NA,NA,NA,NA,NA,Commune,NA,public,NA,NA,NA,NA,NA,NA,NA,NA,NA,NA,NA,NA,NA,NA,maternite
Comoros,COM,Eastern Africa RCC,Dispensaire Caritas,hospital,points,4779915808,-11.7970803,43.4353318,OpenStreetMap via osmdata,comoros | dispensaire caritas,Dispensaire Caritas,NA,NA,NA,NA,NA,NA,NA,NA,NA,NA,NA,NA,hospital,NA,NA,NA,NA,NA,general,NA,NA,NA,NA,NA,Commune,NA,private,NA,NA,NA,NA,NA,NA,NA,NA,NA,NA,NA,NA,NA,NA,dispensaire caritas
Comoros,COM,Eastern Africa RCC,Centre d'imagerie médicale,doctors,points,4781565909,-11.69063,43.2531753,OpenStreetMap via osmdata,comoros | centre d imagerie medicale,Centre d'imagerie médicale,NA,NA,NA,NA,NA,NA,NA,NA,NA,NA,Laboratoire d'analyse,Laboratoire d'analyse,doctors,NA,NA,NA,NA,clinic,NA,NA,NA,NA,Centre d'imagerie médicale,NA,NA,NA,NA,NA,NA,NA,NA,NA,NA,NA,NA,NA,NA,NA,NA,NA,NA,centre d imagerie medicale
Comoros,COM,Eastern Africa RCC,Centre de Santé du Karthala,clinic,points,4782809479,-11.7266489,43.2745904,OpenStreetMap via osmdata,comoros | centre de sante du karthala,Centre de Santé du Karthala,NA,NA,NA,NA,NA,NA,NA,NA,NA,NA,NA,NA,clinic,NA,NA,NA,NA,NA,NA,NA,NA,NA,NA,NA,NA,NA,NA,NA,NA,NA,NA,NA,NA,NA,NA,NA,NA,NA,NA,NA,NA,centre de sante du karthala
Comoros,COM,Eastern Africa RCC,Pharmacie Mangali,pharmacy,points,4786740360,-11.7009749,43.2556401,OpenStreetMap via osmdata,comoros | pharmacie mangali,Pharmacie Mangali,NA,NA,NA,NA,NA,NA,NA,NA,NA,NA,NA,NA,pharmacy,NA,NA,NA,NA,pharmacy,NA,NA,NA,NA,NA,NA,NA,NA,NA,NA,NA,NA,NA,NA,NA,NA,NA,NA,NA,NA,NA,NA,NA,pharmacie mangali
Comoros,COM,Eastern Africa RCC,Pharm Assine,pharmacy,points,4980294711,-11.6955936,43.2529967,OpenStreetMap via osmdata,comoros | pharm assine,Pharm Assine,NA,NA,NA,NA,NA,NA,NA,Rue Ahmed Djoumoi,NA,NA,NA,NA,pharmacy,NA,NA,NA,NA,pharmacy,NA,NA,NA,NA,NA,NA,NA,NA,NA,NA,NA,NA,NA,NA,NA,NA,NA,NA,NA,NA,NA,NA,NA,pharm assine
Comoros,COM,Eastern Africa RCC,Pharmacie Oasis صيدلية الواحة,pharmacy,points,4993170470,-11.6882692,43.2583742,OpenStreetMap via osmdata,comoros | pharmacie oasis,Pharmacie Oasis صيدلية الواحة,Moroni موروني,موروني,Moroni,Oasis الواحة,الواحة,Oasis,NA,Rue de l'Union Africaine شارع الاتحاد الأفريقي,شارع الاتحاد الأفريقي,Rue de l'Union Africaine,NA,NA,pharmacy,NA,NA,NA,NA,pharmacy,NA,NA,NA,صيدلية الواحة,Pharmacie Oasis,NA,NA,NA,NA,NA,NA,NA,NA,NA,NA,NA,NA,NA,NA,NA,NA,NA,NA,pharmacie oasis
Comoros,COM,Eastern Africa RCC,Pharmacie Al-Camar صيدلية القمر,pharmacy,points,4993468642,-11.6903293,43.257113,OpenStreetMap via osmdata,comoros | pharmacie al camar,Pharmacie Al-Camar صيدلية القمر,NA,NA,NA,NA,NA,NA,NA,NA,NA,NA,NA,NA,pharmacy,NA,NA,NA,NA,pharmacy,NA,NA,NA,صيدلية القمر,Pharmacie Al-Camar,NA,NA,NA,NA,NA,NA,NA,NA,NA,NA,NA,NA,NA,NA,NA,NA,NA,NA,pharmacie al camar
Comoros,COM,Eastern Africa RCC,SOS Pharma,pharmacy,points,4993501758,-11.6929955,43.2560009,OpenStreetMap via osmdata,comoros | sos pharma,SOS Pharma,NA,NA,NA,NA,NA,NA,NA,NA,NA,NA,NA,NA,pharmacy,NA,NA,NA,NA,pharmacy,NA,NA,NA,NA,NA,NA,NA,NA,NA,NA,NA,NA,NA,NA,NA,NA,NA,NA,NA,NA,NA,NA,NA,sos pharma
Comoros,COM,Eastern Africa RCC,Biomedical Comores,clinic,points,4993574080,-11.6960834,43.2544232,OpenStreetMap via osmdata,comoros | biomedical comores,Biomedical Comores,NA,NA,NA,NA,NA,NA,NA,Rue Ahmed Djoumoi,NA,NA,NA,NA,clinic,NA,NA,NA,NA,clinic,NA,NA,NA,NA,NA,NA,NA,NA,NA,NA,NA,NA,NA,NA,NA,NA,NA,NA,NA,NA,NA,NA,NA,biomedical comores
Comoros,COM,Eastern Africa RCC,Cabinet Medical,clinic,points,4993593028,-11.6989365,43.2544541,OpenStreetMap via osmdata,comoros | cabinet medical,Cabinet Medical,NA,NA,NA,NA,NA,NA,NA,NA,NA,NA,NA,NA,clinic,NA,NA,NA,NA,clinic,NA,NA,NA,NA,NA,NA,NA,NA,NA,NA,NA,NA,NA,NA,NA,NA,NA,NA,NA,NA,NA,NA,NA,cabinet medical
Comoros,COM,Eastern Africa RCC,NA,dentist,points,4993593029,-11.6989603,43.2544492,OpenStreetMap via osmdata,comoros | NA,NA,NA,NA,NA,NA,NA,NA,NA,NA,NA,NA,NA,NA,dentist,NA,NA,NA,NA,dentist,NA,NA,NA,NA,NA,NA,NA,NA,NA,NA,NA,NA,NA,NA,NA,NA,NA,NA,NA,NA,NA,NA,NA,NA
Comoros,COM,Eastern Africa RCC,NA,pharmacy,points,4994963121,-11.7050797,43.2506637,OpenStreetMap via osmdata,comoros | NA,NA,NA,NA,NA,NA,NA,NA,NA,Place de l'Europe,NA,NA,NA,NA,pharmacy,NA,NA,NA,NA,pharmacy,NA,NA,NA,NA,NA,NA,NA,NA,NA,NA,NA,NA,NA,NA,NA,NA,NA,NA,NA,NA,NA,NA,NA,NA
Comoros,COM,Eastern Africa RCC,NA,NA,points,5304534233,-12.1629694,44.4006601,OpenStreetMap via osmdata,comoros | NA,NA,NA,NA,NA,NA,NA,NA,NA,NA,NA,NA,NA,NA,NA,NA,NA,NA,NA,NA,NA,NA,NA,NA,NA,NA,NA,NA,NA,NA,NA,NA,NA,NA,NA,NA,NA,NA,NA,NA,NA,NA,NA,NA
Comoros,COM,Eastern Africa RCC,NA,NA,points,5304534234,-12.162809,44.4008881,OpenStreetMap via osmdata,comoros | NA,NA,NA,NA,NA,NA,NA,NA,NA,NA,NA,NA,NA,NA,NA,NA,NA,NA,NA,NA,NA,NA,NA,NA,NA,NA,NA,NA,NA,NA,NA,NA,NA,NA,NA,NA,NA,NA,NA,NA,NA,NA,NA,NA
Comoros,COM,Eastern Africa RCC,NA,NA,points,5304534235,-12.1627104,44.4008155,OpenStreetMap via osmdata,comoros | NA,NA,NA,NA,NA,NA,NA,NA,NA,NA,NA,NA,NA,NA,NA,NA,NA,NA,NA,NA,NA,NA,NA,NA,NA,NA,NA,NA,NA,NA,NA,NA,NA,NA,NA,NA,NA,NA,NA,NA,NA,NA,NA,NA
Comoros,COM,Eastern Africa RCC,NA,NA,points,5304534236,-12.1627832,44.400712,OpenStreetMap via osmdata,comoros | NA,NA,NA,NA,NA,NA,NA,NA,NA,NA,NA,NA,NA,NA,NA,NA,NA,NA,NA,NA,NA,NA,NA,NA,NA,NA,NA,NA,NA,NA,NA,NA,NA,NA,NA,NA,NA,NA,NA,NA,NA,NA,NA,NA
Comoros,COM,Eastern Africa RCC,NA,NA,points,5304534237,-12.162798,44.4007228,OpenStreetMap via osmdata,comoros | NA,NA,NA,NA,NA,NA,NA,NA,NA,NA,NA,NA,NA,NA,NA,NA,NA,NA,NA,NA,NA,NA,NA,NA,NA,NA,NA,NA,NA,NA,NA,NA,NA,NA,NA,NA,NA,NA,NA,NA,NA,NA,NA,NA
Comoros,COM,Eastern Africa RCC,NA,NA,points,5304534238,-12.1628543,44.4006153,OpenStreetMap via osmdata,comoros | NA,NA,NA,NA,NA,NA,NA,NA,NA,NA,NA,NA,NA,NA,NA,NA,NA,NA,NA,NA,NA,NA,NA,NA,NA,NA,NA,NA,NA,NA,NA,NA,NA,NA,NA,NA,NA,NA,NA,NA,NA,NA,NA,NA
Comoros,COM,Eastern Africa RCC,NA,NA,points,5304534239,-12.1628864,44.4006389,OpenStreetMap via osmdata,comoros | NA,NA,NA,NA,NA,NA,NA,NA,NA,NA,NA,NA,NA,NA,NA,NA,NA,NA,NA,NA,NA,NA,NA,NA,NA,NA,NA,NA,NA,NA,NA,NA,NA,NA,NA,NA,NA,NA,NA,NA,NA,NA,NA,NA
Comoros,COM,Eastern Africa RCC,NA,NA,points,5304534240,-12.1629049,44.4006126,OpenStreetMap via osmdata,comoros | NA,NA,NA,NA,NA,NA,NA,NA,NA,NA,NA,NA,NA,NA,NA,NA,NA,NA,NA,NA,NA,NA,NA,NA,NA,NA,NA,NA,NA,NA,NA,NA,NA,NA,NA,NA,NA,NA,NA,NA,NA,NA,NA,NA
Comoros,COM,Eastern Africa RCC,Centre de Traitement Traditionnel,doctors,points,5413722324,-11.6905788,43.2549024,OpenStreetMap via osmdata,comoros | centre de traitement traditionnel,Centre de Traitement Traditionnel,NA,NA,NA,NA,NA,NA,06859,Rue de la Corniche,NA,NA,NA,NA,doctors,NA,NA,alimzecomoros@gmail.com,NA,doctor,NA,NA,NA,NA,NA,Mo-Sa 08:30-15:30,NA,NA,NA,+269-3388185,http://www.bfsuma-comores.com,NA,NA,NA,NA,NA,NA,NA,NA,NA,NA,NA,NA,centre de traitement traditionnel
Comoros,COM,Eastern Africa RCC,NA,hospital,points,5623871662,-11.3842921,43.3268519,OpenStreetMap via osmdata,comoros | NA,NA,NA,NA,NA,NA,NA,NA,NA,NA,NA,NA,NA,NA,hospital,NA,NA,NA,NA,hospital,NA,NA,NA,NA,NA,NA,NA,NA,NA,NA,NA,NA,NA,NA,NA,NA,NA,NA,NA,NA,NA,NA,NA,NA
Comoros,COM,Eastern Africa RCC,NA,pharmacy,points,5907601369,-11.6198609,43.363654,OpenStreetMap via osmdata,comoros | NA,NA,NA,NA,NA,NA,NA,NA,NA,NA,NA,NA,NA,NA,pharmacy,NA,NA,NA,NA,NA,NA,NA,NA,NA,NA,NA,NA,NA,NA,NA,NA,NA,NA,NA,NA,NA,NA,NA,NA,NA,NA,NA,NA,NA
Comoros,COM,Eastern Africa RCC,NA,NA,points,5907698841,-11.5071013,43.3850312,OpenStreetMap via osmdata,comoros | NA,NA,NA,NA,NA,NA,NA,NA,NA,NA,NA,NA,NA,NA,NA,NA,NA,NA,NA,NA,NA,NA,NA,NA,NA,NA,NA,NA,NA,NA,NA,NA,NA,NA,NA,NA,NA,NA,NA,NA,NA,NA,NA,NA
Comoros,COM,Eastern Africa RCC,NA,NA,points,5907698842,-11.5071013,43.3850326,OpenStreetMap via osmdata,comoros | NA,NA,NA,NA,NA,NA,NA,NA,NA,NA,NA,NA,NA,NA,NA,NA,NA,NA,NA,NA,NA,NA,NA,NA,NA,NA,NA,NA,NA,NA,NA,NA,NA,NA,NA,NA,NA,NA,NA,NA,NA,NA,NA,NA
Comoros,COM,Eastern Africa RCC,NA,NA,points,5907698843,-11.5071079,43.38516,OpenStreetMap via osmdata,comoros | NA,NA,NA,NA,NA,NA,NA,NA,NA,NA,NA,NA,NA,NA,NA,NA,NA,NA,NA,NA,NA,NA,NA,NA,NA,NA,NA,NA,NA,NA,NA,NA,NA,NA,NA,NA,NA,NA,NA,NA,NA,NA,NA,NA
Comoros,COM,Eastern Africa RCC,NA,NA,points,5907698844,-11.5070803,43.3849038,OpenStreetMap via osmdata,comoros | NA,NA,NA,NA,NA,NA,NA,NA,NA,NA,NA,NA,NA,NA,NA,NA,NA,NA,NA,NA,NA,NA,NA,NA,NA,NA,NA,NA,NA,NA,NA,NA,NA,NA,NA,NA,NA,NA,NA,NA,NA,NA,NA,NA
Comoros,COM,Eastern Africa RCC,NA,NA,points,5907698845,-11.5068793,43.3845417,OpenStreetMap via osmdata,comoros | NA,NA,NA,NA,NA,NA,NA,NA,NA,NA,NA,NA,NA,NA,NA,NA,NA,NA,NA,NA,NA,NA,NA,NA,NA,NA,NA,NA,NA,NA,NA,NA,NA,NA,NA,NA,NA,NA,NA,NA,NA,NA,NA,NA
Comoros,COM,Eastern Africa RCC,NA,NA,points,5907698846,-11.5063536,43.3849789,OpenStreetMap via osmdata,comoros | NA,NA,NA,NA,NA,NA,NA,NA,NA,NA,NA,NA,NA,NA,NA,NA,NA,NA,NA,NA,NA,NA,NA,NA,NA,NA,NA,NA,NA,NA,NA,NA,NA,NA,NA,NA,NA,NA,NA,NA,NA,NA,NA,NA
Comoros,COM,Eastern Africa RCC,NA,NA,points,5907698847,-11.5064403,43.3855677,OpenStreetMap via osmdata,comoros | NA,NA,NA,NA,NA,NA,NA,NA,NA,NA,NA,NA,NA,NA,NA,NA,NA,NA,NA,NA,NA,NA,NA,NA,NA,NA,NA,NA,NA,NA,NA,NA,NA,NA,NA,NA,NA,NA,NA,NA,NA,NA,NA,NA
Comoros,COM,Eastern Africa RCC,NA,NA,points,5907698848,-11.5063352,43.3855623,OpenStreetMap via osmdata,comoros | NA,NA,NA,NA,NA,NA,NA,NA,NA,NA,NA,NA,NA,NA,NA,NA,NA,NA,NA,NA,NA,NA,NA,NA,NA,NA,NA,NA,NA,NA,NA,NA,NA,NA,NA,NA,NA,NA,NA,NA,NA,NA,NA,NA
Comoros,COM,Eastern Africa RCC,NA,pharmacy,points,6025065409,-12.2874113,43.7466798,OpenStreetMap via osmdata,comoros | NA,NA,NA,NA,NA,NA,NA,NA,NA,NA,NA,NA,NA,NA,pharmacy,NA,NA,NA,NA,NA,NA,NA,NA,NA,NA,NA,NA,NA,NA,NA,NA,NA,NA,NA,NA,NA,NA,NA,NA,NA,NA,NA,NA,NA
Comoros,COM,Eastern Africa RCC,NA,pharmacy,points,6025179485,-12.2884953,43.7462594,OpenStreetMap via osmdata,comoros | NA,NA,NA,NA,NA,NA,NA,NA,NA,NA,NA,NA,NA,NA,pharmacy,NA,NA,NA,NA,NA,NA,NA,NA,NA,NA,NA,NA,NA,NA,NA,NA,NA,NA,NA,NA,NA,NA,NA,NA,NA,NA,NA,NA,NA
Comoros,COM,Eastern Africa RCC,NA,NA,points,6436433756,-12.2000385,44.5117629,OpenStreetMap via osmdata,comoros | NA,NA,NA,NA,NA,NA,NA,NA,NA,NA,NA,NA,NA,NA,NA,NA,NA,NA,NA,NA,NA,NA,NA,NA,NA,NA,NA,NA,NA,NA,NA,NA,NA,NA,NA,NA,NA,NA,NA,NA,NA,NA,NA,NA
Comoros,COM,Eastern Africa RCC,NA,NA,points,6436433757,-12.2007725,44.5123368,OpenStreetMap via osmdata,comoros | NA,NA,NA,NA,NA,NA,NA,NA,NA,NA,NA,NA,NA,NA,NA,NA,NA,NA,NA,NA,NA,NA,NA,NA,NA,NA,NA,NA,NA,NA,NA,NA,NA,NA,NA,NA,NA,NA,NA,NA,NA,NA,NA,NA
Comoros,COM,Eastern Africa RCC,NA,NA,points,6436433758,-12.2011868,44.5118245,OpenStreetMap via osmdata,comoros | NA,NA,NA,NA,NA,NA,NA,NA,NA,NA,NA,NA,NA,NA,NA,NA,NA,NA,NA,NA,NA,NA,NA,NA,NA,NA,NA,NA,NA,NA,NA,NA,NA,NA,NA,NA,NA,NA,NA,NA,NA,NA,NA,NA
Comoros,COM,Eastern Africa RCC,NA,NA,points,6436433759,-12.2012051,44.5109528,OpenStreetMap via osmdata,comoros | NA,NA,NA,NA,NA,NA,NA,NA,NA,NA,NA,NA,NA,NA,NA,NA,NA,NA,NA,NA,NA,NA,NA,NA,NA,NA,NA,NA,NA,NA,NA,NA,NA,NA,NA,NA,NA,NA,NA,NA,NA,NA,NA,NA
Comoros,COM,Eastern Africa RCC,NA,NA,points,6436433760,-12.2010216,44.5101964,OpenStreetMap via osmdata,comoros | NA,NA,NA,NA,NA,NA,NA,NA,NA,NA,NA,NA,NA,NA,NA,NA,NA,NA,NA,NA,NA,NA,NA,NA,NA,NA,NA,NA,NA,NA,NA,NA,NA,NA,NA,NA,NA,NA,NA,NA,NA,NA,NA,NA
Comoros,COM,Eastern Africa RCC,NA,NA,points,6436433761,-12.2005104,44.5098719,OpenStreetMap via osmdata,comoros | NA,NA,NA,NA,NA,NA,NA,NA,NA,NA,NA,NA,NA,NA,NA,NA,NA,NA,NA,NA,NA,NA,NA,NA,NA,NA,NA,NA,NA,NA,NA,NA,NA,NA,NA,NA,NA,NA,NA,NA,NA,NA,NA,NA
Comoros,COM,Eastern Africa RCC,NA,NA,points,6436433762,-12.2000778,44.5097432,OpenStreetMap via osmdata,comoros | NA,NA,NA,NA,NA,NA,NA,NA,NA,NA,NA,NA,NA,NA,NA,NA,NA,NA,NA,NA,NA,NA,NA,NA,NA,NA,NA,NA,NA,NA,NA,NA,NA,NA,NA,NA,NA,NA,NA,NA,NA,NA,NA,NA
Comoros,COM,Eastern Africa RCC,NA,NA,points,6436433763,-12.198885,44.5106068,OpenStreetMap via osmdata,comoros | NA,NA,NA,NA,NA,NA,NA,NA,NA,NA,NA,NA,NA,NA,NA,NA,NA,NA,NA,NA,NA,NA,NA,NA,NA,NA,NA,NA,NA,NA,NA,NA,NA,NA,NA,NA,NA,NA,NA,NA,NA,NA,NA,NA
Comoros,COM,Eastern Africa RCC,NA,NA,points,6446568445,-12.1628281,44.4006525,OpenStreetMap via osmdata,comoros | NA,NA,NA,NA,NA,NA,NA,NA,NA,NA,NA,NA,NA,NA,NA,NA,NA,NA,NA,NA,NA,NA,NA,NA,NA,NA,NA,NA,NA,NA,NA,NA,NA,NA,NA,NA,NA,NA,NA,NA,NA,NA,NA,NA
Comoros,COM,Eastern Africa RCC,NA,NA,points,6446568446,-12.1628408,44.4006619,OpenStreetMap via osmdata,comoros | NA,NA,NA,NA,NA,NA,NA,NA,NA,NA,NA,NA,NA,NA,NA,NA,NA,NA,NA,NA,NA,NA,NA,NA,NA,NA,NA,NA,NA,NA,NA,NA,NA,NA,NA,NA,NA,NA,NA,NA,NA,NA,NA,NA
Comoros,COM,Eastern Africa RCC,NA,NA,points,7321889223,-11.3937818,43.2854497,OpenStreetMap via osmdata,comoros | NA,NA,NA,NA,NA,NA,NA,NA,NA,NA,NA,NA,NA,NA,NA,NA,NA,NA,NA,NA,NA,NA,NA,NA,NA,NA,NA,NA,NA,NA,NA,NA,NA,NA,NA,NA,NA,NA,NA,NA,NA,NA,NA,NA
Comoros,COM,Eastern Africa RCC,NA,NA,points,7321889224,-11.3939838,43.2855574,OpenStreetMap via osmdata,comoros | NA,NA,NA,NA,NA,NA,NA,NA,NA,NA,NA,NA,NA,NA,NA,NA,NA,NA,NA,NA,NA,NA,NA,NA,NA,NA,NA,NA,NA,NA,NA,NA,NA,NA,NA,NA,NA,NA,NA,NA,NA,NA,NA,NA
Comoros,COM,Eastern Africa RCC,NA,NA,points,7321889225,-11.3940387,43.2856275,OpenStreetMap via osmdata,comoros | NA,NA,NA,NA,NA,NA,NA,NA,NA,NA,NA,NA,NA,NA,NA,NA,NA,NA,NA,NA,NA,NA,NA,NA,NA,NA,NA,NA,NA,NA,NA,NA,NA,NA,NA,NA,NA,NA,NA,NA,NA,NA,NA,NA
Comoros,COM,Eastern Africa RCC,NA,NA,points,7321889226,-11.3939998,43.2857442,OpenStreetMap via osmdata,comoros | NA,NA,NA,NA,NA,NA,NA,NA,NA,NA,NA,NA,NA,NA,NA,NA,NA,NA,NA,NA,NA,NA,NA,NA,NA,NA,NA,NA,NA,NA,NA,NA,NA,NA,NA,NA,NA,NA,NA,NA,NA,NA,NA,NA
Comoros,COM,Eastern Africa RCC,NA,NA,points,7321889227,-11.3942218,43.285847,OpenStreetMap via osmdata,comoros | NA,NA,NA,NA,NA,NA,NA,NA,NA,NA,NA,NA,NA,NA,NA,NA,NA,NA,NA,NA,NA,NA,NA,NA,NA,NA,NA,NA,NA,NA,NA,NA,NA,NA,NA,NA,NA,NA,NA,NA,NA,NA,NA,NA
Comoros,COM,Eastern Africa RCC,NA,NA,points,7321889228,-11.3942378,43.2859194,OpenStreetMap via osmdata,comoros | NA,NA,NA,NA,NA,NA,NA,NA,NA,NA,NA,NA,NA,NA,NA,NA,NA,NA,NA,NA,NA,NA,NA,NA,NA,NA,NA,NA,NA,NA,NA,NA,NA,NA,NA,NA,NA,NA,NA,NA,NA,NA,NA,NA
Comoros,COM,Eastern Africa RCC,NA,NA,points,7321889229,-11.3940438,43.2865083,OpenStreetMap via osmdata,comoros | NA,NA,NA,NA,NA,NA,NA,NA,NA,NA,NA,NA,NA,NA,NA,NA,NA,NA,NA,NA,NA,NA,NA,NA,NA,NA,NA,NA,NA,NA,NA,NA,NA,NA,NA,NA,NA,NA,NA,NA,NA,NA,NA,NA
Comoros,COM,Eastern Africa RCC,NA,NA,points,7321907791,-11.4902762,43.3280908,OpenStreetMap via osmdata,comoros | NA,NA,NA,NA,NA,NA,NA,NA,NA,NA,NA,NA,NA,NA,NA,NA,NA,NA,NA,NA,NA,NA,NA,NA,NA,NA,NA,NA,NA,NA,NA,NA,NA,NA,NA,NA,NA,NA,NA,NA,NA,NA,NA,NA
Comoros,COM,Eastern Africa RCC,NA,NA,points,7321907792,-11.4902875,43.3279571,OpenStreetMap via osmdata,comoros | NA,NA,NA,NA,NA,NA,NA,NA,NA,NA,NA,NA,NA,NA,NA,NA,NA,NA,NA,NA,NA,NA,NA,NA,NA,NA,NA,NA,NA,NA,NA,NA,NA,NA,NA,NA,NA,NA,NA,NA,NA,NA,NA,NA
Comoros,COM,Eastern Africa RCC,NA,NA,points,7321907793,-11.4899581,43.3279282,OpenStreetMap via osmdata,comoros | NA,NA,NA,NA,NA,NA,NA,NA,NA,NA,NA,NA,NA,NA,NA,NA,NA,NA,NA,NA,NA,NA,NA,NA,NA,NA,NA,NA,NA,NA,NA,NA,NA,NA,NA,NA,NA,NA,NA,NA,NA,NA,NA,NA
Comoros,COM,Eastern Africa RCC,NA,hospital,points,8011100644,-12.3467289,43.8003948,OpenStreetMap via osmdata,comoros | NA,NA,NA,NA,NA,NA,NA,NA,NA,NA,NA,NA,NA,NA,hospital,NA,NA,NA,NA,hospital,NA,NA,NA,NA,NA,NA,NA,NA,NA,NA,NA,NA,NA,NA,NA,NA,NA,NA,NA,NA,NA,NA,NA,NA
Comoros,COM,Eastern Africa RCC,NA,hospital,points,8011100645,-12.2877469,43.7479199,OpenStreetMap via osmdata,comoros | NA,NA,NA,NA,NA,NA,NA,NA,NA,NA,NA,NA,NA,NA,hospital,NA,NA,NA,NA,NA,NA,NA,NA,NA,NA,NA,NA,NA,NA,NA,NA,NA,NA,NA,NA,NA,NA,NA,NA,NA,NA,NA,NA,NA
Comoros,COM,Eastern Africa RCC,NA,hospital,points,8011100646,-12.2580776,43.6751004,OpenStreetMap via osmdata,comoros | NA,NA,NA,NA,NA,NA,NA,NA,NA,NA,NA,NA,NA,NA,hospital,NA,NA,NA,NA,hospital,NA,NA,NA,NA,NA,NA,NA,NA,NA,NA,NA,NA,NA,NA,NA,NA,NA,NA,NA,NA,NA,NA,NA,NA
Comoros,COM,Eastern Africa RCC,Pharmacie de l'archipel,pharmacy,points,8804809819,-11.7143068,43.2458113,OpenStreetMap via osmdata,comoros | pharmacie de l archipel,Pharmacie de l'archipel,NA,NA,NA,NA,NA,NA,NA,NA,NA,NA,NA,NA,pharmacy,NA,NA,NA,NA,NA,NA,NA,NA,NA,NA,NA,NA,NA,NA,3408023,NA,NA,NA,NA,NA,NA,NA,NA,NA,NA,NA,NA,NA,pharmacie de l archipel
Comoros,COM,Eastern Africa RCC,Cabinet médical Docteur Abbas Cheick,doctors,points,8887427617,-11.6982336,43.2520479,OpenStreetMap via osmdata,comoros | cabinet medical docteur abbas cheick,Cabinet médical Docteur Abbas Cheick,NA,NA,NA,NA,NA,NA,NA,NA,NA,NA,NA,NA,doctors,NA,NA,NA,NA,doctor,NA,NA,NA,NA,NA,NA,NA,NA,NA,NA,NA,NA,NA,NA,NA,NA,NA,NA,NA,NA,NA,NA,NA,cabinet medical docteur abbas cheick
Comoros,COM,Eastern Africa RCC,Pharmacie Espérance,pharmacy,points,8916155917,-11.7102248,43.2520498,OpenStreetMap via osmdata,comoros | pharmacie esperance,Pharmacie Espérance,NA,NA,NA,NA,NA,NA,NA,NA,NA,NA,NA,NA,pharmacy,NA,NA,NA,NA,pharmacy,NA,NA,NA,NA,NA,NA,NA,NA,NA,NA,NA,NA,NA,NA,NA,NA,NA,NA,NA,NA,NA,NA,NA,pharmacie esperance
Comoros,COM,Eastern Africa RCC,NA,hospital,points,9889186814,-11.6462574,43.2824582,OpenStreetMap via osmdata,comoros | NA,NA,NA,NA,NA,NA,NA,NA,NA,NA,NA,NA,NA,NA,hospital,NA,NA,NA,NA,NA,NA,NA,NA,NA,NA,NA,NA,NA,NA,NA,NA,NA,NA,NA,NA,NA,NA,NA,NA,NA,NA,NA,NA,NA
Comoros,COM,Eastern Africa RCC,NA,NA,points,13112166971,-11.5602135,43.3218851,OpenStreetMap via osmdata,comoros | NA,NA,NA,NA,NA,NA,NA,NA,NA,NA,NA,NA,NA,NA,NA,NA,NA,NA,NA,NA,NA,NA,NA,NA,NA,NA,NA,NA,NA,NA,NA,NA,NA,NA,NA,NA,NA,NA,NA,NA,NA,NA,NA,NA
Comoros,COM,Eastern Africa RCC,NA,NA,points,13112166972,-11.5603142,43.3218972,OpenStreetMap via osmdata,comoros | NA,NA,NA,NA,NA,NA,NA,NA,NA,NA,NA,NA,NA,NA,NA,NA,NA,NA,NA,NA,NA,NA,NA,NA,NA,NA,NA,NA,NA,NA,NA,NA,NA,NA,NA,NA,NA,NA,NA,NA,NA,NA,NA,NA
Comoros,COM,Eastern Africa RCC,NA,NA,points,13112166973,-11.5602935,43.322009,OpenStreetMap via osmdata,comoros | NA,NA,NA,NA,NA,NA,NA,NA,NA,NA,NA,NA,NA,NA,NA,NA,NA,NA,NA,NA,NA,NA,NA,NA,NA,NA,NA,NA,NA,NA,NA,NA,NA,NA,NA,NA,NA,NA,NA,NA,NA,NA,NA,NA
Comoros,COM,Eastern Africa RCC,NA,NA,points,13112166974,-11.5601913,43.3219984,OpenStreetMap via osmdata,comoros | NA,NA,NA,NA,NA,NA,NA,NA,NA,NA,NA,NA,NA,NA,NA,NA,NA,NA,NA,NA,NA,NA,NA,NA,NA,NA,NA,NA,NA,NA,NA,NA,NA,NA,NA,NA,NA,NA,NA,NA,NA,NA,NA,NA
Comoros,COM,Eastern Africa RCC,NA,NA,points,13112355183,-11.5653617,43.2718797,OpenStreetMap via osmdata,comoros | NA,NA,NA,NA,NA,NA,NA,NA,NA,NA,NA,NA,NA,NA,NA,NA,NA,NA,NA,NA,NA,NA,NA,NA,NA,NA,NA,NA,NA,NA,NA,NA,NA,NA,NA,NA,NA,NA,NA,NA,NA,NA,NA,NA
Comoros,COM,Eastern Africa RCC,NA,NA,points,13112355184,-11.5653734,43.2719634,OpenStreetMap via osmdata,comoros | NA,NA,NA,NA,NA,NA,NA,NA,NA,NA,NA,NA,NA,NA,NA,NA,NA,NA,NA,NA,NA,NA,NA,NA,NA,NA,NA,NA,NA,NA,NA,NA,NA,NA,NA,NA,NA,NA,NA,NA,NA,NA,NA,NA
Comoros,COM,Eastern Africa RCC,NA,NA,points,13112355185,-11.565471,43.2719434,OpenStreetMap via osmdata,comoros | NA,NA,NA,NA,NA,NA,NA,NA,NA,NA,NA,NA,NA,NA,NA,NA,NA,NA,NA,NA,NA,NA,NA,NA,NA,NA,NA,NA,NA,NA,NA,NA,NA,NA,NA,NA,NA,NA,NA,NA,NA,NA,NA,NA
Comoros,COM,Eastern Africa RCC,NA,NA,points,13112355186,-11.5654495,43.2718519,OpenStreetMap via osmdata,comoros | NA,NA,NA,NA,NA,NA,NA,NA,NA,NA,NA,NA,NA,NA,NA,NA,NA,NA,NA,NA,NA,NA,NA,NA,NA,NA,NA,NA,NA,NA,NA,NA,NA,NA,NA,NA,NA,NA,NA,NA,NA,NA,NA,NA
Comoros,COM,Eastern Africa RCC,NA,NA,points,13480996259,-11.7897892,43.4552121,OpenStreetMap via osmdata,comoros | NA,NA,NA,NA,NA,NA,NA,NA,NA,NA,NA,NA,NA,NA,NA,NA,NA,NA,NA,NA,NA,NA,NA,NA,NA,NA,NA,NA,NA,NA,NA,NA,NA,NA,NA,NA,NA,NA,NA,NA,NA,NA,NA,NA
Comoros,COM,Eastern Africa RCC,NA,NA,points,13480996291,-11.789906,43.455493,OpenStreetMap via osmdata,comoros | NA,NA,NA,NA,NA,NA,NA,NA,NA,NA,NA,NA,NA,NA,NA,NA,NA,NA,NA,NA,NA,NA,NA,NA,NA,NA,NA,NA,NA,NA,NA,NA,NA,NA,NA,NA,NA,NA,NA,NA,NA,NA,NA,NA
Comoros,COM,Eastern Africa RCC,NA,NA,points,13481012840,-11.7900427,43.4550549,OpenStreetMap via osmdata,comoros | NA,NA,NA,NA,NA,NA,NA,NA,NA,NA,NA,NA,NA,NA,NA,NA,NA,NA,NA,NA,NA,NA,NA,NA,NA,NA,NA,NA,NA,NA,NA,NA,NA,NA,NA,NA,NA,NA,NA,NA,NA,NA,NA,NA
Comoros,COM,Eastern Africa RCC,NA,NA,points,13481012885,-11.7903822,43.4553603,OpenStreetMap via osmdata,comoros | NA,NA,NA,NA,NA,NA,NA,NA,NA,NA,NA,NA,NA,NA,NA,NA,NA,NA,NA,NA,NA,NA,NA,NA,NA,NA,NA,NA,NA,NA,NA,NA,NA,NA,NA,NA,NA,NA,NA,NA,NA,NA,NA,NA
Comoros,COM,Eastern Africa RCC,NA,NA,points,13481012952,-11.7904104,43.4550454,OpenStreetMap via osmdata,comoros | NA,NA,NA,NA,NA,NA,NA,NA,NA,NA,NA,NA,NA,NA,NA,NA,NA,NA,NA,NA,NA,NA,NA,NA,NA,NA,NA,NA,NA,NA,NA,NA,NA,NA,NA,NA,NA,NA,NA,NA,NA,NA,NA,NA
Comoros,COM,Eastern Africa RCC,NA,NA,points,13481012967,-11.7902016,43.4555085,OpenStreetMap via osmdata,comoros | NA,NA,NA,NA,NA,NA,NA,NA,NA,NA,NA,NA,NA,NA,NA,NA,NA,NA,NA,NA,NA,NA,NA,NA,NA,NA,NA,NA,NA,NA,NA,NA,NA,NA,NA,NA,NA,NA,NA,NA,NA,NA,NA,NA
Comoros,COM,Eastern Africa RCC,NA,NA,points,13481012991,-11.7897771,43.455356,OpenStreetMap via osmdata,comoros | NA,NA,NA,NA,NA,NA,NA,NA,NA,NA,NA,NA,NA,NA,NA,NA,NA,NA,NA,NA,NA,NA,NA,NA,NA,NA,NA,NA,NA,NA,NA,NA,NA,NA,NA,NA,NA,NA,NA,NA,NA,NA,NA,NA
Comoros,COM,Eastern Africa RCC,NA,NA,points,13481013008,-11.789978,43.4555199,OpenStreetMap via osmdata,comoros | NA,NA,NA,NA,NA,NA,NA,NA,NA,NA,NA,NA,NA,NA,NA,NA,NA,NA,NA,NA,NA,NA,NA,NA,NA,NA,NA,NA,NA,NA,NA,NA,NA,NA,NA,NA,NA,NA,NA,NA,NA,NA,NA,NA
Comoros,COM,Eastern Africa RCC,NA,NA,points,13481013017,-11.7902646,43.455491,OpenStreetMap via osmdata,comoros | NA,NA,NA,NA,NA,NA,NA,NA,NA,NA,NA,NA,NA,NA,NA,NA,NA,NA,NA,NA,NA,NA,NA,NA,NA,NA,NA,NA,NA,NA,NA,NA,NA,NA,NA,NA,NA,NA,NA,NA,NA,NA,NA,NA
Comoros,COM,Eastern Africa RCC,NA,NA,points,13481013090,-11.7903584,43.4554105,OpenStreetMap via osmdata,comoros | NA,NA,NA,NA,NA,NA,NA,NA,NA,NA,NA,NA,NA,NA,NA,NA,NA,NA,NA,NA,NA,NA,NA,NA,NA,NA,NA,NA,NA,NA,NA,NA,NA,NA,NA,NA,NA,NA,NA,NA,NA,NA,NA,NA
Comoros,COM,Eastern Africa RCC,NA,NA,points,13481013096,-11.7900515,43.45501,OpenStreetMap via osmdata,comoros | NA,NA,NA,NA,NA,NA,NA,NA,NA,NA,NA,NA,NA,NA,NA,NA,NA,NA,NA,NA,NA,NA,NA,NA,NA,NA,NA,NA,NA,NA,NA,NA,NA,NA,NA,NA,NA,NA,NA,NA,NA,NA,NA,NA
Comoros,COM,Eastern Africa RCC,NA,NA,points,13481013111,-11.7903195,43.4554504,OpenStreetMap via osmdata,comoros | NA,NA,NA,NA,NA,NA,NA,NA,NA,NA,NA,NA,NA,NA,NA,NA,NA,NA,NA,NA,NA,NA,NA,NA,NA,NA,NA,NA,NA,NA,NA,NA,NA,NA,NA,NA,NA,NA,NA,NA,NA,NA,NA,NA
Comoros,COM,Eastern Africa RCC,NA,NA,points,13481013185,-11.7901043,43.4555223,OpenStreetMap via osmdata,comoros | NA,NA,NA,NA,NA,NA,NA,NA,NA,NA,NA,NA,NA,NA,NA,NA,NA,NA,NA,NA,NA,NA,NA,NA,NA,NA,NA,NA,NA,NA,NA,NA,NA,NA,NA,NA,NA,NA,NA,NA,NA,NA,NA,NA
Comoros,COM,Eastern Africa RCC,NA,NA,points,13481013198,-11.7899374,43.4555086,OpenStreetMap via osmdata,comoros | NA,NA,NA,NA,NA,NA,NA,NA,NA,NA,NA,NA,NA,NA,NA,NA,NA,NA,NA,NA,NA,NA,NA,NA,NA,NA,NA,NA,NA,NA,NA,NA,NA,NA,NA,NA,NA,NA,NA,NA,NA,NA,NA,NA
Comoros,COM,Eastern Africa RCC,NA,NA,points,13481013258,-11.7900326,43.4555255,OpenStreetMap via osmdata,comoros | NA,NA,NA,NA,NA,NA,NA,NA,NA,NA,NA,NA,NA,NA,NA,NA,NA,NA,NA,NA,NA,NA,NA,NA,NA,NA,NA,NA,NA,NA,NA,NA,NA,NA,NA,NA,NA,NA,NA,NA,NA,NA,NA,NA
Comoros,COM,Eastern Africa RCC,Hôpital El Maarouf مستشفى المعروف,hospital,polygons,144754191,-11.69477935000077,43.25443962773897,OpenStreetMap via osmdata,comoros | hopital el maarouf,Hôpital El Maarouf مستشفى المعروف,NA,NA,NA,NA,NA,NA,NA,NA,NA,NA,NA,NA,hospital,NA,NA,NA,NA,hospital,NA,NA,NA,مستشفى المعروف,Hôpital El Maarouf,NA,Ministère de la Santé,NA,NA,NA,NA,NA,NA,NA,NA,NA,yes,NA,NA,Ministère de la Santé,NA,NA,NA,hopital el maarouf
Comoros,COM,Eastern Africa RCC,Centre de santé de Mitsoudjé,hospital,polygons,370308263,-11.804144150007863,43.27964405712054,OpenStreetMap via osmdata,comoros | centre de sante de mitsoudje,Centre de santé de Mitsoudjé,NA,NA,NA,NA,NA,NA,NA,NA,NA,NA,NA,NA,hospital,NA,NA,NA,NA,NA,NA,NA,NA,NA,NA,NA,NA,NA,NA,NA,NA,hospital,NA,NA,NA,NA,NA,NA,NA,NA,NA,NA,NA,centre de sante de mitsoudje
Comoros,COM,Eastern Africa RCC,hôpital,hospital,polygons,404358862,-11.661358350008745,43.27184759642548,OpenStreetMap via osmdata,comoros | hopital,hôpital,Ntsudjini,NA,NA,NA,NA,NA,NA,NA,NA,NA,NA,NA,hospital,NA,NA,NA,NA,NA,NA,NA,NA,NA,NA,NA,NA,NA,NA,NA,NA,yes,good,2,brick,Ntsoudjini_D3_43,no,2,NA,NA,concrete,Bing,NA,hopital
Comoros,COM,Eastern Africa RCC,Oco Pharma,pharmacy,polygons,404912075,-11.695855700000182,43.25436529174216,OpenStreetMap via osmdata,comoros | oco pharma,Oco Pharma,NA,NA,NA,NA,NA,NA,NA,NA,NA,NA,NA,NA,pharmacy,NA,NA,NA,NA,pharmacy,NA,NA,NA,NA,NA,NA,NA,NA,NA,+2697631264,NA,yes,good,2,brick,Moroni_H2_130,NA,NA,NA,NA,concrete,Bing,NA,oco pharma
Comoros,COM,Eastern Africa RCC,NA,hospital,polygons,406157830,-11.62809365000685,43.37083085639294,OpenStreetMap via osmdata,comoros | NA,NA,NA,NA,NA,NA,NA,NA,NA,NA,NA,NA,NA,NA,hospital,NA,NA,NA,NA,NA,NA,NA,NA,NA,NA,NA,NA,NA,NA,NA,NA,yes,NA,NA,NA,NA,NA,NA,NA,NA,NA,Bing,NA,NA
Comoros,COM,Eastern Africa RCC,maternité,hospital,polygons,406160283,-11.57259145000178,43.27088194533245,OpenStreetMap via osmdata,comoros | maternite,maternité,NA,NA,NA,NA,NA,NA,NA,NA,NA,NA,NA,NA,hospital,NA,NA,NA,NA,hospital,maternity,NA,NA,NA,NA,NA,NA,NA,NA,NA,NA,NA,NA,NA,NA,NA,NA,NA,NA,NA,NA,NA,NA,maternite
Comoros,COM,Eastern Africa RCC,NA,hospital,polygons,412481010,-11.50658095000798,43.384923653642105,OpenStreetMap via osmdata,comoros | NA,NA,NA,NA,NA,NA,NA,NA,NA,NA,NA,NA,NA,NA,hospital,NA,NA,NA,NA,NA,NA,NA,NA,NA,NA,NA,NA,NA,NA,NA,NA,NA,NA,NA,NA,NA,yes,NA,NA,NA,NA,NA,NA,NA
Comoros,COM,Eastern Africa RCC,Dépôt Pharmaceutique Moroni,pharmacy,polygons,432355756,-11.707064600001097,43.253485957466694,OpenStreetMap via osmdata,comoros | depot pharmaceutique moroni,Dépôt Pharmaceutique Moroni,NA,NA,NA,NA,NA,NA,NA,NA,NA,NA,NA,NA,pharmacy,NA,NA,NA,NA,pharmacy,NA,NA,NA,NA,Dépôt Pharmaceutique Moroni,NA,NA,NA,NA,NA,NA,yes,NA,NA,NA,NA,NA,NA,NA,NA,NA,bing,Kaart Ground Survey 2017,depot pharmaceutique moroni
Comoros,COM,Eastern Africa RCC,NA,hospital,polygons,437876502,-11.699935100004241,43.256209950000354,OpenStreetMap via osmdata,comoros | NA,NA,NA,NA,NA,NA,NA,NA,NA,NA,NA,NA,NA,NA,hospital,NA,NA,NA,NA,hospital,NA,NA,NA,NA,NA,NA,NA,NA,NA,NA,NA,hospital,average,1,brick,Moroni_I2_223,NA,NA,NA,NA,concrete,Bing,NA,NA
Comoros,COM,Eastern Africa RCC,NA,hospital,polygons,438412961,-11.69951385000215,43.2573114147783,OpenStreetMap via osmdata,comoros | NA,NA,NA,NA,NA,NA,NA,NA,NA,NA,NA,NA,NA,NA,hospital,NA,NA,NA,NA,hospital,NA,NA,NA,NA,NA,NA,NA,NA,NA,NA,NA,hospital,average,1,brick,Moroni_I2_229,NA,NA,NA,NA,concrete,Bing,NA,NA
Comoros,COM,Eastern Africa RCC,NA,hospital,polygons,438540783,-11.686152950000208,43.260641700000576,OpenStreetMap via osmdata,comoros | NA,NA,NA,NA,NA,NA,NA,NA,NA,NA,NA,NA,NA,NA,hospital,NA,NA,NA,NA,hospital,NA,NA,NA,NA,NA,NA,NA,NA,NA,NA,NA,hospital,good,1,brick,Moroni-E3-102,NA,NA,NA,NA,concrete,bing,NA,NA
Comoros,COM,Eastern Africa RCC,NA,pharmacy,polygons,438773629,-11.69213895000006,43.26100540652788,OpenStreetMap via osmdata,comoros | NA,NA,NA,NA,NA,NA,NA,NA,NA,NA,NA,NA,NA,NA,pharmacy,NA,NA,NA,NA,pharmacy,NA,NA,NA,NA,NA,NA,NA,NA,NA,NA,NA,yes,good,2,brick,Moroni_F3_98,NA,NA,company,NA,metal,Bing,NA,NA
Comoros,COM,Eastern Africa RCC,NA,pharmacy,polygons,438773722,-11.691432000000457,43.26253624926058,OpenStreetMap via osmdata,comoros | NA,NA,NA,NA,NA,NA,NA,NA,NA,NA,NA,NA,NA,NA,pharmacy,NA,NA,NA,NA,pharmacy,NA,NA,NA,NA,NA,NA,NA,NA,NA,NA,NA,yes,good,2,brick,moroni-F3-232,NA,NA,NA,NA,concrete,bing,NA,NA
Comoros,COM,Eastern Africa RCC,NA,hospital,polygons,438785892,-11.694673600001567,43.25613086714246,OpenStreetMap via osmdata,comoros | NA,NA,NA,NA,NA,NA,NA,NA,NA,NA,NA,NA,NA,NA,hospital,NA,NA,NA,NA,hospital,NA,NA,NA,NA,NA,NA,NA,NA,NA,NA,NA,hospital,good,1,brick,Moroni-G1-27,NA,NA,NA,NA,concrete,bing,NA,NA
Comoros,COM,Eastern Africa RCC,NA,clinic,polygons,445882944,-11.688735600001307,43.255203303622714,OpenStreetMap via osmdata,comoros | NA,NA,NA,NA,NA,NA,NA,NA,NA,Route de l'Alliance Française,NA,NA,NA,NA,clinic,NA,NA,NA,NA,clinic,NA,NA,NA,NA,NA,NA,NA,NA,NA,NA,NA,commercial,average,1,brick,Moroni-E2 -19,NA,NA,NA,NA,concrete,Bing,Kaart Ground Survey 2017,NA
Comoros,COM,Eastern Africa RCC,Pharmacie des Écoles صيدلية المدارس,pharmacy,polygons,476553507,-11.712858050015075,43.24581000093385,OpenStreetMap via osmdata,comoros | pharmacie des ecoles,Pharmacie des Écoles صيدلية المدارس,NA,NA,NA,NA,NA,NA,NA,Boulevard de la République Poulaire de China شارع جمهورية الصين الشعبية,NA,NA,NA,NA,pharmacy,NA,NA,NA,NA,pharmacy,NA,NA,NA,صيدلية المدارس,Pharmacie des Écoles,NA,NA,NA,NA,NA,NA,yes,NA,NA,NA,NA,NA,NA,NA,NA,NA,bing,Kaart Ground Survey 2017,pharmacie des ecoles
Comoros,COM,Eastern Africa RCC,NA,hospital,polygons,549124680,-12.162834450000084,44.40076142979816,OpenStreetMap via osmdata,comoros | NA,NA,NA,NA,NA,NA,NA,NA,NA,NA,NA,NA,NA,NA,hospital,NA,NA,NA,NA,hospital,NA,NA,NA,NA,NA,NA,NA,NA,NA,NA,NA,hospital,NA,NA,NA,NA,NA,NA,NA,NA,NA,NA,NA,NA
Comoros,COM,Eastern Africa RCC,Anjouan Island Humbo Hospital,hospital,polygons,686666702,-12.20005815000074,44.510767845382915,OpenStreetMap via osmdata,comoros | anjouan island humbo hospital,Anjouan Island Humbo Hospital,NA,NA,NA,NA,NA,NA,NA,NA,NA,NA,NA,NA,hospital,NA,NA,NA,NA,hospital,NA,NA,NA,NA,NA,NA,NA,NA,NA,NA,NA,NA,NA,NA,NA,NA,NA,NA,NA,NA,NA,NA,NA,anjouan island humbo hospital
Comoros,COM,Eastern Africa RCC,CMC Mitsamiouli,hospital,polygons,783882642,-11.393594200045532,43.28633156838696,OpenStreetMap via osmdata,comoros | cmc mitsamiouli,CMC Mitsamiouli,NA,NA,NA,NA,NA,NA,NA,NA,NA,NA,NA,NA,hospital,NA,NA,NA,NA,hospital,NA,NA,NA,NA,NA,NA,NA,NA,NA,NA,NA,NA,NA,NA,NA,NA,NA,NA,NA,NA,NA,NA,NA,cmc mitsamiouli
Comoros,COM,Eastern Africa RCC,PS Ivembeni,hospital,polygons,783883234,-11.490117150044883,43.328009451714955,OpenStreetMap via osmdata,comoros | ps ivembeni,PS Ivembeni,NA,NA,NA,NA,NA,NA,NA,NA,NA,NA,NA,NA,hospital,NA,NA,NA,NA,hospital,NA,NA,NA,NA,NA,NA,NA,NA,NA,NA,NA,hospital,NA,NA,NA,NA,NA,NA,NA,NA,NA,NA,NA,ps ivembeni
Comoros,COM,Eastern Africa RCC,poste de senté Diboini,hospital,polygons,1426377862,-11.560253500002865,43.32194737881359,OpenStreetMap via osmdata,comoros | poste de sente diboini,poste de senté Diboini,Dibouani,NA,NA,NA,NA,NA,NA,NA,NA,NA,NA,NA,hospital,NA,NA,NA,NA,hospital,general,NA,NA,NA,NA,NA,NA,NA,NA,NA,NA,NA,NA,NA,NA,NA,NA,NA,NA,NA,NA,NA,NA,poste de sente diboini
Comoros,COM,Eastern Africa RCC,Poste de Santé,hospital,polygons,1426392579,-11.565411450002587,43.27190977529575,OpenStreetMap via osmdata,comoros | poste de sante,Poste de Santé,Hahaya هاهايا,NA,NA,NA,NA,NA,NA,Route Nationale 1,NA,NA,NA,NA,hospital,NA,NA,NA,NA,hospital,general,NA,NA,NA,NA,NA,NA,NA,NA,NA,NA,NA,NA,NA,NA,NA,NA,NA,NA,NA,NA,NA,NA,poste de sante
Comoros,COM,Eastern Africa RCC,HôpHôtel de Mdroidjou,hospital,polygons,1469949004,-11.79007790000127,43.4552680410989,OpenStreetMap via osmdata,comoros | hophotel de mdroidjou,HôpHôtel de Mdroidjou,NA,NA,NA,NA,NA,NA,NA,NA,NA,NA,NA,NA,hospital,NA,NA,NA,NA,hospital,NA,NA,NA,NA,NA,NA,NA,NA,NA,NA,NA,NA,NA,NA,NA,NA,NA,NA,NA,NA,NA,NA,NA,hophotel de mdroidjou
