country,iso3,rcc,facility_name,facility_type,source_osm_type,osm_id,lat,lon,source,match_key_country_facility,name,addr_city,addr_street,air_conditioning,amenity,check_date,contact_fax,contact_mobile,contact_phone,designation,dispensing,drive_through,email,emergency,entrance,healthcare,healthcare_speciality,healthcare_1,internet_access,internet_access_fee,level,name_es,name_fr,name_pt,note,opening_hours,operator,payment_cards,payment_credit_cards,payment_debit_cards,phone,wheelchair,addr_country,addr_housenumber,area,building,name_zh,website,facility_key
Cabo Verde,CPV,Western Africa RCC,NA,NA,points,1779078571,14.8869037,-24.4964974,OpenStreetMap via osmdata,cabo verde | NA,NA,NA,NA,NA,NA,NA,NA,NA,NA,NA,NA,NA,NA,NA,NA,NA,NA,NA,NA,NA,NA,NA,NA,NA,NA,NA,NA,NA,NA,NA,NA,NA,NA,NA,NA,NA,NA,NA,NA
Cabo Verde,CPV,Western Africa RCC,Centro de Saúde,clinic,points,1960647754,15.2777315,-23.7535002,OpenStreetMap via osmdata,cabo verde | centro de sa de,Centro de Saúde,NA,NA,NA,clinic,NA,661740,NA,661130,NA,NA,NA,NA,NA,NA,clinic,NA,NA,NA,NA,NA,NA,NA,NA,NA,NA,NA,NA,NA,NA,NA,NA,NA,NA,NA,NA,NA,NA,centro de sa de
Cabo Verde,CPV,Western Africa RCC,Farmácia Tarrafal,pharmacy,points,1960647959,15.2779906,-23.7525148,OpenStreetMap via osmdata,cabo verde | farm cia tarrafal,Farmácia Tarrafal,NA,NA,NA,pharmacy,NA,NA,NA,2661396,NA,NA,NA,NA,NA,NA,NA,NA,NA,NA,NA,NA,NA,NA,NA,NA,NA,NA,NA,NA,NA,NA,NA,NA,NA,NA,NA,NA,NA,farm cia tarrafal
Cabo Verde,CPV,Western Africa RCC,Gynicalogista,doctors,points,1960648207,14.9195599,-23.5064321,OpenStreetMap via osmdata,cabo verde | gynicalogista,Gynicalogista,NA,NA,NA,doctors,NA,NA,NA,NA,NA,NA,NA,NA,NA,NA,doctor,NA,NA,NA,NA,NA,NA,NA,NA,NA,NA,NA,NA,NA,NA,NA,NA,NA,NA,NA,NA,NA,NA,gynicalogista
Cabo Verde,CPV,Western Africa RCC,NA,pharmacy,points,1960658124,14.8973503,-24.4982864,OpenStreetMap via osmdata,cabo verde | NA,NA,NA,NA,NA,pharmacy,NA,NA,NA,NA,NA,NA,NA,NA,NA,NA,pharmacy,NA,NA,NA,NA,NA,NA,NA,NA,NA,NA,NA,NA,NA,NA,NA,NA,NA,NA,NA,NA,NA,NA,NA
Cabo Verde,CPV,Western Africa RCC,NA,pharmacy,points,1960674353,15.0804838,-23.633757,OpenStreetMap via osmdata,cabo verde | NA,NA,NA,NA,NA,pharmacy,NA,NA,NA,NA,NA,NA,NA,NA,NA,NA,NA,NA,NA,NA,NA,NA,NA,NA,NA,NA,NA,NA,NA,NA,NA,NA,NA,NA,NA,NA,NA,NA,NA,NA
Cabo Verde,CPV,Western Africa RCC,Hospital Santiago Norte,hospital,points,1960676145,15.1280706,-23.6763497,OpenStreetMap via osmdata,cabo verde | hospital santiago norte,Hospital Santiago Norte,NA,NA,NA,hospital,NA,NA,NA,NA,NA,NA,NA,NA,NA,NA,NA,NA,NA,NA,NA,NA,NA,NA,NA,NA,NA,NA,NA,NA,NA,NA,NA,NA,NA,NA,NA,NA,NA,hospital santiago norte
Cabo Verde,CPV,Western Africa RCC,Enrique Aguirre Leon,dentist,points,1960719171,14.9194861,-23.506493,OpenStreetMap via osmdata,cabo verde | enrique aguirre leon,Enrique Aguirre Leon,NA,NA,NA,dentist,NA,NA,NA,NA,NA,NA,NA,NA,NA,NA,dentist,NA,NA,NA,NA,NA,NA,NA,NA,NA,NA,NA,NA,NA,NA,NA,NA,NA,NA,NA,NA,NA,NA,enrique aguirre leon
Cabo Verde,CPV,Western Africa RCC,Montz,doctors,points,1960719950,14.8963832,-24.4997095,OpenStreetMap via osmdata,cabo verde | montz,Montz,NA,NA,NA,doctors,NA,NA,NA,NA,NA,NA,NA,NA,NA,NA,doctor,NA,NA,NA,NA,NA,NA,NA,NA,NA,NA,NA,NA,NA,NA,NA,NA,NA,NA,NA,NA,NA,NA,montz
Cabo Verde,CPV,Western Africa RCC,NA,NA,points,1960722723,14.8979238,-24.4991094,OpenStreetMap via osmdata,cabo verde | NA,NA,NA,NA,NA,NA,NA,NA,NA,NA,NA,NA,NA,NA,NA,NA,NA,NA,NA,NA,NA,NA,NA,NA,NA,NA,NA,NA,NA,NA,NA,NA,NA,NA,NA,NA,NA,NA,NA,NA
Cabo Verde,CPV,Western Africa RCC,Do Leão,pharmacy,points,1972671630,16.8867768,-24.9881525,OpenStreetMap via osmdata,cabo verde | do le o,Do Leão,NA,NA,NA,pharmacy,NA,2326602,NA,2326604,NA,NA,NA,NA,NA,NA,pharmacy,NA,NA,NA,NA,NA,NA,NA,NA,NA,NA,NA,NA,NA,NA,NA,NA,NA,NA,NA,NA,NA,NA,do le o
Cabo Verde,CPV,Western Africa RCC,Dra. Samila Inocêncio,doctors,points,1972671692,16.8852305,-24.9850272,OpenStreetMap via osmdata,cabo verde | dra samila inocencio,Dra. Samila Inocêncio,NA,NA,NA,doctors,NA,NA,NA,NA,NA,NA,NA,NA,NA,NA,doctor,NA,NA,NA,NA,NA,NA,NA,NA,Thyroid,NA,NA,NA,NA,NA,NA,NA,NA,NA,NA,NA,NA,NA,dra samila inocencio
Cabo Verde,CPV,Western Africa RCC,Jovem,pharmacy,points,1972672033,16.8835073,-24.9859273,OpenStreetMap via osmdata,cabo verde | jovem,Jovem,NA,NA,NA,pharmacy,NA,NA,NA,NA,NA,yes,NA,NA,NA,NA,pharmacy,NA,NA,NA,NA,NA,NA,NA,NA,NA,NA,NA,NA,NA,NA,+238 232 45 30,NA,NA,NA,NA,NA,NA,NA,jovem
Cabo Verde,CPV,Western Africa RCC,NA,dentist,points,1972673308,16.8855186,-24.9859665,OpenStreetMap via osmdata,cabo verde | NA,NA,NA,NA,NA,dentist,NA,NA,NA,2310309,NA,NA,NA,NA,NA,NA,dentist,NA,NA,NA,NA,NA,NA,NA,NA,NA,NA,NA,NA,NA,NA,NA,NA,NA,NA,NA,NA,NA,NA,NA
Cabo Verde,CPV,Western Africa RCC,NA,NA,points,2047739138,14.9199663,-23.5055114,OpenStreetMap via osmdata,cabo verde | NA,NA,NA,NA,NA,NA,NA,NA,NA,NA,NA,NA,NA,NA,NA,NA,NA,NA,NA,NA,NA,NA,NA,NA,NA,NA,NA,NA,NA,NA,NA,NA,NA,NA,NA,NA,NA,NA,NA,NA
Cabo Verde,CPV,Western Africa RCC,NA,NA,points,2047739146,14.9201415,-23.5057634,OpenStreetMap via osmdata,cabo verde | NA,NA,NA,NA,NA,NA,NA,NA,NA,NA,NA,NA,NA,NA,NA,NA,NA,NA,NA,NA,NA,NA,NA,NA,NA,NA,NA,NA,NA,NA,NA,NA,NA,NA,NA,NA,NA,NA,NA,NA
Cabo Verde,CPV,Western Africa RCC,NA,NA,points,2047739150,14.9203368,-23.5053203,OpenStreetMap via osmdata,cabo verde | NA,NA,NA,NA,NA,NA,NA,NA,NA,NA,NA,NA,NA,NA,NA,NA,NA,NA,NA,NA,NA,NA,NA,NA,NA,NA,NA,NA,NA,NA,NA,NA,NA,NA,NA,NA,NA,NA,NA,NA
Cabo Verde,CPV,Western Africa RCC,NA,NA,points,2047739151,14.9204014,-23.5052851,OpenStreetMap via osmdata,cabo verde | NA,NA,NA,NA,NA,NA,NA,NA,NA,NA,NA,NA,NA,NA,NA,NA,NA,NA,NA,NA,NA,NA,NA,NA,NA,NA,NA,NA,NA,NA,NA,NA,NA,NA,NA,NA,NA,NA,NA,NA
Cabo Verde,CPV,Western Africa RCC,NA,NA,points,2047739154,14.9204198,-23.5054926,OpenStreetMap via osmdata,cabo verde | NA,NA,NA,NA,NA,NA,NA,NA,NA,NA,NA,NA,NA,NA,NA,NA,NA,NA,NA,NA,NA,NA,NA,NA,NA,NA,NA,NA,NA,NA,NA,NA,NA,NA,NA,NA,NA,NA,NA,NA
Cabo Verde,CPV,Western Africa RCC,NA,NA,points,2047739156,14.9204851,-23.5054589,OpenStreetMap via osmdata,cabo verde | NA,NA,NA,NA,NA,NA,NA,NA,NA,NA,NA,NA,NA,NA,NA,NA,NA,NA,NA,NA,NA,NA,NA,NA,NA,NA,NA,NA,NA,NA,NA,NA,NA,NA,NA,NA,NA,NA,NA,NA
Cabo Verde,CPV,Western Africa RCC,NA,NA,points,2047739157,14.9205203,-23.5052238,OpenStreetMap via osmdata,cabo verde | NA,NA,NA,NA,NA,NA,NA,NA,NA,NA,NA,NA,NA,NA,NA,NA,NA,NA,NA,NA,NA,NA,NA,NA,NA,NA,NA,NA,NA,NA,NA,NA,NA,NA,NA,NA,NA,NA,NA,NA
Cabo Verde,CPV,Western Africa RCC,NA,NA,points,2047739159,14.9206732,-23.5055415,OpenStreetMap via osmdata,cabo verde | NA,NA,NA,NA,NA,NA,NA,NA,NA,NA,NA,NA,NA,NA,NA,NA,NA,NA,NA,NA,NA,NA,NA,NA,NA,NA,NA,NA,NA,NA,NA,NA,NA,NA,NA,NA,NA,NA,NA,NA
Cabo Verde,CPV,Western Africa RCC,NA,NA,points,2047884217,14.8871849,-24.4966034,OpenStreetMap via osmdata,cabo verde | NA,NA,NA,NA,NA,NA,NA,NA,NA,NA,NA,NA,NA,NA,NA,NA,NA,NA,NA,NA,NA,NA,NA,NA,NA,NA,NA,NA,NA,NA,NA,NA,NA,NA,NA,NA,NA,NA,NA,NA
Cabo Verde,CPV,Western Africa RCC,Hospital Regional Dr. João Morais,hospital,points,2229625198,17.180185,-25.0646607,OpenStreetMap via osmdata,cabo verde | hospital regional dr jo o morais,Hospital Regional Dr. João Morais,NA,NA,NA,hospital,NA,NA,NA,NA,NA,NA,NA,NA,NA,NA,hospital,NA,NA,NA,NA,NA,NA,NA,NA,NA,NA,NA,NA,NA,NA,NA,NA,NA,NA,NA,NA,NA,NA,hospital regional dr jo o morais
Cabo Verde,CPV,Western Africa RCC,Moderna,pharmacy,points,2443081390,14.9179855,-23.5095274,OpenStreetMap via osmdata,cabo verde | moderna,Moderna,Praia,Avenida Amilcar Cabral,NA,pharmacy,NA,NA,NA,NA,NA,NA,NA,NA,NA,NA,pharmacy,NA,NA,NA,NA,NA,NA,NA,NA,NA,NA,NA,NA,NA,NA,NA,NA,NA,NA,NA,NA,NA,NA,moderna
Cabo Verde,CPV,Western Africa RCC,posto sanitario,hospital,points,2444646397,17.1263068,-25.0477616,OpenStreetMap via osmdata,cabo verde | posto sanitario,posto sanitario,Cha de Joao Vaz,NA,NA,hospital,NA,NA,NA,NA,NA,NA,NA,NA,yes,NA,NA,NA,NA,NA,NA,NA,NA,NA,NA,NA,NA,ministerio de saude,NA,NA,NA,NA,NA,NA,NA,NA,NA,NA,NA,posto sanitario
Cabo Verde,CPV,Western Africa RCC,NA,NA,points,2447201461,14.9172056,-23.5219411,OpenStreetMap via osmdata,cabo verde | NA,NA,NA,NA,NA,NA,NA,NA,NA,NA,NA,NA,NA,NA,NA,NA,NA,NA,NA,NA,NA,NA,NA,NA,NA,NA,NA,NA,NA,NA,NA,NA,NA,NA,NA,NA,NA,NA,NA,NA
Cabo Verde,CPV,Western Africa RCC,NA,NA,points,2447201462,14.9171521,-23.5217815,OpenStreetMap via osmdata,cabo verde | NA,NA,NA,NA,NA,NA,NA,NA,NA,NA,NA,NA,NA,NA,NA,NA,NA,NA,NA,NA,NA,NA,NA,NA,NA,NA,NA,NA,NA,NA,NA,NA,NA,NA,NA,NA,NA,NA,NA,NA
Cabo Verde,CPV,Western Africa RCC,NA,NA,points,2447408052,16.561905,-24.3576779,OpenStreetMap via osmdata,cabo verde | NA,NA,NA,NA,NA,NA,NA,NA,NA,NA,NA,NA,NA,NA,NA,NA,NA,NA,NA,NA,NA,NA,NA,NA,NA,NA,NA,NA,NA,NA,NA,NA,NA,NA,NA,NA,NA,NA,NA,NA
Cabo Verde,CPV,Western Africa RCC,NA,NA,points,2448069910,14.9242915,-23.5085935,OpenStreetMap via osmdata,cabo verde | NA,NA,NA,NA,NA,NA,NA,NA,NA,NA,NA,NA,NA,NA,NA,NA,NA,NA,NA,NA,NA,NA,NA,NA,NA,NA,NA,NA,NA,NA,NA,NA,NA,NA,NA,NA,NA,NA,NA,NA
Cabo Verde,CPV,Western Africa RCC,NA,NA,points,2448069911,14.9243805,-23.5083256,OpenStreetMap via osmdata,cabo verde | NA,NA,NA,NA,NA,NA,NA,NA,NA,NA,NA,NA,NA,NA,NA,NA,NA,NA,NA,NA,NA,NA,NA,NA,NA,NA,NA,NA,NA,NA,NA,NA,NA,NA,NA,NA,NA,NA,NA,NA
Cabo Verde,CPV,Western Africa RCC,NA,NA,points,2448069912,14.9241087,-23.5082202,OpenStreetMap via osmdata,cabo verde | NA,NA,NA,NA,NA,NA,NA,NA,NA,NA,NA,NA,NA,NA,NA,NA,NA,NA,NA,NA,NA,NA,NA,NA,NA,NA,NA,NA,NA,NA,NA,NA,NA,NA,NA,NA,NA,NA,NA,NA
Cabo Verde,CPV,Western Africa RCC,NA,NA,points,2448069913,14.9240294,-23.5084378,OpenStreetMap via osmdata,cabo verde | NA,NA,NA,NA,NA,NA,NA,NA,NA,NA,NA,NA,NA,NA,NA,NA,NA,NA,NA,NA,NA,NA,NA,NA,NA,NA,NA,NA,NA,NA,NA,NA,NA,NA,NA,NA,NA,NA,NA,NA
Cabo Verde,CPV,Western Africa RCC,NA,NA,points,2448069914,14.9240828,-23.5084529,OpenStreetMap via osmdata,cabo verde | NA,NA,NA,NA,NA,NA,NA,NA,NA,NA,NA,NA,NA,NA,NA,NA,NA,NA,NA,NA,NA,NA,NA,NA,NA,NA,NA,NA,NA,NA,NA,NA,NA,NA,NA,NA,NA,NA,NA,NA
Cabo Verde,CPV,Western Africa RCC,NA,NA,points,2448069915,14.924133,-23.5082938,OpenStreetMap via osmdata,cabo verde | NA,NA,NA,NA,NA,NA,NA,NA,NA,NA,NA,NA,NA,NA,NA,NA,NA,NA,NA,NA,NA,NA,NA,NA,NA,NA,NA,NA,NA,NA,NA,NA,NA,NA,NA,NA,NA,NA,NA,NA
Cabo Verde,CPV,Western Africa RCC,NA,NA,points,2448069916,14.9242737,-23.508339,OpenStreetMap via osmdata,cabo verde | NA,NA,NA,NA,NA,NA,NA,NA,NA,NA,NA,NA,NA,NA,NA,NA,NA,NA,NA,NA,NA,NA,NA,NA,NA,NA,NA,NA,NA,NA,NA,NA,NA,NA,NA,NA,NA,NA,NA,NA
Cabo Verde,CPV,Western Africa RCC,NA,NA,points,2448069917,14.9242656,-23.5083658,OpenStreetMap via osmdata,cabo verde | NA,NA,NA,NA,NA,NA,NA,NA,NA,NA,NA,NA,NA,NA,NA,NA,NA,NA,NA,NA,NA,NA,NA,NA,NA,NA,NA,NA,NA,NA,NA,NA,NA,NA,NA,NA,NA,NA,NA,NA
Cabo Verde,CPV,Western Africa RCC,NA,NA,points,2448069918,14.924264,-23.5083943,OpenStreetMap via osmdata,cabo verde | NA,NA,NA,NA,NA,NA,NA,NA,NA,NA,NA,NA,NA,NA,NA,NA,NA,NA,NA,NA,NA,NA,NA,NA,NA,NA,NA,NA,NA,NA,NA,NA,NA,NA,NA,NA,NA,NA,NA,NA
Cabo Verde,CPV,Western Africa RCC,NA,NA,points,2448069919,14.9242689,-23.5084177,OpenStreetMap via osmdata,cabo verde | NA,NA,NA,NA,NA,NA,NA,NA,NA,NA,NA,NA,NA,NA,NA,NA,NA,NA,NA,NA,NA,NA,NA,NA,NA,NA,NA,NA,NA,NA,NA,NA,NA,NA,NA,NA,NA,NA,NA,NA
Cabo Verde,CPV,Western Africa RCC,NA,NA,points,2448069920,14.9242139,-23.5085583,OpenStreetMap via osmdata,cabo verde | NA,NA,NA,NA,NA,NA,NA,NA,NA,NA,NA,NA,NA,NA,NA,NA,NA,NA,NA,NA,NA,NA,NA,NA,NA,NA,NA,NA,NA,NA,NA,NA,NA,NA,NA,NA,NA,NA,NA,NA
Cabo Verde,CPV,Western Africa RCC,NA,NA,points,2448090445,16.6134832,-24.1317705,OpenStreetMap via osmdata,cabo verde | NA,NA,NA,NA,NA,NA,NA,NA,NA,NA,NA,NA,NA,NA,NA,NA,NA,NA,NA,NA,NA,NA,NA,NA,NA,NA,NA,NA,NA,NA,NA,NA,NA,NA,NA,NA,NA,NA,NA,NA
Cabo Verde,CPV,Western Africa RCC,NA,NA,points,2448172900,16.7480575,-22.9363034,OpenStreetMap via osmdata,cabo verde | NA,NA,NA,NA,NA,NA,NA,NA,NA,NA,NA,NA,NA,NA,NA,NA,NA,NA,NA,NA,NA,NA,NA,NA,NA,NA,NA,NA,NA,NA,NA,NA,NA,NA,NA,NA,NA,NA,NA,NA
Cabo Verde,CPV,Western Africa RCC,NA,NA,points,2448172902,16.7480217,-22.9343374,OpenStreetMap via osmdata,cabo verde | NA,NA,NA,NA,NA,NA,NA,NA,NA,NA,NA,NA,NA,NA,NA,NA,NA,NA,NA,NA,NA,NA,NA,NA,NA,NA,NA,NA,NA,NA,NA,NA,NA,NA,NA,NA,NA,NA,NA,NA
Cabo Verde,CPV,Western Africa RCC,NA,NA,points,2448172903,16.7495377,-22.9362707,OpenStreetMap via osmdata,cabo verde | NA,NA,NA,NA,NA,NA,NA,NA,NA,NA,NA,NA,NA,NA,NA,NA,NA,NA,NA,NA,NA,NA,NA,NA,NA,NA,NA,NA,NA,NA,NA,NA,NA,NA,NA,NA,NA,NA,NA,NA
Cabo Verde,CPV,Western Africa RCC,NA,NA,points,2448172904,16.7495153,-22.9342907,OpenStreetMap via osmdata,cabo verde | NA,NA,NA,NA,NA,NA,NA,NA,NA,NA,NA,NA,NA,NA,NA,NA,NA,NA,NA,NA,NA,NA,NA,NA,NA,NA,NA,NA,NA,NA,NA,NA,NA,NA,NA,NA,NA,NA,NA,NA
Cabo Verde,CPV,Western Africa RCC,Avenida,pharmacy,points,2449485196,14.9247148,-23.5082124,OpenStreetMap via osmdata,cabo verde | avenida,Avenida,Praia,Rua Caixa Economica,NA,pharmacy,NA,NA,NA,NA,NA,NA,NA,NA,NA,NA,NA,NA,NA,NA,NA,NA,NA,NA,NA,NA,NA,NA,NA,NA,NA,NA,NA,NA,NA,NA,NA,NA,NA,avenida
Cabo Verde,CPV,Western Africa RCC,NA,NA,points,2474345733,14.9602699,-23.555678,OpenStreetMap via osmdata,cabo verde | NA,NA,NA,NA,NA,NA,NA,NA,NA,NA,NA,NA,NA,NA,NA,NA,NA,NA,NA,NA,NA,NA,NA,NA,NA,NA,NA,NA,NA,NA,NA,NA,NA,NA,NA,NA,NA,NA,NA,NA
Cabo Verde,CPV,Western Africa RCC,NA,NA,points,2474345736,14.9602679,-23.5559315,OpenStreetMap via osmdata,cabo verde | NA,NA,NA,NA,NA,NA,NA,NA,NA,NA,NA,NA,NA,NA,NA,NA,NA,NA,NA,NA,NA,NA,NA,NA,NA,NA,NA,NA,NA,NA,NA,NA,NA,NA,NA,NA,NA,NA,NA,NA
Cabo Verde,CPV,Western Africa RCC,NA,NA,points,2474345738,14.9608491,-23.5559315,OpenStreetMap via osmdata,cabo verde | NA,NA,NA,NA,NA,NA,NA,NA,NA,NA,NA,NA,NA,NA,NA,NA,NA,NA,NA,NA,NA,NA,NA,NA,NA,NA,NA,NA,NA,NA,NA,NA,NA,NA,NA,NA,NA,NA,NA,NA
Cabo Verde,CPV,Western Africa RCC,NA,NA,points,2474345741,14.9608532,-23.555852,OpenStreetMap via osmdata,cabo verde | NA,NA,NA,NA,NA,NA,NA,NA,NA,NA,NA,NA,NA,NA,NA,NA,NA,NA,NA,NA,NA,NA,NA,NA,NA,NA,NA,NA,NA,NA,NA,NA,NA,NA,NA,NA,NA,NA,NA,NA
Cabo Verde,CPV,Western Africa RCC,NA,NA,points,2474345744,14.9608865,-23.5558499,OpenStreetMap via osmdata,cabo verde | NA,NA,NA,NA,NA,NA,NA,NA,NA,NA,NA,NA,NA,NA,NA,NA,NA,NA,NA,NA,NA,NA,NA,NA,NA,NA,NA,NA,NA,NA,NA,NA,NA,NA,NA,NA,NA,NA,NA,NA
Cabo Verde,CPV,Western Africa RCC,NA,NA,points,2474345746,14.9608865,-23.5557704,OpenStreetMap via osmdata,cabo verde | NA,NA,NA,NA,NA,NA,NA,NA,NA,NA,NA,NA,NA,NA,NA,NA,NA,NA,NA,NA,NA,NA,NA,NA,NA,NA,NA,NA,NA,NA,NA,NA,NA,NA,NA,NA,NA,NA,NA,NA
Cabo Verde,CPV,Western Africa RCC,NA,NA,points,2474345748,14.9608553,-23.5557682,OpenStreetMap via osmdata,cabo verde | NA,NA,NA,NA,NA,NA,NA,NA,NA,NA,NA,NA,NA,NA,NA,NA,NA,NA,NA,NA,NA,NA,NA,NA,NA,NA,NA,NA,NA,NA,NA,NA,NA,NA,NA,NA,NA,NA,NA,NA
Cabo Verde,CPV,Western Africa RCC,NA,NA,points,2474345750,14.9608553,-23.555678,OpenStreetMap via osmdata,cabo verde | NA,NA,NA,NA,NA,NA,NA,NA,NA,NA,NA,NA,NA,NA,NA,NA,NA,NA,NA,NA,NA,NA,NA,NA,NA,NA,NA,NA,NA,NA,NA,NA,NA,NA,NA,NA,NA,NA,NA,NA
Cabo Verde,CPV,Western Africa RCC,Posto Sanitário da Garça,hospital,points,2477944574,17.1241756,-25.1612827,OpenStreetMap via osmdata,cabo verde | posto sanit rio da garca,Posto Sanitário da Garça,NA,NA,NA,hospital,NA,NA,NA,NA,NA,NA,NA,NA,NA,NA,NA,NA,NA,NA,NA,NA,NA,NA,NA,NA,NA,NA,NA,NA,NA,NA,NA,NA,NA,NA,NA,NA,NA,posto sanit rio da garca
Cabo Verde,CPV,Western Africa RCC,NA,hospital,points,2504188510,17.0921963,-25.2489402,OpenStreetMap via osmdata,cabo verde | NA,NA,NA,NA,NA,hospital,NA,NA,NA,NA,NA,NA,NA,NA,NA,NA,hospital,NA,NA,NA,NA,NA,NA,NA,NA,NA,NA,NA,NA,NA,NA,NA,NA,NA,NA,NA,NA,NA,NA,NA
Cabo Verde,CPV,Western Africa RCC,NA,hospital,points,2505173744,17.0868568,-25.1383003,OpenStreetMap via osmdata,cabo verde | NA,NA,NA,NA,NA,hospital,NA,NA,NA,NA,NA,NA,NA,NA,NA,NA,NA,NA,NA,NA,NA,NA,NA,NA,NA,NA,NA,NA,NA,NA,NA,NA,NA,NA,NA,NA,NA,NA,NA,NA
Cabo Verde,CPV,Western Africa RCC,NA,hospital,points,2572776875,16.615448,-24.2983825,OpenStreetMap via osmdata,cabo verde | NA,NA,NA,NA,NA,hospital,NA,NA,NA,NA,NA,NA,NA,NA,NA,NA,hospital,NA,NA,NA,NA,NA,NA,NA,NA,NA,NA,NA,NA,NA,NA,NA,NA,NA,NA,NA,NA,NA,NA,NA
Cabo Verde,CPV,Western Africa RCC,NA,pharmacy,points,2665765491,17.0206518,-25.0658886,OpenStreetMap via osmdata,cabo verde | NA,NA,NA,NA,NA,pharmacy,NA,NA,NA,NA,NA,NA,NA,NA,NA,NA,pharmacy,NA,NA,NA,NA,NA,NA,NA,NA,NA,NA,NA,NA,NA,NA,NA,NA,NA,NA,NA,NA,NA,NA,NA
Cabo Verde,CPV,Western Africa RCC,NA,pharmacy,points,2665778157,17.0190815,-25.0643913,OpenStreetMap via osmdata,cabo verde | NA,NA,NA,NA,NA,pharmacy,NA,NA,NA,NA,NA,NA,NA,NA,NA,NA,pharmacy,NA,NA,NA,NA,NA,NA,NA,NA,NA,NA,NA,NA,NA,NA,NA,NA,NA,NA,NA,NA,NA,NA,NA
Cabo Verde,CPV,Western Africa RCC,Farmacia São José,pharmacy,points,3133571260,17.0208733,-25.0658692,OpenStreetMap via osmdata,cabo verde | farmacia s o jose,Farmacia São José,NA,NA,NA,pharmacy,NA,NA,NA,NA,Pharmacy,NA,yes,NA,NA,NA,pharmacy,NA,NA,NA,NA,NA,NA,Pharmacie São José,NA,NA,NA,NA,NA,NA,NA,NA,NA,NA,NA,NA,NA,NA,NA,farmacia s o jose
Cabo Verde,CPV,Western Africa RCC,Clinica Reabil,hospital,points,3133571271,17.0194937,-25.0657996,OpenStreetMap via osmdata,cabo verde | clinica reabil,Clinica Reabil,NA,NA,NA,hospital,NA,NA,NA,NA,Rehabilitation,NA,NA,NA,NA,NA,hospital,NA,NA,NA,NA,NA,NA,NA,NA,NA,NA,NA,NA,NA,NA,NA,NA,NA,NA,NA,NA,NA,NA,clinica reabil
Cabo Verde,CPV,Western Africa RCC,Clinica Dentar,hospital,points,3133582540,17.020112,-25.0659562,OpenStreetMap via osmdata,cabo verde | clinica dentar,Clinica Dentar,NA,NA,NA,hospital,NA,NA,NA,NA,Dentist,NA,NA,NA,NA,NA,hospital,NA,NA,NA,NA,NA,NA,NA,NA,NA,NA,NA,NA,NA,NA,NA,NA,NA,NA,NA,NA,NA,NA,clinica dentar
Cabo Verde,CPV,Western Africa RCC,NA,hospital,points,3284129017,16.6425749,-24.3888585,OpenStreetMap via osmdata,cabo verde | NA,NA,NA,NA,NA,hospital,NA,NA,NA,NA,NA,NA,NA,NA,NA,NA,hospital,NA,NA,NA,NA,NA,NA,NA,NA,NA,NA,NA,NA,NA,NA,NA,NA,NA,NA,NA,NA,NA,NA,NA
Cabo Verde,CPV,Western Africa RCC,NA,NA,points,4147331203,16.9576645,-25.3109573,OpenStreetMap via osmdata,cabo verde | NA,NA,NA,NA,NA,NA,NA,NA,NA,NA,NA,NA,NA,NA,NA,NA,NA,NA,NA,NA,NA,NA,NA,NA,NA,NA,NA,NA,NA,NA,NA,NA,NA,NA,NA,NA,NA,NA,NA,NA
Cabo Verde,CPV,Western Africa RCC,NA,NA,points,4147331204,16.9576412,-25.3108973,OpenStreetMap via osmdata,cabo verde | NA,NA,NA,NA,NA,NA,NA,NA,NA,NA,NA,NA,NA,NA,NA,NA,NA,NA,NA,NA,NA,NA,NA,NA,NA,NA,NA,NA,NA,NA,NA,NA,NA,NA,NA,NA,NA,NA,NA,NA
Cabo Verde,CPV,Western Africa RCC,NA,NA,points,4147337348,16.9576035,-25.3109945,OpenStreetMap via osmdata,cabo verde | NA,NA,NA,NA,NA,NA,NA,NA,NA,NA,NA,NA,NA,NA,NA,NA,NA,NA,NA,NA,NA,NA,NA,NA,NA,NA,NA,NA,NA,NA,NA,NA,NA,NA,NA,NA,NA,NA,NA,NA
Cabo Verde,CPV,Western Africa RCC,NA,NA,points,4147337351,16.9575834,-25.3109328,OpenStreetMap via osmdata,cabo verde | NA,NA,NA,NA,NA,NA,NA,NA,NA,NA,NA,NA,NA,NA,NA,NA,NA,NA,NA,NA,NA,NA,NA,NA,NA,NA,NA,NA,NA,NA,NA,NA,NA,NA,NA,NA,NA,NA,NA,NA
Cabo Verde,CPV,Western Africa RCC,San Baobab Massage Chinese Medizine,doctors,points,4147373708,16.9553837,-25.3098485,OpenStreetMap via osmdata,cabo verde | san baobab massage chinese medizine,San Baobab Massage Chinese Medizine,NA,NA,NA,doctors,NA,NA,NA,NA,NA,NA,NA,NA,NA,NA,NA,NA,NA,NA,NA,NA,NA,NA,Baobab,NA,NA,NA,NA,NA,NA,NA,NA,NA,NA,NA,NA,NA,NA,san baobab massage chinese medizine
Cabo Verde,CPV,Western Africa RCC,NA,NA,points,4166010280,16.8839931,-24.9856582,OpenStreetMap via osmdata,cabo verde | NA,NA,NA,NA,NA,NA,NA,NA,NA,NA,NA,NA,NA,NA,NA,NA,NA,NA,NA,NA,NA,NA,NA,NA,NA,NA,NA,NA,NA,NA,NA,NA,NA,NA,NA,NA,NA,NA,NA,NA
Cabo Verde,CPV,Western Africa RCC,Delegação Municipal;Posto Sanitário,hospital,points,4171948865,17.1108041,-25.0693706,OpenStreetMap via osmdata,cabo verde | delegac o municipal posto sanit rio,Delegação Municipal;Posto Sanitário,NA,NA,NA,hospital,NA,NA,NA,NA,NA,NA,NA,NA,NA,NA,hospital,NA,NA,NA,NA,NA,NA,NA,NA,NA,NA,NA,NA,NA,NA,NA,NA,NA,NA,NA,NA,NA,NA,delegac o municipal posto sanit rio
Cabo Verde,CPV,Western Africa RCC,Posto Sanitário,hospital,points,4173228597,16.9576083,-25.3109431,OpenStreetMap via osmdata,cabo verde | posto sanit rio,Posto Sanitário,NA,NA,NA,hospital,NA,NA,NA,NA,NA,NA,NA,NA,NA,NA,NA,NA,NA,NA,NA,NA,NA,NA,NA,NA,NA,NA,NA,NA,NA,NA,NA,NA,NA,NA,NA,NA,NA,posto sanit rio
Cabo Verde,CPV,Western Africa RCC,NA,hospital,points,4253271350,17.0773321,-25.1922921,OpenStreetMap via osmdata,cabo verde | NA,NA,NA,NA,NA,hospital,NA,NA,NA,NA,NA,NA,NA,NA,NA,NA,NA,NA,NA,NA,NA,NA,NA,NA,NA,NA,NA,NA,NA,NA,NA,NA,NA,NA,NA,NA,NA,NA,NA,NA
Cabo Verde,CPV,Western Africa RCC,NA,NA,points,4311515858,17.1233814,-25.2029845,OpenStreetMap via osmdata,cabo verde | NA,NA,NA,NA,NA,NA,NA,NA,NA,NA,NA,NA,NA,NA,NA,NA,NA,NA,NA,NA,NA,NA,NA,NA,NA,NA,NA,NA,NA,NA,NA,NA,NA,NA,NA,NA,NA,NA,NA,NA
Cabo Verde,CPV,Western Africa RCC,NA,NA,points,4311515861,17.1233427,-25.203125,OpenStreetMap via osmdata,cabo verde | NA,NA,NA,NA,NA,NA,NA,NA,NA,NA,NA,NA,NA,NA,NA,NA,NA,NA,NA,NA,NA,NA,NA,NA,NA,NA,NA,NA,NA,NA,NA,NA,NA,NA,NA,NA,NA,NA,NA,NA
Cabo Verde,CPV,Western Africa RCC,NA,NA,points,4311515862,17.1233458,-25.2030566,OpenStreetMap via osmdata,cabo verde | NA,NA,NA,NA,NA,NA,NA,NA,NA,NA,NA,NA,NA,NA,NA,NA,NA,NA,NA,NA,NA,NA,NA,NA,NA,NA,NA,NA,NA,NA,NA,NA,NA,NA,NA,NA,NA,NA,NA,NA
Cabo Verde,CPV,Western Africa RCC,NA,NA,points,4311515864,17.1234267,-25.203125,OpenStreetMap via osmdata,cabo verde | NA,NA,NA,NA,NA,NA,NA,NA,NA,NA,NA,NA,NA,NA,NA,NA,NA,NA,NA,NA,NA,NA,NA,NA,NA,NA,NA,NA,NA,NA,NA,NA,NA,NA,NA,NA,NA,NA,NA,NA
Cabo Verde,CPV,Western Africa RCC,NA,NA,points,4311515865,17.123484,-25.2030555,OpenStreetMap via osmdata,cabo verde | NA,NA,NA,NA,NA,NA,NA,NA,NA,NA,NA,NA,NA,NA,NA,NA,NA,NA,NA,NA,NA,NA,NA,NA,NA,NA,NA,NA,NA,NA,NA,NA,NA,NA,NA,NA,NA,NA,NA,NA
Cabo Verde,CPV,Western Africa RCC,NA,NA,points,4311515866,17.1235307,-25.2029643,OpenStreetMap via osmdata,cabo verde | NA,NA,NA,NA,NA,NA,NA,NA,NA,NA,NA,NA,NA,NA,NA,NA,NA,NA,NA,NA,NA,NA,NA,NA,NA,NA,NA,NA,NA,NA,NA,NA,NA,NA,NA,NA,NA,NA,NA,NA
Cabo Verde,CPV,Western Africa RCC,NA,NA,points,4311515867,17.1235307,-25.202909,OpenStreetMap via osmdata,cabo verde | NA,NA,NA,NA,NA,NA,NA,NA,NA,NA,NA,NA,NA,NA,NA,NA,NA,NA,NA,NA,NA,NA,NA,NA,NA,NA,NA,NA,NA,NA,NA,NA,NA,NA,NA,NA,NA,NA,NA,NA
Cabo Verde,CPV,Western Africa RCC,NA,NA,points,4311515868,17.1235058,-25.2028797,OpenStreetMap via osmdata,cabo verde | NA,NA,NA,NA,NA,NA,NA,NA,NA,NA,NA,NA,NA,NA,NA,NA,NA,NA,NA,NA,NA,NA,NA,NA,NA,NA,NA,NA,NA,NA,NA,NA,NA,NA,NA,NA,NA,NA,NA,NA
Cabo Verde,CPV,Western Africa RCC,NA,NA,points,4311515869,17.123456,-25.2028797,OpenStreetMap via osmdata,cabo verde | NA,NA,NA,NA,NA,NA,NA,NA,NA,NA,NA,NA,NA,NA,NA,NA,NA,NA,NA,NA,NA,NA,NA,NA,NA,NA,NA,NA,NA,NA,NA,NA,NA,NA,NA,NA,NA,NA,NA,NA
Cabo Verde,CPV,Western Africa RCC,NA,hospital,points,4313356978,17.1234332,-25.2029922,OpenStreetMap via osmdata,cabo verde | NA,NA,NA,NA,NA,hospital,NA,NA,NA,NA,NA,NA,NA,NA,NA,NA,NA,NA,NA,NA,NA,NA,NA,NA,NA,NA,NA,NA,NA,NA,NA,NA,NA,NA,NA,NA,NA,NA,NA,NA
Cabo Verde,CPV,Western Africa RCC,NA,NA,points,4317923498,16.8247226,-25.0605831,OpenStreetMap via osmdata,cabo verde | NA,NA,NA,NA,NA,NA,NA,NA,NA,NA,NA,NA,NA,NA,NA,NA,NA,NA,NA,NA,NA,NA,NA,NA,NA,NA,NA,NA,NA,NA,NA,NA,NA,NA,NA,NA,NA,NA,NA,NA
Cabo Verde,CPV,Western Africa RCC,NA,NA,points,4317923501,16.8245113,-25.0603574,OpenStreetMap via osmdata,cabo verde | NA,NA,NA,NA,NA,NA,NA,NA,NA,NA,NA,NA,NA,NA,NA,NA,NA,NA,NA,NA,NA,NA,NA,NA,NA,NA,NA,NA,NA,NA,NA,NA,NA,NA,NA,NA,NA,NA,NA,NA
Cabo Verde,CPV,Western Africa RCC,NA,NA,points,4317923504,16.8244824,-25.060387,OpenStreetMap via osmdata,cabo verde | NA,NA,NA,NA,NA,NA,NA,NA,NA,NA,NA,NA,NA,NA,NA,NA,NA,NA,NA,NA,NA,NA,NA,NA,NA,NA,NA,NA,NA,NA,NA,NA,NA,NA,NA,NA,NA,NA,NA,NA
Cabo Verde,CPV,Western Africa RCC,NA,NA,points,4317923505,16.8246086,-25.0602237,OpenStreetMap via osmdata,cabo verde | NA,NA,NA,NA,NA,NA,NA,NA,NA,NA,NA,NA,NA,NA,NA,NA,NA,NA,NA,NA,NA,NA,NA,NA,NA,NA,NA,NA,NA,NA,NA,NA,NA,NA,NA,NA,NA,NA,NA,NA
Cabo Verde,CPV,Western Africa RCC,NA,NA,points,4317923506,16.8247668,-25.0603927,OpenStreetMap via osmdata,cabo verde | NA,NA,NA,NA,NA,NA,NA,NA,NA,NA,NA,NA,NA,NA,NA,NA,NA,NA,NA,NA,NA,NA,NA,NA,NA,NA,NA,NA,NA,NA,NA,NA,NA,NA,NA,NA,NA,NA,NA,NA
Cabo Verde,CPV,Western Africa RCC,NA,NA,points,4317923507,16.8247505,-25.0604093,OpenStreetMap via osmdata,cabo verde | NA,NA,NA,NA,NA,NA,NA,NA,NA,NA,NA,NA,NA,NA,NA,NA,NA,NA,NA,NA,NA,NA,NA,NA,NA,NA,NA,NA,NA,NA,NA,NA,NA,NA,NA,NA,NA,NA,NA,NA
Cabo Verde,CPV,Western Africa RCC,NA,NA,points,4317923508,16.8247806,-25.0604414,OpenStreetMap via osmdata,cabo verde | NA,NA,NA,NA,NA,NA,NA,NA,NA,NA,NA,NA,NA,NA,NA,NA,NA,NA,NA,NA,NA,NA,NA,NA,NA,NA,NA,NA,NA,NA,NA,NA,NA,NA,NA,NA,NA,NA,NA,NA
Cabo Verde,CPV,Western Africa RCC,NA,NA,points,4317923509,16.8247559,-25.0604666,OpenStreetMap via osmdata,cabo verde | NA,NA,NA,NA,NA,NA,NA,NA,NA,NA,NA,NA,NA,NA,NA,NA,NA,NA,NA,NA,NA,NA,NA,NA,NA,NA,NA,NA,NA,NA,NA,NA,NA,NA,NA,NA,NA,NA,NA,NA
Cabo Verde,CPV,Western Africa RCC,NA,NA,points,4317923510,16.8247954,-25.0605087,OpenStreetMap via osmdata,cabo verde | NA,NA,NA,NA,NA,NA,NA,NA,NA,NA,NA,NA,NA,NA,NA,NA,NA,NA,NA,NA,NA,NA,NA,NA,NA,NA,NA,NA,NA,NA,NA,NA,NA,NA,NA,NA,NA,NA,NA,NA
Cabo Verde,CPV,Western Africa RCC,Unidade Sanitária de Base,hospital,points,4596256400,17.1024408,-25.0363655,OpenStreetMap via osmdata,cabo verde | unidade sanit ria de base,Unidade Sanitária de Base,NA,NA,NA,hospital,NA,NA,NA,NA,NA,NA,NA,NA,NA,NA,NA,NA,NA,NA,NA,NA,NA,NA,NA,NA,NA,NA,NA,NA,NA,NA,NA,NA,NA,NA,NA,NA,NA,unidade sanit ria de base
Cabo Verde,CPV,Western Africa RCC,NA,NA,points,4625950332,17.1243003,-25.1611618,OpenStreetMap via osmdata,cabo verde | NA,NA,NA,NA,NA,NA,NA,NA,NA,NA,NA,NA,NA,NA,NA,NA,NA,NA,NA,NA,NA,NA,NA,NA,NA,NA,NA,NA,NA,NA,NA,NA,NA,NA,NA,NA,NA,NA,NA,NA
Cabo Verde,CPV,Western Africa RCC,NA,NA,points,4625950333,17.1242441,-25.1611896,OpenStreetMap via osmdata,cabo verde | NA,NA,NA,NA,NA,NA,NA,NA,NA,NA,NA,NA,NA,NA,NA,NA,NA,NA,NA,NA,NA,NA,NA,NA,NA,NA,NA,NA,NA,NA,NA,NA,NA,NA,NA,NA,NA,NA,NA,NA
Cabo Verde,CPV,Western Africa RCC,NA,NA,points,4625950334,17.1242519,-25.161214,OpenStreetMap via osmdata,cabo verde | NA,NA,NA,NA,NA,NA,NA,NA,NA,NA,NA,NA,NA,NA,NA,NA,NA,NA,NA,NA,NA,NA,NA,NA,NA,NA,NA,NA,NA,NA,NA,NA,NA,NA,NA,NA,NA,NA,NA,NA
Cabo Verde,CPV,Western Africa RCC,NA,NA,points,4625950335,17.1242254,-25.161232,OpenStreetMap via osmdata,cabo verde | NA,NA,NA,NA,NA,NA,NA,NA,NA,NA,NA,NA,NA,NA,NA,NA,NA,NA,NA,NA,NA,NA,NA,NA,NA,NA,NA,NA,NA,NA,NA,NA,NA,NA,NA,NA,NA,NA,NA,NA
Cabo Verde,CPV,Western Africa RCC,NA,NA,points,4625950336,17.1241787,-25.1611456,OpenStreetMap via osmdata,cabo verde | NA,NA,NA,NA,NA,NA,NA,NA,NA,NA,NA,NA,NA,NA,NA,NA,NA,NA,NA,NA,NA,NA,NA,NA,NA,NA,NA,NA,NA,NA,NA,NA,NA,NA,NA,NA,NA,NA,NA,NA
Cabo Verde,CPV,Western Africa RCC,NA,NA,points,4625950337,17.1242021,-25.161131,OpenStreetMap via osmdata,cabo verde | NA,NA,NA,NA,NA,NA,NA,NA,NA,NA,NA,NA,NA,NA,NA,NA,NA,NA,NA,NA,NA,NA,NA,NA,NA,NA,NA,NA,NA,NA,NA,NA,NA,NA,NA,NA,NA,NA,NA,NA
Cabo Verde,CPV,Western Africa RCC,NA,NA,points,4625950338,17.1241974,-25.1611098,OpenStreetMap via osmdata,cabo verde | NA,NA,NA,NA,NA,NA,NA,NA,NA,NA,NA,NA,NA,NA,NA,NA,NA,NA,NA,NA,NA,NA,NA,NA,NA,NA,NA,NA,NA,NA,NA,NA,NA,NA,NA,NA,NA,NA,NA,NA
Cabo Verde,CPV,Western Africa RCC,NA,NA,points,4625950339,17.1242214,-25.1610787,OpenStreetMap via osmdata,cabo verde | NA,NA,NA,NA,NA,NA,NA,NA,NA,NA,NA,NA,NA,NA,NA,NA,NA,NA,NA,NA,NA,NA,NA,NA,NA,NA,NA,NA,NA,NA,NA,NA,NA,NA,NA,NA,NA,NA,NA,NA
Cabo Verde,CPV,Western Africa RCC,NA,clinic,points,4719224328,16.1266801,-22.8896041,OpenStreetMap via osmdata,cabo verde | NA,NA,NA,NA,NA,clinic,NA,NA,NA,NA,NA,NA,NA,NA,NA,NA,clinic,NA,NA,NA,NA,NA,NA,NA,NA,NA,NA,NA,NA,NA,NA,NA,NA,NA,NA,NA,NA,NA,NA,NA
Cabo Verde,CPV,Western Africa RCC,NA,NA,points,4721675785,15.1376234,-23.7598284,OpenStreetMap via osmdata,cabo verde | NA,NA,NA,NA,NA,NA,NA,NA,NA,NA,NA,NA,NA,NA,NA,NA,NA,NA,NA,NA,NA,NA,NA,NA,NA,NA,NA,NA,NA,NA,NA,NA,NA,NA,NA,NA,NA,NA,NA,NA
Cabo Verde,CPV,Western Africa RCC,NA,NA,points,4721675786,15.1376234,-23.7597438,OpenStreetMap via osmdata,cabo verde | NA,NA,NA,NA,NA,NA,NA,NA,NA,NA,NA,NA,NA,NA,NA,NA,NA,NA,NA,NA,NA,NA,NA,NA,NA,NA,NA,NA,NA,NA,NA,NA,NA,NA,NA,NA,NA,NA,NA,NA
Cabo Verde,CPV,Western Africa RCC,NA,NA,points,4721675787,15.1373562,-23.7597405,OpenStreetMap via osmdata,cabo verde | NA,NA,NA,NA,NA,NA,NA,NA,NA,NA,NA,NA,NA,NA,NA,NA,NA,NA,NA,NA,NA,NA,NA,NA,NA,NA,NA,NA,NA,NA,NA,NA,NA,NA,NA,NA,NA,NA,NA,NA
Cabo Verde,CPV,Western Africa RCC,NA,NA,points,4721675788,15.1373562,-23.7598219,OpenStreetMap via osmdata,cabo verde | NA,NA,NA,NA,NA,NA,NA,NA,NA,NA,NA,NA,NA,NA,NA,NA,NA,NA,NA,NA,NA,NA,NA,NA,NA,NA,NA,NA,NA,NA,NA,NA,NA,NA,NA,NA,NA,NA,NA,NA
Cabo Verde,CPV,Western Africa RCC,Posto de Saúde de Ribeira da Barca,hospital,points,4721884199,15.1373826,-23.7595145,OpenStreetMap via osmdata,cabo verde | posto de sa de de ribeira da barca,Posto de Saúde de Ribeira da Barca,NA,NA,NA,hospital,NA,NA,NA,NA,NA,NA,NA,NA,NA,NA,centre,NA,NA,NA,NA,NA,NA,NA,NA,NA,NA,NA,NA,NA,NA,NA,NA,NA,NA,NA,NA,NA,NA,posto de sa de de ribeira da barca
Cabo Verde,CPV,Western Africa RCC,NA,NA,points,4742693887,16.8852544,-24.9849642,OpenStreetMap via osmdata,cabo verde | NA,NA,NA,NA,NA,NA,NA,NA,NA,NA,NA,NA,NA,NA,NA,NA,NA,NA,NA,NA,NA,NA,NA,NA,NA,NA,NA,NA,NA,NA,NA,NA,NA,NA,NA,NA,NA,NA,NA,NA
Cabo Verde,CPV,Western Africa RCC,NA,NA,points,4742693915,16.8841653,-24.9846594,OpenStreetMap via osmdata,cabo verde | NA,NA,NA,NA,NA,NA,NA,NA,NA,NA,NA,NA,NA,NA,NA,NA,NA,NA,NA,NA,NA,NA,NA,NA,NA,NA,NA,NA,NA,NA,NA,NA,NA,NA,NA,NA,NA,NA,NA,NA
Cabo Verde,CPV,Western Africa RCC,NA,NA,points,4755014242,16.8928218,-24.9867031,OpenStreetMap via osmdata,cabo verde | NA,NA,NA,NA,NA,NA,NA,NA,NA,NA,NA,NA,NA,NA,NA,NA,NA,NA,NA,NA,NA,NA,NA,NA,NA,NA,NA,NA,NA,NA,NA,NA,NA,NA,NA,NA,NA,NA,NA,NA
Cabo Verde,CPV,Western Africa RCC,NA,NA,points,4755014243,16.8925089,-24.9867694,OpenStreetMap via osmdata,cabo verde | NA,NA,NA,NA,NA,NA,NA,NA,NA,NA,NA,NA,NA,NA,NA,NA,NA,NA,NA,NA,NA,NA,NA,NA,NA,NA,NA,NA,NA,NA,NA,NA,NA,NA,NA,NA,NA,NA,NA,NA
Cabo Verde,CPV,Western Africa RCC,NA,NA,points,4755014244,16.8924476,-24.9866081,OpenStreetMap via osmdata,cabo verde | NA,NA,NA,NA,NA,NA,NA,NA,NA,NA,NA,NA,NA,NA,NA,NA,NA,NA,NA,NA,NA,NA,NA,NA,NA,NA,NA,NA,NA,NA,NA,NA,NA,NA,NA,NA,NA,NA,NA,NA
Cabo Verde,CPV,Western Africa RCC,NA,NA,points,4755014245,16.8925491,-24.9865264,OpenStreetMap via osmdata,cabo verde | NA,NA,NA,NA,NA,NA,NA,NA,NA,NA,NA,NA,NA,NA,NA,NA,NA,NA,NA,NA,NA,NA,NA,NA,NA,NA,NA,NA,NA,NA,NA,NA,NA,NA,NA,NA,NA,NA,NA,NA
Cabo Verde,CPV,Western Africa RCC,NA,NA,points,4755014246,16.8927499,-24.9864424,OpenStreetMap via osmdata,cabo verde | NA,NA,NA,NA,NA,NA,NA,NA,NA,NA,NA,NA,NA,NA,NA,NA,NA,NA,NA,NA,NA,NA,NA,NA,NA,NA,NA,NA,NA,NA,NA,NA,NA,NA,NA,NA,NA,NA,NA,NA
Cabo Verde,CPV,Western Africa RCC,NA,NA,points,4756269017,16.8850673,-24.9842038,OpenStreetMap via osmdata,cabo verde | NA,NA,NA,NA,NA,NA,NA,NA,NA,NA,NA,NA,NA,NA,NA,NA,NA,NA,NA,NA,NA,NA,NA,NA,NA,NA,NA,NA,NA,NA,NA,NA,NA,NA,NA,NA,NA,NA,NA,NA
Cabo Verde,CPV,Western Africa RCC,NA,NA,points,4756271838,16.8842746,-24.9859733,OpenStreetMap via osmdata,cabo verde | NA,NA,NA,NA,NA,NA,NA,NA,NA,NA,NA,NA,NA,NA,NA,NA,NA,NA,NA,NA,NA,NA,NA,NA,NA,NA,NA,NA,NA,NA,NA,NA,NA,NA,NA,NA,NA,NA,NA,NA
Cabo Verde,CPV,Western Africa RCC,NA,NA,points,4756271859,16.8837449,-24.9856748,OpenStreetMap via osmdata,cabo verde | NA,NA,NA,NA,NA,NA,NA,NA,NA,NA,NA,NA,NA,NA,NA,NA,NA,NA,NA,NA,NA,NA,NA,NA,NA,NA,NA,NA,NA,NA,NA,NA,NA,NA,NA,NA,NA,NA,NA,NA
Cabo Verde,CPV,Western Africa RCC,NA,NA,points,4756271860,16.8837941,-24.9856926,OpenStreetMap via osmdata,cabo verde | NA,NA,NA,NA,NA,NA,NA,NA,NA,NA,NA,NA,NA,NA,NA,NA,NA,NA,NA,NA,NA,NA,NA,NA,NA,NA,NA,NA,NA,NA,NA,NA,NA,NA,NA,NA,NA,NA,NA,NA
Cabo Verde,CPV,Western Africa RCC,Farmácia Avenida De Holanda,pharmacy,points,4764803810,16.8797455,-24.9857061,OpenStreetMap via osmdata,cabo verde | farm cia avenida de holanda,Farmácia Avenida De Holanda,NA,NA,NA,pharmacy,NA,NA,NA,NA,NA,NA,NA,NA,NA,NA,pharmacy,NA,NA,NA,NA,NA,NA,NA,NA,NA,NA,NA,NA,NA,NA,NA,NA,NA,NA,NA,NA,NA,NA,farm cia avenida de holanda
Cabo Verde,CPV,Western Africa RCC,NA,NA,points,4779706321,16.8852501,-24.9849265,OpenStreetMap via osmdata,cabo verde | NA,NA,NA,NA,NA,NA,NA,NA,NA,NA,NA,NA,NA,NA,NA,NA,NA,NA,NA,NA,NA,NA,NA,NA,NA,NA,NA,NA,NA,NA,NA,NA,NA,NA,NA,NA,NA,NA,NA,NA
Cabo Verde,CPV,Western Africa RCC,NA,NA,points,4779706322,16.8843798,-24.9844164,OpenStreetMap via osmdata,cabo verde | NA,NA,NA,NA,NA,NA,NA,NA,NA,NA,NA,NA,NA,NA,NA,NA,NA,NA,NA,NA,NA,NA,NA,NA,NA,NA,NA,NA,NA,NA,NA,NA,NA,NA,NA,NA,NA,NA,NA,NA
Cabo Verde,CPV,Western Africa RCC,NA,NA,points,4779706323,16.8842474,-24.9845943,OpenStreetMap via osmdata,cabo verde | NA,NA,NA,NA,NA,NA,NA,NA,NA,NA,NA,NA,NA,NA,NA,NA,NA,NA,NA,NA,NA,NA,NA,NA,NA,NA,NA,NA,NA,NA,NA,NA,NA,NA,NA,NA,NA,NA,NA,NA
Cabo Verde,CPV,Western Africa RCC,Centro de Saude,clinic,points,4820225962,17.0177637,-25.1657626,OpenStreetMap via osmdata,cabo verde | centro de saude,Centro de Saude,NA,NA,NA,clinic,NA,NA,NA,NA,NA,NA,NA,NA,NA,NA,NA,NA,NA,NA,NA,NA,NA,NA,NA,NA,NA,NA,NA,NA,NA,NA,NA,NA,NA,NA,NA,NA,NA,centro de saude
Cabo Verde,CPV,Western Africa RCC,Farmácia Gabi,pharmacy,points,4841652923,16.6147716,-24.300305,OpenStreetMap via osmdata,cabo verde | farm cia gabi,Farmácia Gabi,NA,NA,NA,pharmacy,NA,NA,NA,NA,NA,NA,NA,NA,NA,NA,pharmacy,NA,NA,NA,NA,NA,Farmacia Gabi,NA,Farmácia Gabi,NA,NA,NA,NA,NA,NA,2351173,NA,NA,NA,NA,NA,NA,NA,farm cia gabi
Cabo Verde,CPV,Western Africa RCC,Enfermaria Regional de São Nicolau,hospital,points,4841694321,16.6147636,-24.2987517,OpenStreetMap via osmdata,cabo verde | enfermaria regional de s o nicolau,Enfermaria Regional de São Nicolau,NA,NA,NA,hospital,NA,NA,NA,NA,NA,NA,NA,NA,NA,NA,hospital,NA,NA,NA,NA,NA,Enfermería Regional de Sao Nicolau,NA,Enfermaria Regional de São Nicolau,NA,NA,NA,NA,NA,NA,NA,NA,NA,NA,NA,NA,NA,NA,enfermaria regional de s o nicolau
Cabo Verde,CPV,Western Africa RCC,X-eco,clinic,points,4862005623,16.7538752,-22.9327655,OpenStreetMap via osmdata,cabo verde | x eco,X-eco,NA,Rua do Liceu,NA,clinic,NA,NA,NA,NA,NA,NA,NA,NA,NA,NA,clinic,NA,NA,NA,NA,NA,NA,NA,NA,NA,"Mo-Fr 08:30-12:00, 15:00-17:30; Sa-Su 10:00-16:00",NA,NA,NA,NA,983 43 45,NA,NA,NA,NA,NA,NA,NA,x eco
Cabo Verde,CPV,Western Africa RCC,NA,NA,points,5158135277,16.1740625,-22.9117795,OpenStreetMap via osmdata,cabo verde | NA,NA,NA,NA,NA,NA,NA,NA,NA,NA,NA,NA,NA,NA,NA,NA,NA,NA,NA,NA,NA,NA,NA,NA,NA,NA,NA,NA,NA,NA,NA,NA,NA,NA,NA,NA,NA,NA,NA,NA
Cabo Verde,CPV,Western Africa RCC,NA,NA,points,5158135278,16.1746087,-22.9114696,OpenStreetMap via osmdata,cabo verde | NA,NA,NA,NA,NA,NA,NA,NA,NA,NA,NA,NA,NA,NA,NA,NA,NA,NA,NA,NA,NA,NA,NA,NA,NA,NA,NA,NA,NA,NA,NA,NA,NA,NA,NA,NA,NA,NA,NA,NA
Cabo Verde,CPV,Western Africa RCC,NA,NA,points,5158135279,16.1741686,-22.9106288,OpenStreetMap via osmdata,cabo verde | NA,NA,NA,NA,NA,NA,NA,NA,NA,NA,NA,NA,NA,NA,NA,NA,NA,NA,NA,NA,NA,NA,NA,NA,NA,NA,NA,NA,NA,NA,NA,NA,NA,NA,NA,NA,NA,NA,NA,NA
Cabo Verde,CPV,Western Africa RCC,NA,NA,points,5158135280,16.1736224,-22.9109387,OpenStreetMap via osmdata,cabo verde | NA,NA,NA,NA,NA,NA,NA,NA,NA,NA,NA,NA,NA,NA,NA,NA,NA,NA,NA,NA,NA,NA,NA,NA,NA,NA,NA,NA,NA,NA,NA,NA,NA,NA,NA,NA,NA,NA,NA,NA
Cabo Verde,CPV,Western Africa RCC,NA,NA,points,5165551780,14.8863659,-24.4963191,OpenStreetMap via osmdata,cabo verde | NA,NA,NA,NA,NA,NA,NA,NA,NA,NA,NA,NA,NA,NA,NA,NA,NA,NA,NA,NA,NA,NA,NA,NA,NA,NA,NA,NA,NA,NA,NA,NA,NA,NA,NA,NA,NA,NA,NA,NA
Cabo Verde,CPV,Western Africa RCC,NA,NA,points,5179261500,16.7550721,-22.9440352,OpenStreetMap via osmdata,cabo verde | NA,NA,NA,NA,NA,NA,NA,NA,NA,NA,NA,NA,NA,NA,NA,NA,NA,NA,NA,NA,NA,NA,NA,NA,NA,NA,NA,NA,NA,NA,NA,NA,NA,NA,NA,NA,NA,NA,NA,NA
Cabo Verde,CPV,Western Africa RCC,NA,NA,points,5179261504,16.7550789,-22.9441265,OpenStreetMap via osmdata,cabo verde | NA,NA,NA,NA,NA,NA,NA,NA,NA,NA,NA,NA,NA,NA,NA,NA,NA,NA,NA,NA,NA,NA,NA,NA,NA,NA,NA,NA,NA,NA,NA,NA,NA,NA,NA,NA,NA,NA,NA,NA
Cabo Verde,CPV,Western Africa RCC,NA,NA,points,5179261823,16.7547876,-22.9441502,OpenStreetMap via osmdata,cabo verde | NA,NA,NA,NA,NA,NA,NA,NA,NA,NA,NA,NA,NA,NA,NA,NA,NA,NA,NA,NA,NA,NA,NA,NA,NA,NA,NA,NA,NA,NA,NA,NA,NA,NA,NA,NA,NA,NA,NA,NA
Cabo Verde,CPV,Western Africa RCC,NA,NA,points,5179261940,16.7547807,-22.9440589,OpenStreetMap via osmdata,cabo verde | NA,NA,NA,NA,NA,NA,NA,NA,NA,NA,NA,NA,NA,NA,NA,NA,NA,NA,NA,NA,NA,NA,NA,NA,NA,NA,NA,NA,NA,NA,NA,NA,NA,NA,NA,NA,NA,NA,NA,NA
Cabo Verde,CPV,Western Africa RCC,NA,NA,points,5199445629,15.142821,-23.2105433,OpenStreetMap via osmdata,cabo verde | NA,NA,NA,NA,NA,NA,NA,NA,NA,NA,NA,NA,NA,NA,NA,NA,NA,NA,NA,NA,NA,NA,NA,NA,NA,NA,NA,NA,NA,NA,NA,NA,NA,NA,NA,NA,NA,NA,NA,NA
Cabo Verde,CPV,Western Africa RCC,NA,NA,points,5199445630,15.1427348,-23.2099333,OpenStreetMap via osmdata,cabo verde | NA,NA,NA,NA,NA,NA,NA,NA,NA,NA,NA,NA,NA,NA,NA,NA,NA,NA,NA,NA,NA,NA,NA,NA,NA,NA,NA,NA,NA,NA,NA,NA,NA,NA,NA,NA,NA,NA,NA,NA
Cabo Verde,CPV,Western Africa RCC,NA,NA,points,5199445635,15.1420831,-23.2100207,OpenStreetMap via osmdata,cabo verde | NA,NA,NA,NA,NA,NA,NA,NA,NA,NA,NA,NA,NA,NA,NA,NA,NA,NA,NA,NA,NA,NA,NA,NA,NA,NA,NA,NA,NA,NA,NA,NA,NA,NA,NA,NA,NA,NA,NA,NA
Cabo Verde,CPV,Western Africa RCC,NA,NA,points,5199445636,15.1421908,-23.2107814,OpenStreetMap via osmdata,cabo verde | NA,NA,NA,NA,NA,NA,NA,NA,NA,NA,NA,NA,NA,NA,NA,NA,NA,NA,NA,NA,NA,NA,NA,NA,NA,NA,NA,NA,NA,NA,NA,NA,NA,NA,NA,NA,NA,NA,NA,NA
Cabo Verde,CPV,Western Africa RCC,NA,NA,points,5199464745,15.1393383,-23.2126672,OpenStreetMap via osmdata,cabo verde | NA,NA,NA,NA,NA,NA,NA,NA,NA,NA,NA,NA,NA,NA,NA,NA,NA,NA,NA,NA,NA,NA,NA,NA,NA,NA,NA,NA,NA,NA,NA,NA,NA,NA,NA,NA,NA,NA,NA,NA
Cabo Verde,CPV,Western Africa RCC,NA,NA,points,5199464746,15.1394742,-23.21266,OpenStreetMap via osmdata,cabo verde | NA,NA,NA,NA,NA,NA,NA,NA,NA,NA,NA,NA,NA,NA,NA,NA,NA,NA,NA,NA,NA,NA,NA,NA,NA,NA,NA,NA,NA,NA,NA,NA,NA,NA,NA,NA,NA,NA,NA,NA
Cabo Verde,CPV,Western Africa RCC,NA,NA,points,5199464747,15.1394656,-23.2124852,OpenStreetMap via osmdata,cabo verde | NA,NA,NA,NA,NA,NA,NA,NA,NA,NA,NA,NA,NA,NA,NA,NA,NA,NA,NA,NA,NA,NA,NA,NA,NA,NA,NA,NA,NA,NA,NA,NA,NA,NA,NA,NA,NA,NA,NA,NA
Cabo Verde,CPV,Western Africa RCC,NA,NA,points,5199464748,15.1393315,-23.2124923,OpenStreetMap via osmdata,cabo verde | NA,NA,NA,NA,NA,NA,NA,NA,NA,NA,NA,NA,NA,NA,NA,NA,NA,NA,NA,NA,NA,NA,NA,NA,NA,NA,NA,NA,NA,NA,NA,NA,NA,NA,NA,NA,NA,NA,NA,NA
Cabo Verde,CPV,Western Africa RCC,NA,NA,points,5199464749,15.1393336,-23.2125356,OpenStreetMap via osmdata,cabo verde | NA,NA,NA,NA,NA,NA,NA,NA,NA,NA,NA,NA,NA,NA,NA,NA,NA,NA,NA,NA,NA,NA,NA,NA,NA,NA,NA,NA,NA,NA,NA,NA,NA,NA,NA,NA,NA,NA,NA,NA
Cabo Verde,CPV,Western Africa RCC,NA,NA,points,5199464750,15.1393809,-23.2125331,OpenStreetMap via osmdata,cabo verde | NA,NA,NA,NA,NA,NA,NA,NA,NA,NA,NA,NA,NA,NA,NA,NA,NA,NA,NA,NA,NA,NA,NA,NA,NA,NA,NA,NA,NA,NA,NA,NA,NA,NA,NA,NA,NA,NA,NA,NA
Cabo Verde,CPV,Western Africa RCC,NA,NA,points,5199464751,15.1393845,-23.212606,OpenStreetMap via osmdata,cabo verde | NA,NA,NA,NA,NA,NA,NA,NA,NA,NA,NA,NA,NA,NA,NA,NA,NA,NA,NA,NA,NA,NA,NA,NA,NA,NA,NA,NA,NA,NA,NA,NA,NA,NA,NA,NA,NA,NA,NA,NA
Cabo Verde,CPV,Western Africa RCC,NA,NA,points,5199464752,15.1393354,-23.2126086,OpenStreetMap via osmdata,cabo verde | NA,NA,NA,NA,NA,NA,NA,NA,NA,NA,NA,NA,NA,NA,NA,NA,NA,NA,NA,NA,NA,NA,NA,NA,NA,NA,NA,NA,NA,NA,NA,NA,NA,NA,NA,NA,NA,NA,NA,NA
Cabo Verde,CPV,Western Africa RCC,NA,NA,points,5251730039,15.2290909,-23.2115824,OpenStreetMap via osmdata,cabo verde | NA,NA,NA,NA,NA,NA,NA,NA,NA,NA,NA,NA,NA,NA,NA,NA,NA,NA,NA,NA,NA,NA,NA,NA,NA,NA,NA,NA,NA,NA,NA,NA,NA,NA,NA,NA,NA,NA,NA,NA
Cabo Verde,CPV,Western Africa RCC,NA,NA,points,5251730040,15.2290658,-23.211482,OpenStreetMap via osmdata,cabo verde | NA,NA,NA,NA,NA,NA,NA,NA,NA,NA,NA,NA,NA,NA,NA,NA,NA,NA,NA,NA,NA,NA,NA,NA,NA,NA,NA,NA,NA,NA,NA,NA,NA,NA,NA,NA,NA,NA,NA,NA
Cabo Verde,CPV,Western Africa RCC,NA,NA,points,5251730041,15.2291959,-23.2114471,OpenStreetMap via osmdata,cabo verde | NA,NA,NA,NA,NA,NA,NA,NA,NA,NA,NA,NA,NA,NA,NA,NA,NA,NA,NA,NA,NA,NA,NA,NA,NA,NA,NA,NA,NA,NA,NA,NA,NA,NA,NA,NA,NA,NA,NA,NA
Cabo Verde,CPV,Western Africa RCC,NA,NA,points,5288152912,17.1070883,-25.2455473,OpenStreetMap via osmdata,cabo verde | NA,NA,NA,NA,NA,NA,NA,NA,NA,NA,NA,NA,NA,NA,NA,NA,NA,NA,NA,NA,NA,NA,NA,NA,NA,NA,NA,NA,NA,NA,NA,NA,NA,NA,NA,NA,NA,NA,NA,NA
Cabo Verde,CPV,Western Africa RCC,NA,NA,points,5288152913,17.1070767,-25.2454011,OpenStreetMap via osmdata,cabo verde | NA,NA,NA,NA,NA,NA,NA,NA,NA,NA,NA,NA,NA,NA,NA,NA,NA,NA,NA,NA,NA,NA,NA,NA,NA,NA,NA,NA,NA,NA,NA,NA,NA,NA,NA,NA,NA,NA,NA,NA
Cabo Verde,CPV,Western Africa RCC,NA,NA,points,5288152914,17.1070613,-25.2454011,OpenStreetMap via osmdata,cabo verde | NA,NA,NA,NA,NA,NA,NA,NA,NA,NA,NA,NA,NA,NA,NA,NA,NA,NA,NA,NA,NA,NA,NA,NA,NA,NA,NA,NA,NA,NA,NA,NA,NA,NA,NA,NA,NA,NA,NA,NA
Cabo Verde,CPV,Western Africa RCC,NA,NA,points,5288152915,17.1070575,-25.2453206,OpenStreetMap via osmdata,cabo verde | NA,NA,NA,NA,NA,NA,NA,NA,NA,NA,NA,NA,NA,NA,NA,NA,NA,NA,NA,NA,NA,NA,NA,NA,NA,NA,NA,NA,NA,NA,NA,NA,NA,NA,NA,NA,NA,NA,NA,NA
Cabo Verde,CPV,Western Africa RCC,NA,NA,points,5288152916,17.1070344,-25.2453206,OpenStreetMap via osmdata,cabo verde | NA,NA,NA,NA,NA,NA,NA,NA,NA,NA,NA,NA,NA,NA,NA,NA,NA,NA,NA,NA,NA,NA,NA,NA,NA,NA,NA,NA,NA,NA,NA,NA,NA,NA,NA,NA,NA,NA,NA,NA
Cabo Verde,CPV,Western Africa RCC,NA,NA,points,5288152917,17.1070255,-25.2452589,OpenStreetMap via osmdata,cabo verde | NA,NA,NA,NA,NA,NA,NA,NA,NA,NA,NA,NA,NA,NA,NA,NA,NA,NA,NA,NA,NA,NA,NA,NA,NA,NA,NA,NA,NA,NA,NA,NA,NA,NA,NA,NA,NA,NA,NA,NA
Cabo Verde,CPV,Western Africa RCC,NA,NA,points,5288152918,17.1069409,-25.2452724,OpenStreetMap via osmdata,cabo verde | NA,NA,NA,NA,NA,NA,NA,NA,NA,NA,NA,NA,NA,NA,NA,NA,NA,NA,NA,NA,NA,NA,NA,NA,NA,NA,NA,NA,NA,NA,NA,NA,NA,NA,NA,NA,NA,NA,NA,NA
Cabo Verde,CPV,Western Africa RCC,NA,NA,points,5288152919,17.1069409,-25.2453193,OpenStreetMap via osmdata,cabo verde | NA,NA,NA,NA,NA,NA,NA,NA,NA,NA,NA,NA,NA,NA,NA,NA,NA,NA,NA,NA,NA,NA,NA,NA,NA,NA,NA,NA,NA,NA,NA,NA,NA,NA,NA,NA,NA,NA,NA,NA
Cabo Verde,CPV,Western Africa RCC,NA,NA,points,5288152920,17.1069588,-25.245389,OpenStreetMap via osmdata,cabo verde | NA,NA,NA,NA,NA,NA,NA,NA,NA,NA,NA,NA,NA,NA,NA,NA,NA,NA,NA,NA,NA,NA,NA,NA,NA,NA,NA,NA,NA,NA,NA,NA,NA,NA,NA,NA,NA,NA,NA,NA
Cabo Verde,CPV,Western Africa RCC,NA,NA,points,5288155721,17.1069678,-25.2454601,OpenStreetMap via osmdata,cabo verde | NA,NA,NA,NA,NA,NA,NA,NA,NA,NA,NA,NA,NA,NA,NA,NA,NA,NA,NA,NA,NA,NA,NA,NA,NA,NA,NA,NA,NA,NA,NA,NA,NA,NA,NA,NA,NA,NA,NA,NA
Cabo Verde,CPV,Western Africa RCC,NA,NA,points,5288155722,17.1069742,-25.2455151,OpenStreetMap via osmdata,cabo verde | NA,NA,NA,NA,NA,NA,NA,NA,NA,NA,NA,NA,NA,NA,NA,NA,NA,NA,NA,NA,NA,NA,NA,NA,NA,NA,NA,NA,NA,NA,NA,NA,NA,NA,NA,NA,NA,NA,NA,NA
Cabo Verde,CPV,Western Africa RCC,NA,NA,points,5288155723,17.1069216,-25.2455285,OpenStreetMap via osmdata,cabo verde | NA,NA,NA,NA,NA,NA,NA,NA,NA,NA,NA,NA,NA,NA,NA,NA,NA,NA,NA,NA,NA,NA,NA,NA,NA,NA,NA,NA,NA,NA,NA,NA,NA,NA,NA,NA,NA,NA,NA,NA
Cabo Verde,CPV,Western Africa RCC,NA,NA,points,5288155724,17.1069332,-25.2455768,OpenStreetMap via osmdata,cabo verde | NA,NA,NA,NA,NA,NA,NA,NA,NA,NA,NA,NA,NA,NA,NA,NA,NA,NA,NA,NA,NA,NA,NA,NA,NA,NA,NA,NA,NA,NA,NA,NA,NA,NA,NA,NA,NA,NA,NA,NA
Cabo Verde,CPV,Western Africa RCC,NA,NA,points,5288155725,17.1069973,-25.2455661,OpenStreetMap via osmdata,cabo verde | NA,NA,NA,NA,NA,NA,NA,NA,NA,NA,NA,NA,NA,NA,NA,NA,NA,NA,NA,NA,NA,NA,NA,NA,NA,NA,NA,NA,NA,NA,NA,NA,NA,NA,NA,NA,NA,NA,NA,NA
Cabo Verde,CPV,Western Africa RCC,NA,NA,points,5288155726,17.1069934,-25.24555,OpenStreetMap via osmdata,cabo verde | NA,NA,NA,NA,NA,NA,NA,NA,NA,NA,NA,NA,NA,NA,NA,NA,NA,NA,NA,NA,NA,NA,NA,NA,NA,NA,NA,NA,NA,NA,NA,NA,NA,NA,NA,NA,NA,NA,NA,NA
Cabo Verde,CPV,Western Africa RCC,NA,NA,points,5288155727,17.1070383,-25.2455392,OpenStreetMap via osmdata,cabo verde | NA,NA,NA,NA,NA,NA,NA,NA,NA,NA,NA,NA,NA,NA,NA,NA,NA,NA,NA,NA,NA,NA,NA,NA,NA,NA,NA,NA,NA,NA,NA,NA,NA,NA,NA,NA,NA,NA,NA,NA
Cabo Verde,CPV,Western Africa RCC,NA,NA,points,5288155728,17.1070472,-25.2455513,OpenStreetMap via osmdata,cabo verde | NA,NA,NA,NA,NA,NA,NA,NA,NA,NA,NA,NA,NA,NA,NA,NA,NA,NA,NA,NA,NA,NA,NA,NA,NA,NA,NA,NA,NA,NA,NA,NA,NA,NA,NA,NA,NA,NA,NA,NA
Cabo Verde,CPV,Western Africa RCC,Centro de Saúde Ribeira da Cruz,clinic,points,5288173876,17.1069895,-25.2453114,OpenStreetMap via osmdata,cabo verde | centro de sa de ribeira da cruz,Centro de Saúde Ribeira da Cruz,NA,NA,NA,clinic,NA,NA,NA,NA,NA,NA,NA,NA,NA,NA,yes,NA,NA,NA,NA,NA,NA,NA,NA,NA,NA,NA,NA,NA,NA,NA,NA,NA,NA,NA,NA,NA,NA,centro de sa de ribeira da cruz
Cabo Verde,CPV,Western Africa RCC,Farmácia,pharmacy,points,5305126409,15.1365331,-23.2112657,OpenStreetMap via osmdata,cabo verde | farm cia,Farmácia,NA,NA,NA,pharmacy,NA,NA,NA,NA,NA,NA,NA,NA,NA,NA,pharmacy,NA,NA,NA,NA,NA,NA,NA,NA,NA,NA,NA,NA,NA,NA,NA,NA,NA,NA,NA,NA,NA,NA,farm cia
Cabo Verde,CPV,Western Africa RCC,"Posto Sanitário ""Entermaria Regional""",hospital,points,5305126414,15.1394676,-23.2125953,OpenStreetMap via osmdata,cabo verde | posto sanit rio entermaria regional,"Posto Sanitário ""Entermaria Regional""",NA,Avenida Amílcar Cabral,NA,hospital,NA,NA,NA,NA,NA,NA,NA,NA,NA,NA,hospital,NA,NA,NA,NA,NA,NA,NA,NA,NA,NA,NA,NA,NA,NA,NA,NA,NA,NA,NA,NA,NA,NA,posto sanit rio entermaria regional
Cabo Verde,CPV,Western Africa RCC,NA,NA,points,5305152514,15.1427307,-23.2107892,OpenStreetMap via osmdata,cabo verde | NA,NA,NA,NA,NA,NA,NA,NA,NA,NA,NA,NA,NA,NA,NA,NA,NA,NA,NA,NA,NA,NA,NA,NA,NA,NA,NA,NA,NA,NA,NA,NA,NA,NA,NA,NA,NA,NA,NA,NA
Cabo Verde,CPV,Western Africa RCC,NA,NA,points,5305152515,15.1427107,-23.2105702,OpenStreetMap via osmdata,cabo verde | NA,NA,NA,NA,NA,NA,NA,NA,NA,NA,NA,NA,NA,NA,NA,NA,NA,NA,NA,NA,NA,NA,NA,NA,NA,NA,NA,NA,NA,NA,NA,NA,NA,NA,NA,NA,NA,NA,NA,NA
Cabo Verde,CPV,Western Africa RCC,NA,NA,points,5306850285,15.2292209,-23.211547500000002,OpenStreetMap via osmdata,cabo verde | NA,NA,NA,NA,NA,NA,NA,NA,NA,NA,NA,NA,NA,NA,NA,NA,NA,NA,NA,NA,NA,NA,NA,NA,NA,NA,NA,NA,NA,NA,NA,NA,NA,NA,NA,NA,NA,NA,NA,NA
Cabo Verde,CPV,Western Africa RCC,Farmácia Porto Novo,pharmacy,points,5378019863,17.0196648,-25.0722708,OpenStreetMap via osmdata,cabo verde | farm cia porto novo,Farmácia Porto Novo,NA,NA,NA,pharmacy,NA,NA,NA,NA,NA,NA,NA,NA,NA,NA,pharmacy,NA,NA,NA,NA,NA,NA,NA,NA,NA,NA,NA,NA,NA,NA,NA,NA,NA,NA,NA,NA,NA,NA,farm cia porto novo
Cabo Verde,CPV,Western Africa RCC,Mindelo,pharmacy,points,5406078121,16.8904885,-24.986404,OpenStreetMap via osmdata,cabo verde | mindelo,Mindelo,NA,NA,NA,pharmacy,NA,NA,NA,NA,NA,NA,NA,NA,NA,NA,pharmacy,NA,NA,NA,NA,NA,NA,NA,NA,NA,NA,NA,NA,NA,NA,NA,NA,NA,NA,NA,NA,NA,NA,mindelo
Cabo Verde,CPV,Western Africa RCC,NA,NA,points,5426641535,14.8976569,-24.4985069,OpenStreetMap via osmdata,cabo verde | NA,NA,NA,NA,NA,NA,NA,NA,NA,NA,NA,NA,NA,NA,NA,NA,NA,NA,NA,NA,NA,NA,NA,NA,NA,NA,NA,NA,NA,NA,NA,NA,NA,NA,NA,NA,NA,NA,NA,NA
Cabo Verde,CPV,Western Africa RCC,MEDICENTRO  CLINICA,hospital,points,5649940421,16.8925253,-24.986631,OpenStreetMap via osmdata,cabo verde | medicentro clinica,MEDICENTRO  CLINICA,NA,NA,NA,hospital,NA,NA,NA,NA,NA,NA,NA,NA,NA,NA,hospital,NA,NA,NA,NA,NA,NA,NA,NA,NA,NA,NA,NA,NA,NA,NA,NA,NA,NA,NA,NA,NA,NA,medicentro clinica
Cabo Verde,CPV,Western Africa RCC,NA,NA,points,5701389218,17.1804623,-25.0646814,OpenStreetMap via osmdata,cabo verde | NA,NA,NA,NA,NA,NA,NA,NA,NA,NA,NA,NA,NA,NA,NA,NA,NA,NA,NA,NA,NA,NA,NA,NA,NA,NA,NA,NA,NA,NA,NA,NA,NA,NA,NA,NA,NA,NA,NA,NA
Cabo Verde,CPV,Western Africa RCC,NA,NA,points,5701389219,17.180459,-25.0646017,OpenStreetMap via osmdata,cabo verde | NA,NA,NA,NA,NA,NA,NA,NA,NA,NA,NA,NA,NA,NA,NA,NA,NA,NA,NA,NA,NA,NA,NA,NA,NA,NA,NA,NA,NA,NA,NA,NA,NA,NA,NA,NA,NA,NA,NA,NA
Cabo Verde,CPV,Western Africa RCC,NA,NA,points,5701389220,17.1803522,-25.0646065,OpenStreetMap via osmdata,cabo verde | NA,NA,NA,NA,NA,NA,NA,NA,NA,NA,NA,NA,NA,NA,NA,NA,NA,NA,NA,NA,NA,NA,NA,NA,NA,NA,NA,NA,NA,NA,NA,NA,NA,NA,NA,NA,NA,NA,NA,NA
Cabo Verde,CPV,Western Africa RCC,NA,NA,points,5701405521,17.1803454,-25.0644427,OpenStreetMap via osmdata,cabo verde | NA,NA,NA,NA,NA,NA,NA,NA,NA,NA,NA,NA,NA,NA,NA,NA,NA,NA,NA,NA,NA,NA,NA,NA,NA,NA,NA,NA,NA,NA,NA,NA,NA,NA,NA,NA,NA,NA,NA,NA
Cabo Verde,CPV,Western Africa RCC,NA,NA,points,5701405522,17.1801161,-25.064452,OpenStreetMap via osmdata,cabo verde | NA,NA,NA,NA,NA,NA,NA,NA,NA,NA,NA,NA,NA,NA,NA,NA,NA,NA,NA,NA,NA,NA,NA,NA,NA,NA,NA,NA,NA,NA,NA,NA,NA,NA,NA,NA,NA,NA,NA,NA
Cabo Verde,CPV,Western Africa RCC,NA,NA,points,5701405523,17.1799906,-25.0644577,OpenStreetMap via osmdata,cabo verde | NA,NA,NA,NA,NA,NA,NA,NA,NA,NA,NA,NA,NA,NA,NA,NA,NA,NA,NA,NA,NA,NA,NA,NA,NA,NA,NA,NA,NA,NA,NA,NA,NA,NA,NA,NA,NA,NA,NA,NA
Cabo Verde,CPV,Western Africa RCC,NA,NA,points,5701405525,17.179997,-25.0646139,OpenStreetMap via osmdata,cabo verde | NA,NA,NA,NA,NA,NA,NA,NA,NA,NA,NA,NA,NA,NA,NA,NA,NA,NA,NA,NA,NA,NA,NA,NA,NA,NA,NA,NA,NA,NA,NA,NA,NA,NA,NA,NA,NA,NA,NA,NA
Cabo Verde,CPV,Western Africa RCC,NA,NA,points,5701405526,17.1798525,-25.0646205,OpenStreetMap via osmdata,cabo verde | NA,NA,NA,NA,NA,NA,NA,NA,NA,NA,NA,NA,NA,NA,NA,NA,NA,NA,NA,NA,NA,NA,NA,NA,NA,NA,NA,NA,NA,NA,NA,NA,NA,NA,NA,NA,NA,NA,NA,NA
Cabo Verde,CPV,Western Africa RCC,NA,NA,points,5701405527,17.1798555,-25.0646953,OpenStreetMap via osmdata,cabo verde | NA,NA,NA,NA,NA,NA,NA,NA,NA,NA,NA,NA,NA,NA,NA,NA,NA,NA,NA,NA,NA,NA,NA,NA,NA,NA,NA,NA,NA,NA,NA,NA,NA,NA,NA,NA,NA,NA,NA,NA
Cabo Verde,CPV,Western Africa RCC,NA,NA,points,5701405528,17.1800485,-25.0646866,OpenStreetMap via osmdata,cabo verde | NA,NA,NA,NA,NA,NA,NA,NA,NA,NA,NA,NA,NA,NA,NA,NA,NA,NA,NA,NA,NA,NA,NA,NA,NA,NA,NA,NA,NA,NA,NA,NA,NA,NA,NA,NA,NA,NA,NA,NA
Cabo Verde,CPV,Western Africa RCC,NA,NA,points,5701405529,17.1800556,-25.064858,OpenStreetMap via osmdata,cabo verde | NA,NA,NA,NA,NA,NA,NA,NA,NA,NA,NA,NA,NA,NA,NA,NA,NA,NA,NA,NA,NA,NA,NA,NA,NA,NA,NA,NA,NA,NA,NA,NA,NA,NA,NA,NA,NA,NA,NA,NA
Cabo Verde,CPV,Western Africa RCC,NA,NA,points,5701405530,17.1802472,-25.0648493,OpenStreetMap via osmdata,cabo verde | NA,NA,NA,NA,NA,NA,NA,NA,NA,NA,NA,NA,NA,NA,NA,NA,NA,NA,NA,NA,NA,NA,NA,NA,NA,NA,NA,NA,NA,NA,NA,NA,NA,NA,NA,NA,NA,NA,NA,NA
Cabo Verde,CPV,Western Africa RCC,NA,NA,points,5701405531,17.1802406,-25.0646914,OpenStreetMap via osmdata,cabo verde | NA,NA,NA,NA,NA,NA,NA,NA,NA,NA,NA,NA,NA,NA,NA,NA,NA,NA,NA,NA,NA,NA,NA,NA,NA,NA,NA,NA,NA,NA,NA,NA,NA,NA,NA,NA,NA,NA,NA,NA
Cabo Verde,CPV,Western Africa RCC,Dra. Susana Mandl,dentist,points,5749746443,17.1822307,-25.0651091,OpenStreetMap via osmdata,cabo verde | dra susana mandl,Dra. Susana Mandl,NA,NA,NA,dentist,NA,NA,9932482,NA,NA,NA,NA,NA,NA,NA,dentist,NA,NA,NA,NA,NA,NA,NA,NA,NA,NA,NA,NA,NA,NA,2212114,NA,NA,NA,NA,NA,NA,NA,dra susana mandl
Cabo Verde,CPV,Western Africa RCC,NA,NA,points,5763566190,17.126356,-25.0477914,OpenStreetMap via osmdata,cabo verde | NA,NA,NA,NA,NA,NA,NA,NA,NA,NA,NA,NA,NA,NA,NA,NA,NA,NA,NA,NA,NA,NA,NA,NA,NA,NA,NA,NA,NA,NA,NA,NA,NA,NA,NA,NA,NA,NA,NA,NA
Cabo Verde,CPV,Western Africa RCC,NA,NA,points,5763566191,17.1263583,-25.0477295,OpenStreetMap via osmdata,cabo verde | NA,NA,NA,NA,NA,NA,NA,NA,NA,NA,NA,NA,NA,NA,NA,NA,NA,NA,NA,NA,NA,NA,NA,NA,NA,NA,NA,NA,NA,NA,NA,NA,NA,NA,NA,NA,NA,NA,NA,NA
Cabo Verde,CPV,Western Africa RCC,NA,NA,points,5763566192,17.1262578,-25.0477253,OpenStreetMap via osmdata,cabo verde | NA,NA,NA,NA,NA,NA,NA,NA,NA,NA,NA,NA,NA,NA,NA,NA,NA,NA,NA,NA,NA,NA,NA,NA,NA,NA,NA,NA,NA,NA,NA,NA,NA,NA,NA,NA,NA,NA,NA,NA
Cabo Verde,CPV,Western Africa RCC,NA,NA,points,5763566193,17.1262555,-25.0477872,OpenStreetMap via osmdata,cabo verde | NA,NA,NA,NA,NA,NA,NA,NA,NA,NA,NA,NA,NA,NA,NA,NA,NA,NA,NA,NA,NA,NA,NA,NA,NA,NA,NA,NA,NA,NA,NA,NA,NA,NA,NA,NA,NA,NA,NA,NA
Cabo Verde,CPV,Western Africa RCC,NA,NA,points,5840003075,16.9570806,-25.3108294,OpenStreetMap via osmdata,cabo verde | NA,NA,NA,NA,NA,NA,NA,NA,NA,NA,NA,NA,NA,NA,NA,NA,NA,NA,NA,NA,NA,NA,NA,NA,NA,NA,NA,NA,NA,NA,NA,NA,NA,NA,NA,NA,NA,NA,NA,NA
Cabo Verde,CPV,Western Africa RCC,NA,NA,points,5840003076,16.9570589,-25.3107443,OpenStreetMap via osmdata,cabo verde | NA,NA,NA,NA,NA,NA,NA,NA,NA,NA,NA,NA,NA,NA,NA,NA,NA,NA,NA,NA,NA,NA,NA,NA,NA,NA,NA,NA,NA,NA,NA,NA,NA,NA,NA,NA,NA,NA,NA,NA
Cabo Verde,CPV,Western Africa RCC,NA,NA,points,5840003077,16.956888,-25.3107812,OpenStreetMap via osmdata,cabo verde | NA,NA,NA,NA,NA,NA,NA,NA,NA,NA,NA,NA,NA,NA,NA,NA,NA,NA,NA,NA,NA,NA,NA,NA,NA,NA,NA,NA,NA,NA,NA,NA,NA,NA,NA,NA,NA,NA,NA,NA
Cabo Verde,CPV,Western Africa RCC,NA,NA,points,5840003078,16.9569152,-25.3108663,OpenStreetMap via osmdata,cabo verde | NA,NA,NA,NA,NA,NA,NA,NA,NA,NA,NA,NA,NA,NA,NA,NA,NA,NA,NA,NA,NA,NA,NA,NA,NA,NA,NA,NA,NA,NA,NA,NA,NA,NA,NA,NA,NA,NA,NA,NA
Cabo Verde,CPV,Western Africa RCC,NA,NA,points,5922864601,17.0211268,-25.0679917,OpenStreetMap via osmdata,cabo verde | NA,NA,NA,NA,NA,NA,NA,NA,NA,NA,NA,NA,NA,NA,NA,NA,NA,NA,NA,NA,NA,NA,NA,NA,NA,NA,NA,NA,NA,NA,NA,NA,NA,NA,NA,NA,NA,NA,NA,NA
Cabo Verde,CPV,Western Africa RCC,NA,NA,points,5922864602,17.0213272,-25.0679936,OpenStreetMap via osmdata,cabo verde | NA,NA,NA,NA,NA,NA,NA,NA,NA,NA,NA,NA,NA,NA,NA,NA,NA,NA,NA,NA,NA,NA,NA,NA,NA,NA,NA,NA,NA,NA,NA,NA,NA,NA,NA,NA,NA,NA,NA,NA
Cabo Verde,CPV,Western Africa RCC,NA,NA,points,5922864603,17.0214274,-25.0680016,OpenStreetMap via osmdata,cabo verde | NA,NA,NA,NA,NA,NA,NA,NA,NA,NA,NA,NA,NA,NA,NA,NA,NA,NA,NA,NA,NA,NA,NA,NA,NA,NA,NA,NA,NA,NA,NA,NA,NA,NA,NA,NA,NA,NA,NA,NA
Cabo Verde,CPV,Western Africa RCC,NA,NA,points,5922864604,17.0216543,-25.0679521,OpenStreetMap via osmdata,cabo verde | NA,NA,NA,NA,NA,NA,NA,NA,NA,NA,NA,NA,NA,NA,NA,NA,NA,NA,NA,NA,NA,NA,NA,NA,NA,NA,NA,NA,NA,NA,NA,NA,NA,NA,NA,NA,NA,NA,NA,NA
Cabo Verde,CPV,Western Africa RCC,NA,NA,points,5922864605,17.0215447,-25.067359,OpenStreetMap via osmdata,cabo verde | NA,NA,NA,NA,NA,NA,NA,NA,NA,NA,NA,NA,NA,NA,NA,NA,NA,NA,NA,NA,NA,NA,NA,NA,NA,NA,NA,NA,NA,NA,NA,NA,NA,NA,NA,NA,NA,NA,NA,NA
Cabo Verde,CPV,Western Africa RCC,NA,NA,points,5922864606,17.0211703,-25.0674302,OpenStreetMap via osmdata,cabo verde | NA,NA,NA,NA,NA,NA,NA,NA,NA,NA,NA,NA,NA,NA,NA,NA,NA,NA,NA,NA,NA,NA,NA,NA,NA,NA,NA,NA,NA,NA,NA,NA,NA,NA,NA,NA,NA,NA,NA,NA
Cabo Verde,CPV,Western Africa RCC,NA,NA,points,5922864607,17.0210456,-25.0674776,OpenStreetMap via osmdata,cabo verde | NA,NA,NA,NA,NA,NA,NA,NA,NA,NA,NA,NA,NA,NA,NA,NA,NA,NA,NA,NA,NA,NA,NA,NA,NA,NA,NA,NA,NA,NA,NA,NA,NA,NA,NA,NA,NA,NA,NA,NA
Cabo Verde,CPV,Western Africa RCC,NA,NA,points,5932089119,17.0194294,-25.0657183,OpenStreetMap via osmdata,cabo verde | NA,NA,NA,NA,NA,NA,NA,NA,NA,NA,NA,NA,NA,NA,NA,NA,NA,NA,NA,NA,NA,NA,NA,NA,NA,NA,NA,NA,NA,NA,NA,NA,NA,NA,NA,NA,NA,NA,NA,NA
Cabo Verde,CPV,Western Africa RCC,NA,NA,points,5932089150,17.0200836,-25.0659776,OpenStreetMap via osmdata,cabo verde | NA,NA,NA,NA,NA,NA,NA,NA,NA,NA,NA,NA,NA,NA,NA,NA,NA,NA,NA,NA,NA,NA,NA,NA,NA,NA,NA,NA,NA,NA,NA,NA,NA,NA,NA,NA,NA,NA,NA,NA
Cabo Verde,CPV,Western Africa RCC,NA,NA,points,5932089151,17.020141,-25.0659272,OpenStreetMap via osmdata,cabo verde | NA,NA,NA,NA,NA,NA,NA,NA,NA,NA,NA,NA,NA,NA,NA,NA,NA,NA,NA,NA,NA,NA,NA,NA,NA,NA,NA,NA,NA,NA,NA,NA,NA,NA,NA,NA,NA,NA,NA,NA
Cabo Verde,CPV,Western Africa RCC,Farmacia Sao Lucas,pharmacy,points,5932630286,17.1816057,-25.0642823,OpenStreetMap via osmdata,cabo verde | farmacia sao lucas,Farmacia Sao Lucas,NA,NA,NA,pharmacy,NA,NA,NA,NA,NA,NA,NA,NA,NA,NA,pharmacy,NA,NA,NA,NA,NA,NA,NA,NA,NA,NA,NA,NA,NA,NA,NA,NA,NA,NA,NA,NA,NA,NA,farmacia sao lucas
Cabo Verde,CPV,Western Africa RCC,NA,NA,points,6001712238,15.1401581,-23.5374013,OpenStreetMap via osmdata,cabo verde | NA,NA,NA,NA,NA,NA,NA,NA,NA,NA,NA,NA,NA,NA,NA,NA,NA,NA,NA,NA,NA,NA,NA,NA,NA,NA,NA,NA,NA,NA,NA,NA,NA,NA,NA,NA,NA,NA,NA,NA
Cabo Verde,CPV,Western Africa RCC,NA,NA,points,6053285296,17.0773398,-25.1923885,OpenStreetMap via osmdata,cabo verde | NA,NA,NA,NA,NA,NA,NA,NA,NA,NA,NA,NA,NA,NA,NA,NA,NA,NA,NA,NA,NA,NA,NA,NA,NA,NA,NA,NA,NA,NA,NA,NA,NA,NA,NA,NA,NA,NA,NA,NA
Cabo Verde,CPV,Western Africa RCC,NA,NA,points,6053285297,17.077396,-25.1923441,OpenStreetMap via osmdata,cabo verde | NA,NA,NA,NA,NA,NA,NA,NA,NA,NA,NA,NA,NA,NA,NA,NA,NA,NA,NA,NA,NA,NA,NA,NA,NA,NA,NA,NA,NA,NA,NA,NA,NA,NA,NA,NA,NA,NA,NA,NA
Cabo Verde,CPV,Western Africa RCC,NA,NA,points,6053285298,17.0773386,-25.1922733,OpenStreetMap via osmdata,cabo verde | NA,NA,NA,NA,NA,NA,NA,NA,NA,NA,NA,NA,NA,NA,NA,NA,NA,NA,NA,NA,NA,NA,NA,NA,NA,NA,NA,NA,NA,NA,NA,NA,NA,NA,NA,NA,NA,NA,NA,NA
Cabo Verde,CPV,Western Africa RCC,NA,NA,points,6053285299,17.077287,-25.1923189,OpenStreetMap via osmdata,cabo verde | NA,NA,NA,NA,NA,NA,NA,NA,NA,NA,NA,NA,NA,NA,NA,NA,NA,NA,NA,NA,NA,NA,NA,NA,NA,NA,NA,NA,NA,NA,NA,NA,NA,NA,NA,NA,NA,NA,NA,NA
Cabo Verde,CPV,Western Africa RCC,NA,NA,points,6060025686,15.1400489,-23.5369629,OpenStreetMap via osmdata,cabo verde | NA,NA,NA,NA,NA,NA,NA,NA,NA,NA,NA,NA,NA,NA,NA,NA,NA,NA,NA,NA,NA,NA,NA,NA,NA,NA,NA,NA,NA,NA,NA,NA,NA,NA,NA,NA,NA,NA,NA,NA
Cabo Verde,CPV,Western Africa RCC,NA,NA,points,6154323565,14.9201331,-23.5058199,OpenStreetMap via osmdata,cabo verde | NA,NA,NA,NA,NA,NA,NA,NA,NA,NA,NA,NA,NA,NA,NA,NA,NA,NA,NA,NA,NA,NA,NA,NA,NA,NA,NA,NA,NA,NA,NA,NA,NA,NA,NA,NA,NA,NA,NA,NA
Cabo Verde,CPV,Western Africa RCC,Pediatry Hospital,NA,points,6154323566,14.9205486,-23.5056058,OpenStreetMap via osmdata,cabo verde | pediatry hospital,Pediatry Hospital,NA,NA,NA,NA,NA,NA,NA,NA,NA,NA,NA,NA,NA,yes,NA,NA,NA,NA,NA,NA,NA,NA,Hospital Pediatria,NA,24/7,NA,NA,NA,NA,NA,NA,NA,NA,NA,NA,NA,NA,pediatry hospital
Cabo Verde,CPV,Western Africa RCC,NA,NA,points,6195859143,16.6135088,-24.1320287,OpenStreetMap via osmdata,cabo verde | NA,NA,NA,NA,NA,NA,NA,NA,NA,NA,NA,NA,NA,NA,NA,NA,NA,NA,NA,NA,NA,NA,NA,NA,NA,NA,NA,NA,NA,NA,NA,NA,NA,NA,NA,NA,NA,NA,NA,NA
Cabo Verde,CPV,Western Africa RCC,NA,NA,points,6195859145,16.6135911,-24.1319077,OpenStreetMap via osmdata,cabo verde | NA,NA,NA,NA,NA,NA,NA,NA,NA,NA,NA,NA,NA,NA,NA,NA,NA,NA,NA,NA,NA,NA,NA,NA,NA,NA,NA,NA,NA,NA,NA,NA,NA,NA,NA,NA,NA,NA,NA,NA
Cabo Verde,CPV,Western Africa RCC,NA,NA,points,6195859146,16.6136163,-24.1318516,OpenStreetMap via osmdata,cabo verde | NA,NA,NA,NA,NA,NA,NA,NA,NA,NA,NA,NA,NA,NA,NA,NA,NA,NA,NA,NA,NA,NA,NA,NA,NA,NA,NA,NA,NA,NA,NA,NA,NA,NA,NA,NA,NA,NA,NA,NA
Cabo Verde,CPV,Western Africa RCC,NA,NA,points,6195859157,16.6133811,-24.1321198,OpenStreetMap via osmdata,cabo verde | NA,NA,NA,NA,NA,NA,NA,NA,NA,NA,NA,NA,NA,NA,NA,NA,NA,NA,NA,NA,NA,NA,NA,NA,NA,NA,NA,NA,NA,NA,NA,NA,NA,NA,NA,NA,NA,NA,NA,NA
Cabo Verde,CPV,Western Africa RCC,NA,NA,points,6195859160,16.6132904,-24.1320514,OpenStreetMap via osmdata,cabo verde | NA,NA,NA,NA,NA,NA,NA,NA,NA,NA,NA,NA,NA,NA,NA,NA,NA,NA,NA,NA,NA,NA,NA,NA,NA,NA,NA,NA,NA,NA,NA,NA,NA,NA,NA,NA,NA,NA,NA,NA
Cabo Verde,CPV,Western Africa RCC,Farmácia Duarte Lopes,pharmacy,points,6237120822,16.565971,-24.3590424,OpenStreetMap via osmdata,cabo verde | farm cia duarte lopes,Farmácia Duarte Lopes,NA,NA,NA,pharmacy,NA,NA,NA,NA,NA,NA,NA,NA,NA,NA,pharmacy,NA,NA,NA,NA,NA,NA,NA,NA,NA,NA,NA,NA,NA,NA,NA,NA,NA,NA,NA,NA,NA,NA,farm cia duarte lopes
Cabo Verde,CPV,Western Africa RCC,Centro de Saúde,hospital,points,6325872869,16.7549029,-22.9440881,OpenStreetMap via osmdata,cabo verde | centro de sa de,Centro de Saúde,NA,NA,NA,hospital,NA,NA,NA,NA,NA,NA,NA,NA,NA,NA,hospital,NA,NA,NA,NA,NA,NA,NA,NA,NA,NA,NA,NA,NA,NA,NA,NA,NA,NA,NA,NA,NA,NA,centro de sa de
Cabo Verde,CPV,Western Africa RCC,Farmácia Aliança,pharmacy,points,6325884852,16.7548419,-22.9425564,OpenStreetMap via osmdata,cabo verde | farm cia alianca,Farmácia Aliança,NA,NA,NA,pharmacy,NA,NA,NA,NA,NA,yes,NA,NA,NA,NA,pharmacy,NA,NA,NA,NA,NA,NA,NA,NA,NA,NA,NA,NA,NA,NA,+238 241 11 09,NA,NA,NA,NA,NA,NA,NA,farm cia alianca
Cabo Verde,CPV,Western Africa RCC,Farmácia Ivete Santos,pharmacy,points,6325884853,16.7554769,-22.9446378,OpenStreetMap via osmdata,cabo verde | farm cia ivete santos,Farmácia Ivete Santos,NA,NA,NA,pharmacy,NA,NA,NA,NA,NA,yes,NA,NA,NA,NA,pharmacy,NA,NA,NA,NA,NA,NA,NA,NA,NA,NA,NA,NA,NA,NA,+238 241 14 17,NA,NA,NA,NA,NA,NA,NA,farm cia ivete santos
Cabo Verde,CPV,Western Africa RCC,NA,NA,points,6416618581,16.8843376,-24.9863276,OpenStreetMap via osmdata,cabo verde | NA,NA,NA,NA,NA,NA,NA,NA,NA,NA,NA,NA,NA,NA,NA,NA,NA,NA,NA,NA,NA,NA,NA,NA,NA,NA,NA,NA,NA,NA,NA,NA,NA,NA,NA,NA,NA,NA,NA,NA
Cabo Verde,CPV,Western Africa RCC,NA,NA,points,6416618582,16.8852363,-24.986117,OpenStreetMap via osmdata,cabo verde | NA,NA,NA,NA,NA,NA,NA,NA,NA,NA,NA,NA,NA,NA,NA,NA,NA,NA,NA,NA,NA,NA,NA,NA,NA,NA,NA,NA,NA,NA,NA,NA,NA,NA,NA,NA,NA,NA,NA,NA
Cabo Verde,CPV,Western Africa RCC,Farmácia Duarte Lopes,pharmacy,points,6418050988,16.5680473,-24.3576535,OpenStreetMap via osmdata,cabo verde | farm cia duarte lopes,Farmácia Duarte Lopes,NA,NA,NA,pharmacy,NA,NA,NA,NA,NA,yes,NA,NA,NA,NA,pharmacy,NA,NA,NA,NA,NA,NA,NA,NA,NA,NA,NA,NA,NA,NA,NA,NA,NA,NA,NA,NA,NA,NA,farm cia duarte lopes
Cabo Verde,CPV,Western Africa RCC,NA,NA,points,6426777864,17.1233876,-25.2029096,OpenStreetMap via osmdata,cabo verde | NA,NA,NA,NA,NA,NA,NA,NA,NA,NA,NA,NA,NA,NA,NA,NA,NA,NA,NA,NA,NA,NA,NA,NA,NA,NA,NA,NA,NA,NA,NA,NA,NA,NA,NA,NA,NA,NA,NA,NA
Cabo Verde,CPV,Western Africa RCC,NA,NA,points,6453207333,16.8849408,-24.9850515,OpenStreetMap via osmdata,cabo verde | NA,NA,NA,NA,NA,NA,NA,NA,NA,NA,NA,NA,NA,NA,NA,NA,NA,NA,NA,NA,NA,NA,NA,NA,NA,NA,NA,NA,NA,NA,NA,NA,NA,NA,NA,NA,NA,NA,NA,NA
Cabo Verde,CPV,Western Africa RCC,NA,NA,points,6453207334,16.8850927,-24.9855698,OpenStreetMap via osmdata,cabo verde | NA,NA,NA,NA,NA,NA,NA,NA,NA,NA,NA,NA,NA,NA,NA,NA,NA,NA,NA,NA,NA,NA,NA,NA,NA,NA,NA,NA,NA,NA,NA,NA,NA,NA,NA,NA,NA,NA,NA,NA
Cabo Verde,CPV,Western Africa RCC,Farmácia Boa Esperança,pharmacy,points,6555724308,15.0954418,-23.6678207,OpenStreetMap via osmdata,cabo verde | farm cia boa esperanca,Farmácia Boa Esperança,NA,NA,NA,pharmacy,NA,NA,NA,NA,NA,yes,NA,NA,NA,NA,pharmacy,NA,NA,NA,NA,NA,NA,NA,NA,NA,NA,NA,NA,NA,NA,NA,NA,NA,NA,NA,NA,NA,NA,farm cia boa esperanca
Cabo Verde,CPV,Western Africa RCC,Farmácia H. Camacho,pharmacy,points,6555732854,15.0983222,-23.668917,OpenStreetMap via osmdata,cabo verde | farm cia h camacho,Farmácia H. Camacho,NA,NA,NA,pharmacy,NA,NA,NA,NA,NA,yes,NA,NA,NA,NA,pharmacy,NA,NA,NA,NA,NA,NA,NA,NA,NA,NA,NA,NA,NA,NA,NA,NA,NA,NA,NA,NA,NA,NA,farm cia h camacho
Cabo Verde,CPV,Western Africa RCC,NA,NA,points,6828931958,14.9200049,-23.5055915,OpenStreetMap via osmdata,cabo verde | NA,NA,NA,NA,NA,NA,NA,NA,NA,NA,NA,NA,NA,NA,NA,NA,NA,NA,NA,NA,NA,NA,NA,NA,NA,NA,NA,NA,NA,NA,NA,NA,NA,NA,NA,NA,NA,NA,NA,NA
Cabo Verde,CPV,Western Africa RCC,NA,NA,points,6828931959,14.920113,-23.5057781,OpenStreetMap via osmdata,cabo verde | NA,NA,NA,NA,NA,NA,NA,NA,NA,NA,NA,NA,NA,NA,NA,NA,NA,NA,NA,NA,NA,NA,NA,NA,NA,NA,NA,NA,NA,NA,NA,NA,NA,NA,NA,NA,NA,NA,NA,NA
Cabo Verde,CPV,Western Africa RCC,NA,NA,points,6828931960,14.920048,-23.5055693,OpenStreetMap via osmdata,cabo verde | NA,NA,NA,NA,NA,NA,NA,NA,NA,NA,NA,NA,NA,NA,NA,NA,NA,NA,NA,NA,NA,NA,NA,NA,NA,NA,NA,NA,NA,NA,NA,NA,NA,NA,NA,NA,NA,NA,NA,NA
Cabo Verde,CPV,Western Africa RCC,NA,NA,points,6923983350,15.2676659,-23.7412579,OpenStreetMap via osmdata,cabo verde | NA,NA,NA,NA,NA,NA,NA,NA,NA,NA,NA,NA,NA,NA,NA,NA,NA,NA,NA,NA,NA,NA,NA,NA,NA,NA,NA,NA,NA,NA,NA,NA,NA,NA,NA,NA,NA,NA,NA,NA
Cabo Verde,CPV,Western Africa RCC,NA,NA,points,6945945466,15.2777504,-23.7536196,OpenStreetMap via osmdata,cabo verde | NA,NA,NA,NA,NA,NA,NA,NA,NA,NA,NA,NA,NA,NA,NA,NA,NA,NA,NA,NA,NA,NA,NA,NA,NA,NA,NA,NA,NA,NA,NA,NA,NA,NA,NA,NA,NA,NA,NA,NA
Cabo Verde,CPV,Western Africa RCC,NA,NA,points,6945945467,15.2778477,-23.7531898,OpenStreetMap via osmdata,cabo verde | NA,NA,NA,NA,NA,NA,NA,NA,NA,NA,NA,NA,NA,NA,NA,NA,NA,NA,NA,NA,NA,NA,NA,NA,NA,NA,NA,NA,NA,NA,NA,NA,NA,NA,NA,NA,NA,NA,NA,NA
Cabo Verde,CPV,Western Africa RCC,NA,NA,points,6945945468,15.2774102,-23.7530833,OpenStreetMap via osmdata,cabo verde | NA,NA,NA,NA,NA,NA,NA,NA,NA,NA,NA,NA,NA,NA,NA,NA,NA,NA,NA,NA,NA,NA,NA,NA,NA,NA,NA,NA,NA,NA,NA,NA,NA,NA,NA,NA,NA,NA,NA,NA
Cabo Verde,CPV,Western Africa RCC,NA,NA,points,6945945469,15.2773787,-23.7532225,OpenStreetMap via osmdata,cabo verde | NA,NA,NA,NA,NA,NA,NA,NA,NA,NA,NA,NA,NA,NA,NA,NA,NA,NA,NA,NA,NA,NA,NA,NA,NA,NA,NA,NA,NA,NA,NA,NA,NA,NA,NA,NA,NA,NA,NA,NA
Cabo Verde,CPV,Western Africa RCC,NA,NA,points,6945945470,15.2774416,-23.7532378,OpenStreetMap via osmdata,cabo verde | NA,NA,NA,NA,NA,NA,NA,NA,NA,NA,NA,NA,NA,NA,NA,NA,NA,NA,NA,NA,NA,NA,NA,NA,NA,NA,NA,NA,NA,NA,NA,NA,NA,NA,NA,NA,NA,NA,NA,NA
Cabo Verde,CPV,Western Africa RCC,NA,NA,points,6945945471,15.2773757,-23.7535285,OpenStreetMap via osmdata,cabo verde | NA,NA,NA,NA,NA,NA,NA,NA,NA,NA,NA,NA,NA,NA,NA,NA,NA,NA,NA,NA,NA,NA,NA,NA,NA,NA,NA,NA,NA,NA,NA,NA,NA,NA,NA,NA,NA,NA,NA,NA
Cabo Verde,CPV,Western Africa RCC,NA,NA,points,7026785266,14.923833,-23.5134399,OpenStreetMap via osmdata,cabo verde | NA,NA,NA,NA,NA,NA,NA,NA,NA,NA,NA,NA,NA,NA,NA,NA,NA,NA,NA,NA,NA,NA,NA,NA,NA,NA,NA,NA,NA,NA,NA,NA,NA,NA,NA,NA,NA,NA,NA,NA
Cabo Verde,CPV,Western Africa RCC,NA,NA,points,7026785267,14.9242232,-23.5133625,OpenStreetMap via osmdata,cabo verde | NA,NA,NA,NA,NA,NA,NA,NA,NA,NA,NA,NA,NA,NA,NA,NA,NA,NA,NA,NA,NA,NA,NA,NA,NA,NA,NA,NA,NA,NA,NA,NA,NA,NA,NA,NA,NA,NA,NA,NA
Cabo Verde,CPV,Western Africa RCC,NA,NA,points,7026785268,14.9242373,-23.5132558,OpenStreetMap via osmdata,cabo verde | NA,NA,NA,NA,NA,NA,NA,NA,NA,NA,NA,NA,NA,NA,NA,NA,NA,NA,NA,NA,NA,NA,NA,NA,NA,NA,NA,NA,NA,NA,NA,NA,NA,NA,NA,NA,NA,NA,NA,NA
Cabo Verde,CPV,Western Africa RCC,NA,NA,points,7026785269,14.9241726,-23.5129232,OpenStreetMap via osmdata,cabo verde | NA,NA,NA,NA,NA,NA,NA,NA,NA,NA,NA,NA,NA,NA,NA,NA,NA,NA,NA,NA,NA,NA,NA,NA,NA,NA,NA,NA,NA,NA,NA,NA,NA,NA,NA,NA,NA,NA,NA,NA
Cabo Verde,CPV,Western Africa RCC,NA,NA,points,7026785275,14.9241544,-23.5128876,OpenStreetMap via osmdata,cabo verde | NA,NA,NA,NA,NA,NA,NA,NA,NA,NA,NA,NA,NA,NA,NA,NA,NA,NA,NA,NA,NA,NA,NA,NA,NA,NA,NA,NA,NA,NA,NA,NA,NA,NA,NA,NA,NA,NA,NA,NA
Cabo Verde,CPV,Western Africa RCC,NA,NA,points,7026785276,14.9238209,-23.5129441,OpenStreetMap via osmdata,cabo verde | NA,NA,NA,NA,NA,NA,NA,NA,NA,NA,NA,NA,NA,NA,NA,NA,NA,NA,NA,NA,NA,NA,NA,NA,NA,NA,NA,NA,NA,NA,NA,NA,NA,NA,NA,NA,NA,NA,NA,NA
Cabo Verde,CPV,Western Africa RCC,NA,NA,points,7026785277,14.9237704,-23.5130445,OpenStreetMap via osmdata,cabo verde | NA,NA,NA,NA,NA,NA,NA,NA,NA,NA,NA,NA,NA,NA,NA,NA,NA,NA,NA,NA,NA,NA,NA,NA,NA,NA,NA,NA,NA,NA,NA,NA,NA,NA,NA,NA,NA,NA,NA,NA
Cabo Verde,CPV,Western Africa RCC,Farmácia de Achada São Filipe,pharmacy,points,7110728985,14.9541362,-23.5166507,OpenStreetMap via osmdata,cabo verde | farm cia de achada s o filipe,Farmácia de Achada São Filipe,NA,NA,NA,pharmacy,NA,NA,NA,NA,NA,yes,NA,NA,NA,NA,pharmacy,NA,NA,NA,NA,NA,NA,NA,NA,NA,NA,NA,NA,NA,NA,NA,NA,NA,NA,NA,NA,NA,NA,farm cia de achada s o filipe
Cabo Verde,CPV,Western Africa RCC,Farmácia Porto Inglês,pharmacy,points,7234673358,15.1394257,-23.2087295,OpenStreetMap via osmdata,cabo verde | farm cia porto ingles,Farmácia Porto Inglês,NA,NA,NA,pharmacy,NA,NA,NA,NA,NA,yes,NA,NA,NA,NA,pharmacy,NA,NA,NA,NA,NA,NA,NA,NA,NA,NA,NA,NA,NA,NA,NA,NA,NA,NA,NA,NA,NA,NA,farm cia porto ingles
Cabo Verde,CPV,Western Africa RCC,Posto Sanitário,hospital,points,7295530085,16.9570067,-25.3108074,OpenStreetMap via osmdata,cabo verde | posto sanit rio,Posto Sanitário,NA,NA,NA,hospital,NA,NA,NA,NA,NA,NA,NA,NA,NA,NA,NA,NA,NA,NA,NA,NA,NA,NA,NA,NA,NA,NA,NA,NA,NA,NA,NA,NA,NA,NA,NA,NA,NA,posto sanit rio
Cabo Verde,CPV,Western Africa RCC,Farmácia Higiene,pharmacy,points,7313780786,16.8864025,-24.9873921,OpenStreetMap via osmdata,cabo verde | farm cia higiene,Farmácia Higiene,NA,NA,NA,pharmacy,NA,NA,NA,NA,NA,NA,NA,NA,NA,NA,pharmacy,NA,NA,NA,NA,NA,NA,NA,NA,NA,NA,NA,NA,NA,NA,2327465,NA,NA,NA,NA,NA,NA,NA,farm cia higiene
Cabo Verde,CPV,Western Africa RCC,NA,NA,points,7319130851,14.9255833,-23.5681179,OpenStreetMap via osmdata,cabo verde | NA,NA,NA,NA,NA,NA,NA,NA,NA,NA,NA,NA,NA,NA,NA,NA,NA,NA,NA,NA,NA,NA,NA,NA,NA,NA,NA,NA,NA,NA,NA,NA,NA,NA,NA,NA,NA,NA,NA,NA
Cabo Verde,CPV,Western Africa RCC,NA,NA,points,7319130855,14.9254291,-23.5680271,OpenStreetMap via osmdata,cabo verde | NA,NA,NA,NA,NA,NA,NA,NA,NA,NA,NA,NA,NA,NA,NA,NA,NA,NA,NA,NA,NA,NA,NA,NA,NA,NA,NA,NA,NA,NA,NA,NA,NA,NA,NA,NA,NA,NA,NA,NA
Cabo Verde,CPV,Western Africa RCC,NA,NA,points,7319130856,14.9253293,-23.5682084,OpenStreetMap via osmdata,cabo verde | NA,NA,NA,NA,NA,NA,NA,NA,NA,NA,NA,NA,NA,NA,NA,NA,NA,NA,NA,NA,NA,NA,NA,NA,NA,NA,NA,NA,NA,NA,NA,NA,NA,NA,NA,NA,NA,NA,NA,NA
Cabo Verde,CPV,Western Africa RCC,NA,NA,points,7322111960,14.8974754,-24.498868,OpenStreetMap via osmdata,cabo verde | NA,NA,NA,NA,NA,NA,NA,NA,NA,NA,NA,NA,NA,NA,NA,NA,NA,NA,NA,NA,NA,NA,NA,NA,NA,NA,NA,NA,NA,NA,NA,NA,NA,NA,NA,NA,NA,NA,NA,NA
Cabo Verde,CPV,Western Africa RCC,NA,NA,points,7322111961,14.8980767,-24.4987581,OpenStreetMap via osmdata,cabo verde | NA,NA,NA,NA,NA,NA,NA,NA,NA,NA,NA,NA,NA,NA,NA,NA,NA,NA,NA,NA,NA,NA,NA,NA,NA,NA,NA,NA,NA,NA,NA,NA,NA,NA,NA,NA,NA,NA,NA,NA
Cabo Verde,CPV,Western Africa RCC,NA,NA,points,7322176364,14.9257404,-23.5682105,OpenStreetMap via osmdata,cabo verde | NA,NA,NA,NA,NA,NA,NA,NA,NA,NA,NA,NA,NA,NA,NA,NA,NA,NA,NA,NA,NA,NA,NA,NA,NA,NA,NA,NA,NA,NA,NA,NA,NA,NA,NA,NA,NA,NA,NA,NA
Cabo Verde,CPV,Western Africa RCC,NA,NA,points,7322176365,14.9256405,-23.5683919,OpenStreetMap via osmdata,cabo verde | NA,NA,NA,NA,NA,NA,NA,NA,NA,NA,NA,NA,NA,NA,NA,NA,NA,NA,NA,NA,NA,NA,NA,NA,NA,NA,NA,NA,NA,NA,NA,NA,NA,NA,NA,NA,NA,NA,NA,NA
Cabo Verde,CPV,Western Africa RCC,NA,NA,points,7322177921,15.2681696,-23.7415687,OpenStreetMap via osmdata,cabo verde | NA,NA,NA,NA,NA,NA,NA,NA,NA,NA,NA,NA,NA,NA,NA,NA,NA,NA,NA,NA,NA,NA,NA,NA,NA,NA,NA,NA,NA,NA,NA,NA,NA,NA,NA,NA,NA,NA,NA,NA
Cabo Verde,CPV,Western Africa RCC,NA,NA,points,7322177922,15.2683844,-23.7410725,OpenStreetMap via osmdata,cabo verde | NA,NA,NA,NA,NA,NA,NA,NA,NA,NA,NA,NA,NA,NA,NA,NA,NA,NA,NA,NA,NA,NA,NA,NA,NA,NA,NA,NA,NA,NA,NA,NA,NA,NA,NA,NA,NA,NA,NA,NA
Cabo Verde,CPV,Western Africa RCC,NA,NA,points,7322177923,15.2679031,-23.740766699999998,OpenStreetMap via osmdata,cabo verde | NA,NA,NA,NA,NA,NA,NA,NA,NA,NA,NA,NA,NA,NA,NA,NA,NA,NA,NA,NA,NA,NA,NA,NA,NA,NA,NA,NA,NA,NA,NA,NA,NA,NA,NA,NA,NA,NA,NA,NA
Cabo Verde,CPV,Western Africa RCC,NA,NA,points,7322210602,16.5618996,-24.3571952,OpenStreetMap via osmdata,cabo verde | NA,NA,NA,NA,NA,NA,NA,NA,NA,NA,NA,NA,NA,NA,NA,NA,NA,NA,NA,NA,NA,NA,NA,NA,NA,NA,NA,NA,NA,NA,NA,NA,NA,NA,NA,NA,NA,NA,NA,NA
Cabo Verde,CPV,Western Africa RCC,NA,NA,points,7322210603,16.5615899,-24.3571989,OpenStreetMap via osmdata,cabo verde | NA,NA,NA,NA,NA,NA,NA,NA,NA,NA,NA,NA,NA,NA,NA,NA,NA,NA,NA,NA,NA,NA,NA,NA,NA,NA,NA,NA,NA,NA,NA,NA,NA,NA,NA,NA,NA,NA,NA,NA
Cabo Verde,CPV,Western Africa RCC,NA,NA,points,7322210604,16.5615953,-24.3576817,OpenStreetMap via osmdata,cabo verde | NA,NA,NA,NA,NA,NA,NA,NA,NA,NA,NA,NA,NA,NA,NA,NA,NA,NA,NA,NA,NA,NA,NA,NA,NA,NA,NA,NA,NA,NA,NA,NA,NA,NA,NA,NA,NA,NA,NA,NA
Cabo Verde,CPV,Western Africa RCC,NA,NA,points,7322234336,17.0869421,-25.1383273,OpenStreetMap via osmdata,cabo verde | NA,NA,NA,NA,NA,NA,NA,NA,NA,NA,NA,NA,NA,NA,NA,NA,NA,NA,NA,NA,NA,NA,NA,NA,NA,NA,NA,NA,NA,NA,NA,NA,NA,NA,NA,NA,NA,NA,NA,NA
Cabo Verde,CPV,Western Africa RCC,NA,NA,points,7322234337,17.0869964,-25.1382283,OpenStreetMap via osmdata,cabo verde | NA,NA,NA,NA,NA,NA,NA,NA,NA,NA,NA,NA,NA,NA,NA,NA,NA,NA,NA,NA,NA,NA,NA,NA,NA,NA,NA,NA,NA,NA,NA,NA,NA,NA,NA,NA,NA,NA,NA,NA
Cabo Verde,CPV,Western Africa RCC,NA,NA,points,7322234338,17.0869062,-25.1381742,OpenStreetMap via osmdata,cabo verde | NA,NA,NA,NA,NA,NA,NA,NA,NA,NA,NA,NA,NA,NA,NA,NA,NA,NA,NA,NA,NA,NA,NA,NA,NA,NA,NA,NA,NA,NA,NA,NA,NA,NA,NA,NA,NA,NA,NA,NA
Cabo Verde,CPV,Western Africa RCC,NA,NA,points,7322234339,17.086852,-25.1382732,OpenStreetMap via osmdata,cabo verde | NA,NA,NA,NA,NA,NA,NA,NA,NA,NA,NA,NA,NA,NA,NA,NA,NA,NA,NA,NA,NA,NA,NA,NA,NA,NA,NA,NA,NA,NA,NA,NA,NA,NA,NA,NA,NA,NA,NA,NA
Cabo Verde,CPV,Western Africa RCC,NA,NA,points,7322256758,17.0195104,-25.0659163,OpenStreetMap via osmdata,cabo verde | NA,NA,NA,NA,NA,NA,NA,NA,NA,NA,NA,NA,NA,NA,NA,NA,NA,NA,NA,NA,NA,NA,NA,NA,NA,NA,NA,NA,NA,NA,NA,NA,NA,NA,NA,NA,NA,NA,NA,NA
Cabo Verde,CPV,Western Africa RCC,NA,NA,points,7322256759,17.0195219,-25.0657097,OpenStreetMap via osmdata,cabo verde | NA,NA,NA,NA,NA,NA,NA,NA,NA,NA,NA,NA,NA,NA,NA,NA,NA,NA,NA,NA,NA,NA,NA,NA,NA,NA,NA,NA,NA,NA,NA,NA,NA,NA,NA,NA,NA,NA,NA,NA
Cabo Verde,CPV,Western Africa RCC,NA,NA,points,7322256760,17.019395,-25.0657486,OpenStreetMap via osmdata,cabo verde | NA,NA,NA,NA,NA,NA,NA,NA,NA,NA,NA,NA,NA,NA,NA,NA,NA,NA,NA,NA,NA,NA,NA,NA,NA,NA,NA,NA,NA,NA,NA,NA,NA,NA,NA,NA,NA,NA,NA,NA
Cabo Verde,CPV,Western Africa RCC,NA,NA,points,7322256761,17.0193779,-25.0658906,OpenStreetMap via osmdata,cabo verde | NA,NA,NA,NA,NA,NA,NA,NA,NA,NA,NA,NA,NA,NA,NA,NA,NA,NA,NA,NA,NA,NA,NA,NA,NA,NA,NA,NA,NA,NA,NA,NA,NA,NA,NA,NA,NA,NA,NA,NA
Cabo Verde,CPV,Western Africa RCC,NA,NA,points,7322257023,16.642686,-24.3889229,OpenStreetMap via osmdata,cabo verde | NA,NA,NA,NA,NA,NA,NA,NA,NA,NA,NA,NA,NA,NA,NA,NA,NA,NA,NA,NA,NA,NA,NA,NA,NA,NA,NA,NA,NA,NA,NA,NA,NA,NA,NA,NA,NA,NA,NA,NA
Cabo Verde,CPV,Western Africa RCC,NA,NA,points,7322257024,16.642661,-24.3889484,OpenStreetMap via osmdata,cabo verde | NA,NA,NA,NA,NA,NA,NA,NA,NA,NA,NA,NA,NA,NA,NA,NA,NA,NA,NA,NA,NA,NA,NA,NA,NA,NA,NA,NA,NA,NA,NA,NA,NA,NA,NA,NA,NA,NA,NA,NA
Cabo Verde,CPV,Western Africa RCC,NA,NA,points,7322257025,16.642359,-24.3889101,OpenStreetMap via osmdata,cabo verde | NA,NA,NA,NA,NA,NA,NA,NA,NA,NA,NA,NA,NA,NA,NA,NA,NA,NA,NA,NA,NA,NA,NA,NA,NA,NA,NA,NA,NA,NA,NA,NA,NA,NA,NA,NA,NA,NA,NA,NA
Cabo Verde,CPV,Western Africa RCC,NA,NA,points,7322257026,16.642356500000002,-24.3888686,OpenStreetMap via osmdata,cabo verde | NA,NA,NA,NA,NA,NA,NA,NA,NA,NA,NA,NA,NA,NA,NA,NA,NA,NA,NA,NA,NA,NA,NA,NA,NA,NA,NA,NA,NA,NA,NA,NA,NA,NA,NA,NA,NA,NA,NA,NA
Cabo Verde,CPV,Western Africa RCC,NA,NA,points,7322257027,16.6423757,-24.3888551,OpenStreetMap via osmdata,cabo verde | NA,NA,NA,NA,NA,NA,NA,NA,NA,NA,NA,NA,NA,NA,NA,NA,NA,NA,NA,NA,NA,NA,NA,NA,NA,NA,NA,NA,NA,NA,NA,NA,NA,NA,NA,NA,NA,NA,NA,NA
Cabo Verde,CPV,Western Africa RCC,NA,NA,points,7322257028,16.642449,-24.3888525,OpenStreetMap via osmdata,cabo verde | NA,NA,NA,NA,NA,NA,NA,NA,NA,NA,NA,NA,NA,NA,NA,NA,NA,NA,NA,NA,NA,NA,NA,NA,NA,NA,NA,NA,NA,NA,NA,NA,NA,NA,NA,NA,NA,NA,NA,NA
Cabo Verde,CPV,Western Africa RCC,NA,NA,points,7322257029,16.6424515,-24.3888062,OpenStreetMap via osmdata,cabo verde | NA,NA,NA,NA,NA,NA,NA,NA,NA,NA,NA,NA,NA,NA,NA,NA,NA,NA,NA,NA,NA,NA,NA,NA,NA,NA,NA,NA,NA,NA,NA,NA,NA,NA,NA,NA,NA,NA,NA,NA
Cabo Verde,CPV,Western Africa RCC,NA,NA,points,7322257030,16.6424727,-24.3887874,OpenStreetMap via osmdata,cabo verde | NA,NA,NA,NA,NA,NA,NA,NA,NA,NA,NA,NA,NA,NA,NA,NA,NA,NA,NA,NA,NA,NA,NA,NA,NA,NA,NA,NA,NA,NA,NA,NA,NA,NA,NA,NA,NA,NA,NA,NA
Cabo Verde,CPV,Western Africa RCC,NA,NA,points,7322257031,16.642661,-24.3887861,OpenStreetMap via osmdata,cabo verde | NA,NA,NA,NA,NA,NA,NA,NA,NA,NA,NA,NA,NA,NA,NA,NA,NA,NA,NA,NA,NA,NA,NA,NA,NA,NA,NA,NA,NA,NA,NA,NA,NA,NA,NA,NA,NA,NA,NA,NA
Cabo Verde,CPV,Western Africa RCC,NA,NA,points,7322321814,17.0201065,-25.0661024,OpenStreetMap via osmdata,cabo verde | NA,NA,NA,NA,NA,NA,NA,NA,NA,NA,NA,NA,NA,NA,NA,NA,NA,NA,NA,NA,NA,NA,NA,NA,NA,NA,NA,NA,NA,NA,NA,NA,NA,NA,NA,NA,NA,NA,NA,NA
Cabo Verde,CPV,Western Africa RCC,NA,NA,points,7322321815,17.0202172,-25.0660843,OpenStreetMap via osmdata,cabo verde | NA,NA,NA,NA,NA,NA,NA,NA,NA,NA,NA,NA,NA,NA,NA,NA,NA,NA,NA,NA,NA,NA,NA,NA,NA,NA,NA,NA,NA,NA,NA,NA,NA,NA,NA,NA,NA,NA,NA,NA
Cabo Verde,CPV,Western Africa RCC,NA,NA,points,7322321816,17.0201958,-25.0659229,OpenStreetMap via osmdata,cabo verde | NA,NA,NA,NA,NA,NA,NA,NA,NA,NA,NA,NA,NA,NA,NA,NA,NA,NA,NA,NA,NA,NA,NA,NA,NA,NA,NA,NA,NA,NA,NA,NA,NA,NA,NA,NA,NA,NA,NA,NA
Cabo Verde,CPV,Western Africa RCC,NA,NA,points,7322340261,17.1024293,-25.0363119,OpenStreetMap via osmdata,cabo verde | NA,NA,NA,NA,NA,NA,NA,NA,NA,NA,NA,NA,NA,NA,NA,NA,NA,NA,NA,NA,NA,NA,NA,NA,NA,NA,NA,NA,NA,NA,NA,NA,NA,NA,NA,NA,NA,NA,NA,NA
Cabo Verde,CPV,Western Africa RCC,NA,NA,points,7322340262,17.1024267,-25.0364889,OpenStreetMap via osmdata,cabo verde | NA,NA,NA,NA,NA,NA,NA,NA,NA,NA,NA,NA,NA,NA,NA,NA,NA,NA,NA,NA,NA,NA,NA,NA,NA,NA,NA,NA,NA,NA,NA,NA,NA,NA,NA,NA,NA,NA,NA,NA
Cabo Verde,CPV,Western Africa RCC,NA,NA,points,7322340263,17.1022472,-25.0366592,OpenStreetMap via osmdata,cabo verde | NA,NA,NA,NA,NA,NA,NA,NA,NA,NA,NA,NA,NA,NA,NA,NA,NA,NA,NA,NA,NA,NA,NA,NA,NA,NA,NA,NA,NA,NA,NA,NA,NA,NA,NA,NA,NA,NA,NA,NA
Cabo Verde,CPV,Western Africa RCC,NA,NA,points,7322340264,17.102232,-25.0362554,OpenStreetMap via osmdata,cabo verde | NA,NA,NA,NA,NA,NA,NA,NA,NA,NA,NA,NA,NA,NA,NA,NA,NA,NA,NA,NA,NA,NA,NA,NA,NA,NA,NA,NA,NA,NA,NA,NA,NA,NA,NA,NA,NA,NA,NA,NA
Cabo Verde,CPV,Western Africa RCC,NA,NA,points,7322340265,17.10236,-25.0362636,OpenStreetMap via osmdata,cabo verde | NA,NA,NA,NA,NA,NA,NA,NA,NA,NA,NA,NA,NA,NA,NA,NA,NA,NA,NA,NA,NA,NA,NA,NA,NA,NA,NA,NA,NA,NA,NA,NA,NA,NA,NA,NA,NA,NA,NA,NA
Cabo Verde,CPV,Western Africa RCC,Farmácia Joseana,pharmacy,points,7426722675,15.0279189,-23.5619022,OpenStreetMap via osmdata,cabo verde | farm cia joseana,Farmácia Joseana,NA,NA,NA,pharmacy,NA,NA,NA,NA,NA,yes,NA,NA,NA,NA,pharmacy,NA,NA,NA,NA,NA,NA,NA,NA,NA,NA,NA,NA,NA,NA,NA,NA,NA,NA,NA,NA,NA,NA,farm cia joseana
Cabo Verde,CPV,Western Africa RCC,Hospital de São Domingos,hospital,points,7426734305,15.0222969,-23.5547666,OpenStreetMap via osmdata,cabo verde | hospital de s o domingos,Hospital de São Domingos,NA,NA,NA,hospital,NA,NA,NA,NA,NA,NA,NA,NA,NA,NA,hospital,NA,NA,NA,NA,NA,NA,NA,NA,NA,NA,NA,NA,NA,NA,NA,NA,NA,NA,NA,NA,NA,NA,hospital de s o domingos
Cabo Verde,CPV,Western Africa RCC,Ortoclinic,clinic,points,7853491192,14.9210523,-23.5058248,OpenStreetMap via osmdata,cabo verde | ortoclinic,Ortoclinic,NA,NA,NA,clinic,NA,NA,NA,NA,NA,NA,NA,NA,NA,NA,clinic,NA,NA,NA,NA,NA,NA,NA,NA,NA,NA,NA,NA,NA,NA,NA,NA,NA,NA,NA,NA,NA,NA,ortoclinic
Cabo Verde,CPV,Western Africa RCC,Clinica Sanida,hospital,points,9084228737,16.7557196,-22.9412735,OpenStreetMap via osmdata,cabo verde | clinica sanida,Clinica Sanida,NA,NA,NA,hospital,NA,NA,NA,NA,NA,NA,NA,NA,NA,NA,hospital,NA,NA,NA,NA,NA,NA,NA,NA,NA,NA,NA,NA,NA,NA,NA,NA,NA,NA,NA,NA,NA,NA,clinica sanida
Cabo Verde,CPV,Western Africa RCC,Clinica Cardiomed,clinic,points,9437186417,14.8929237,-24.4976982,OpenStreetMap via osmdata,cabo verde | clinica cardiomed,Clinica Cardiomed,NA,NA,NA,clinic,NA,NA,NA,NA,NA,NA,NA,NA,NA,NA,clinic,NA,NA,NA,NA,NA,NA,NA,NA,NA,NA,NA,NA,NA,NA,NA,NA,NA,NA,NA,NA,NA,NA,clinica cardiomed
Cabo Verde,CPV,Western Africa RCC,NA,NA,points,9484055978,17.1802114,-25.0644488,OpenStreetMap via osmdata,cabo verde | NA,NA,NA,NA,NA,NA,NA,NA,NA,NA,NA,NA,NA,NA,NA,NA,NA,NA,NA,NA,NA,NA,NA,NA,NA,NA,NA,NA,NA,NA,NA,NA,NA,NA,NA,NA,NA,NA,NA,NA
Cabo Verde,CPV,Western Africa RCC,NA,NA,points,9484055979,17.1802105,-25.0644269,OpenStreetMap via osmdata,cabo verde | NA,NA,NA,NA,NA,NA,NA,NA,NA,NA,NA,NA,NA,NA,NA,NA,NA,NA,NA,NA,NA,NA,NA,NA,NA,NA,NA,NA,NA,NA,NA,NA,NA,NA,NA,NA,NA,NA,NA,NA
Cabo Verde,CPV,Western Africa RCC,NA,NA,points,9484055980,17.1801152,-25.0644313,OpenStreetMap via osmdata,cabo verde | NA,NA,NA,NA,NA,NA,NA,NA,NA,NA,NA,NA,NA,NA,NA,NA,NA,NA,NA,NA,NA,NA,NA,NA,NA,NA,NA,NA,NA,NA,NA,NA,NA,NA,NA,NA,NA,NA,NA,NA
Cabo Verde,CPV,Western Africa RCC,NA,NA,points,9788766782,14.9205896,-23.5055846,OpenStreetMap via osmdata,cabo verde | NA,NA,NA,NA,NA,NA,NA,NA,NA,NA,NA,NA,NA,NA,NA,NA,NA,NA,NA,NA,NA,NA,NA,NA,NA,NA,NA,NA,NA,NA,NA,NA,NA,NA,NA,NA,NA,NA,NA,NA
Cabo Verde,CPV,Western Africa RCC,NA,NA,points,9788884549,14.9203125,-23.5057274,OpenStreetMap via osmdata,cabo verde | NA,NA,NA,NA,NA,NA,NA,NA,NA,NA,NA,NA,NA,NA,NA,NA,NA,NA,NA,NA,NA,NA,NA,NA,NA,NA,NA,NA,NA,NA,NA,NA,NA,NA,NA,NA,NA,NA,NA,NA
Cabo Verde,CPV,Western Africa RCC,NA,NA,points,9796280345,14.8868234,-24.4964707,OpenStreetMap via osmdata,cabo verde | NA,NA,NA,NA,NA,NA,NA,NA,NA,NA,NA,NA,NA,NA,NA,NA,NA,NA,NA,NA,NA,NA,NA,NA,NA,NA,NA,NA,NA,NA,NA,NA,NA,NA,NA,NA,NA,NA,NA,NA
Cabo Verde,CPV,Western Africa RCC,NA,NA,points,9796280348,14.8865074,-24.496366,OpenStreetMap via osmdata,cabo verde | NA,NA,NA,NA,NA,NA,NA,NA,NA,NA,NA,NA,NA,NA,NA,NA,NA,NA,NA,NA,NA,NA,NA,NA,NA,NA,NA,NA,NA,NA,NA,NA,NA,NA,NA,NA,NA,NA,NA,NA
Cabo Verde,CPV,Western Africa RCC,Posto Sanitário,hospital,points,10054158005,17.0536367,-25.182835,OpenStreetMap via osmdata,cabo verde | posto sanit rio,Posto Sanitário,NA,NA,NA,hospital,NA,NA,NA,NA,NA,NA,NA,NA,NA,NA,hospital,NA,NA,NA,NA,NA,NA,NA,NA,NA,NA,NA,NA,NA,NA,NA,NA,NA,NA,NA,NA,NA,NA,posto sanit rio
Cabo Verde,CPV,Western Africa RCC,NA,NA,points,10146896825,16.8245551,-25.0602784,OpenStreetMap via osmdata,cabo verde | NA,NA,NA,NA,NA,NA,NA,NA,NA,NA,NA,NA,NA,NA,NA,NA,NA,NA,NA,NA,NA,NA,NA,NA,NA,NA,NA,NA,NA,NA,NA,NA,NA,NA,NA,NA,NA,NA,NA,NA
Cabo Verde,CPV,Western Africa RCC,NA,NA,points,10146896826,16.8244579,-25.0601745,OpenStreetMap via osmdata,cabo verde | NA,NA,NA,NA,NA,NA,NA,NA,NA,NA,NA,NA,NA,NA,NA,NA,NA,NA,NA,NA,NA,NA,NA,NA,NA,NA,NA,NA,NA,NA,NA,NA,NA,NA,NA,NA,NA,NA,NA,NA
Cabo Verde,CPV,Western Africa RCC,NA,NA,points,10146896827,16.8243687,-25.0602655,OpenStreetMap via osmdata,cabo verde | NA,NA,NA,NA,NA,NA,NA,NA,NA,NA,NA,NA,NA,NA,NA,NA,NA,NA,NA,NA,NA,NA,NA,NA,NA,NA,NA,NA,NA,NA,NA,NA,NA,NA,NA,NA,NA,NA,NA,NA
Cabo Verde,CPV,Western Africa RCC,NA,NA,points,10933606779,16.7502505,-22.9355053,OpenStreetMap via osmdata,cabo verde | NA,NA,NA,NA,NA,NA,NA,NA,NA,NA,NA,NA,NA,NA,NA,NA,NA,NA,NA,NA,NA,NA,NA,NA,NA,NA,NA,NA,NA,NA,NA,NA,NA,NA,NA,NA,NA,NA,NA,NA
Cabo Verde,CPV,Western Africa RCC,NA,NA,points,10933606780,16.7498553,-22.935509,OpenStreetMap via osmdata,cabo verde | NA,NA,NA,NA,NA,NA,NA,NA,NA,NA,NA,NA,NA,NA,NA,NA,NA,NA,NA,NA,NA,NA,NA,NA,NA,NA,NA,NA,NA,NA,NA,NA,NA,NA,NA,NA,NA,NA,NA,NA
Cabo Verde,CPV,Western Africa RCC,NA,NA,points,10933606781,16.7498511,-22.9350236,OpenStreetMap via osmdata,cabo verde | NA,NA,NA,NA,NA,NA,NA,NA,NA,NA,NA,NA,NA,NA,NA,NA,NA,NA,NA,NA,NA,NA,NA,NA,NA,NA,NA,NA,NA,NA,NA,NA,NA,NA,NA,NA,NA,NA,NA,NA
Cabo Verde,CPV,Western Africa RCC,NA,NA,points,10933606782,16.7502464,-22.9350199,OpenStreetMap via osmdata,cabo verde | NA,NA,NA,NA,NA,NA,NA,NA,NA,NA,NA,NA,NA,NA,NA,NA,NA,NA,NA,NA,NA,NA,NA,NA,NA,NA,NA,NA,NA,NA,NA,NA,NA,NA,NA,NA,NA,NA,NA,NA
Cabo Verde,CPV,Western Africa RCC,NA,pharmacy,points,11143085103,14.8974215,-24.4981737,OpenStreetMap via osmdata,cabo verde | NA,NA,NA,NA,NA,pharmacy,NA,NA,NA,NA,NA,NA,NA,NA,NA,NA,pharmacy,NA,NA,NA,NA,NA,NA,NA,NA,NA,NA,NA,NA,NA,NA,NA,NA,NA,NA,NA,NA,NA,NA,NA
Cabo Verde,CPV,Western Africa RCC,NA,doctors,points,11462451571,17.1574416,-25.1638079,OpenStreetMap via osmdata,cabo verde | NA,NA,NA,NA,NA,doctors,NA,NA,NA,NA,NA,NA,NA,NA,NA,NA,doctor,NA,NA,NA,NA,NA,NA,NA,NA,NA,NA,NA,NA,NA,NA,NA,NA,NA,NA,NA,NA,NA,NA,NA
Cabo Verde,CPV,Western Africa RCC,Farmácia Dias,pharmacy,points,13113176701,16.174075,-22.913382,OpenStreetMap via osmdata,cabo verde | farm cia dias,Farmácia Dias,NA,NA,NA,pharmacy,NA,NA,NA,NA,NA,NA,NA,NA,NA,NA,NA,NA,NA,NA,NA,NA,NA,NA,NA,NA,NA,NA,NA,NA,NA,+238 251 8094,NA,NA,NA,NA,NA,NA,NA,farm cia dias
Cabo Verde,CPV,Western Africa RCC,Néna,pharmacy,points,13355149490,16.8863653,-24.9875987,OpenStreetMap via osmdata,cabo verde | nena,Néna,NA,NA,NA,pharmacy,NA,NA,NA,NA,NA,NA,NA,NA,NA,NA,NA,NA,NA,NA,NA,NA,NA,NA,NA,NA,NA,NA,NA,NA,NA,+238 232 2292,NA,NA,NA,NA,NA,NA,NA,nena
Cabo Verde,CPV,Western Africa RCC,Hospital Agostinho Neto,hospital,polygons,194252475,14.920324650000339,-23.50552385458141,OpenStreetMap via osmdata,cabo verde | hospital agostinho neto,Hospital Agostinho Neto,Praia,Rua Borjona de Freitas,NA,hospital,NA,NA,NA,NA,NA,NA,NA,NA,yes,NA,hospital,NA,NA,NA,NA,NA,NA,NA,NA,NA,NA,NA,NA,NA,NA,NA,NA,CV,NA,NA,hospital,阿戈斯蒂尼奥·内图博士,https://www.han.gov.cv/,hospital agostinho neto
Cabo Verde,CPV,Western Africa RCC,NA,hospital,polygons,194262688,14.886418250006354,-24.49740551098687,OpenStreetMap via osmdata,cabo verde | NA,NA,NA,NA,NA,hospital,NA,NA,NA,NA,NA,NA,NA,NA,NA,NA,hospital,NA,NA,NA,NA,NA,NA,NA,NA,NA,NA,NA,NA,NA,NA,NA,yes,NA,NA,yes,NA,NA,NA,NA
Cabo Verde,CPV,Western Africa RCC,PMI,hospital,polygons,236839620,14.924173450003806,-23.508276051836784,OpenStreetMap via osmdata,cabo verde | pmi,PMI,Praia,NA,NA,hospital,NA,NA,NA,NA,NA,NA,NA,NA,no,NA,hospital,NA,NA,NA,NA,NA,NA,NA,NA,NA,NA,NA,NA,NA,NA,NA,NA,NA,NA,NA,yes,NA,NA,pmi
Cabo Verde,CPV,Western Africa RCC,Hospital Ramiro Figueira,hospital,polygons,236852997,16.748786401395297,-22.93530039387725,OpenStreetMap via osmdata,cabo verde | hospital ramiro figueira,Hospital Ramiro Figueira,NA,NA,NA,hospital,NA,NA,NA,NA,NA,NA,NA,NA,yes,NA,hospital,NA,NA,NA,NA,NA,NA,NA,NA,NA,NA,NA,NA,NA,NA,+238 241 1130,NA,NA,NA,NA,NA,NA,NA,hospital ramiro figueira
Cabo Verde,CPV,Western Africa RCC,"Hospital de Trindade, Psicatria",hospital,polygons,239654104,14.960559500195563,-23.55580475,OpenStreetMap via osmdata,cabo verde | hospital de trindade psicatria,"Hospital de Trindade, Psicatria",NA,NA,NA,hospital,NA,NA,NA,NA,NA,NA,NA,NA,no,NA,NA,NA,NA,NA,NA,NA,NA,NA,NA,NA,NA,NA,NA,NA,NA,NA,NA,NA,NA,NA,yes,NA,NA,hospital de trindade psicatria
Cabo Verde,CPV,Western Africa RCC,Posto Sanário,hospital,polygons,413404864,16.957622350000946,-25.31094594100682,OpenStreetMap via osmdata,cabo verde | posto san rio,Posto Sanário,NA,NA,NA,hospital,NA,NA,NA,NA,NA,NA,NA,NA,NA,NA,NA,NA,NA,NA,NA,NA,NA,NA,NA,NA,NA,NA,NA,NA,NA,NA,NA,NA,NA,NA,hospital,NA,NA,posto san rio
Cabo Verde,CPV,Western Africa RCC,NA,hospital,polygons,432838772,16.824581850001884,-25.060341903962403,OpenStreetMap via osmdata,cabo verde | NA,NA,NA,NA,NA,hospital,NA,NA,NA,NA,NA,NA,NA,NA,NA,NA,hospital,NA,NA,NA,NA,NA,NA,NA,NA,NA,NA,NA,NA,NA,NA,NA,NA,NA,NA,NA,hospital,NA,NA,NA
Cabo Verde,CPV,Western Africa RCC,NA,hospital,polygons,468044721,17.124234750000227,-25.161159204850446,OpenStreetMap via osmdata,cabo verde | NA,NA,NA,NA,NA,hospital,NA,NA,NA,NA,NA,NA,NA,NA,NA,NA,NA,NA,NA,NA,NA,NA,NA,NA,NA,NA,NA,NA,NA,NA,NA,NA,NA,NA,NA,NA,yes,NA,NA,NA
Cabo Verde,CPV,Western Africa RCC,NA,hospital,polygons,479000251,15.13748980004214,-23.759783649999996,OpenStreetMap via osmdata,cabo verde | NA,NA,NA,NA,NA,hospital,NA,NA,NA,NA,NA,NA,NA,NA,NA,NA,NA,NA,NA,NA,NA,NA,NA,NA,NA,NA,NA,NA,NA,NA,NA,NA,NA,NA,NA,NA,yes,NA,NA,NA
Cabo Verde,CPV,Western Africa RCC,MEDICENTRO  CLINICA,hospital,polygons,482699649,16.892649500026714,-24.986612004222568,OpenStreetMap via osmdata,cabo verde | medicentro clinica,MEDICENTRO  CLINICA,NA,NA,NA,hospital,NA,NA,NA,NA,NA,NA,NA,NA,NA,NA,hospital,NA,NA,NA,NA,NA,NA,NA,NA,NA,NA,NA,NA,NA,NA,NA,NA,NA,NA,NA,residential,NA,NA,medicentro clinica
Cabo Verde,CPV,Western Africa RCC,Hospital Baptista de Sousa,hospital,polygons,485198875,16.884660300208406,-24.985290819132608,OpenStreetMap via osmdata,cabo verde | hospital baptista de sousa,Hospital Baptista de Sousa,NA,NA,NA,hospital,NA,NA,NA,NA,NA,NA,NA,NA,NA,NA,hospital,NA,NA,NA,NA,NA,NA,NA,NA,NA,NA,NA,NA,NA,NA,NA,NA,NA,NA,NA,NA,NA,NA,hospital baptista de sousa
Cabo Verde,CPV,Western Africa RCC,Centro de Saúde da Boavista,hospital,polygons,531362579,16.174115550007112,-22.911204150033527,OpenStreetMap via osmdata,cabo verde | centro de sa de da boavista,Centro de Saúde da Boavista,NA,NA,NA,hospital,NA,NA,NA,NA,NA,NA,NA,NA,NA,NA,hospital,NA,NA,NA,NA,NA,NA,NA,NA,NA,NA,NA,NA,NA,NA,+238 251 11 67,NA,NA,NA,NA,NA,NA,NA,centro de sa de da boavista
Cabo Verde,CPV,Western Africa RCC,Centro de Saúde,hospital,polygons,533928878,16.75492985005316,-22.944092698014384,OpenStreetMap via osmdata,cabo verde | centro de sa de,Centro de Saúde,NA,NA,NA,hospital,NA,NA,NA,NA,NA,NA,NA,NA,NA,NA,hospital,NA,NA,NA,NA,NA,NA,NA,NA,NA,NA,NA,NA,NA,NA,NA,NA,NA,NA,NA,yes,NA,NA,centro de sa de
Cabo Verde,CPV,Western Africa RCC,"Posto Sanitário ""Entermaria Regional""",hospital,polygons,536818255,15.13942505000387,-23.21257497545834,OpenStreetMap via osmdata,cabo verde | posto sanit rio entermaria regional,"Posto Sanitário ""Entermaria Regional""",NA,NA,NA,hospital,NA,NA,NA,NA,NA,NA,NA,NA,NA,NA,hospital,NA,NA,NA,NA,NA,NA,NA,NA,NA,NA,NA,NA,NA,NA,NA,NA,NA,NA,NA,yes,NA,NA,posto sanit rio entermaria regional
Cabo Verde,CPV,Western Africa RCC,Posto Sanitário,hospital,polygons,543259080,15.229143400006546,-23.21151474458415,OpenStreetMap via osmdata,cabo verde | posto sanit rio,Posto Sanitário,NA,NA,NA,hospital,NA,NA,NA,NA,NA,NA,NA,NA,NA,NA,hospital,NA,NA,NA,NA,NA,NA,NA,NA,NA,NA,NA,NA,NA,NA,NA,NA,NA,NA,NA,yes,NA,NA,posto sanit rio
Cabo Verde,CPV,Western Africa RCC,NA,hospital,polygons,547305285,17.10701140000053,-25.24540341018957,OpenStreetMap via osmdata,cabo verde | NA,NA,NA,NA,NA,hospital,NA,NA,NA,NA,NA,NA,NA,NA,NA,NA,NA,NA,NA,NA,NA,NA,NA,NA,NA,NA,NA,NA,NA,NA,NA,NA,NA,NA,NA,NA,yes,NA,NA,NA
Cabo Verde,CPV,Western Africa RCC,Hospital do Maio,hospital,polygons,549195188,15.142450750159577,-23.210378274854698,OpenStreetMap via osmdata,cabo verde | hospital do maio,Hospital do Maio,NA,NA,NA,hospital,NA,NA,NA,NA,NA,NA,NA,NA,NA,NA,hospital,NA,NA,NA,NA,NA,NA,NA,NA,NA,NA,NA,NA,NA,NA,NA,NA,NA,NA,NA,NA,NA,NA,hospital do maio
Cabo Verde,CPV,Western Africa RCC,Hospital Regional Dr. João Morais,hospital,polygons,599176551,17.180163300006008,-25.06464109443994,OpenStreetMap via osmdata,cabo verde | hospital regional dr jo o morais,Hospital Regional Dr. João Morais,NA,NA,NA,hospital,NA,NA,NA,NA,NA,NA,NA,NA,NA,NA,hospital,NA,NA,NA,NA,NA,NA,NA,NA,NA,NA,NA,NA,NA,NA,NA,NA,NA,NA,NA,yes,NA,NA,hospital regional dr jo o morais
Cabo Verde,CPV,Western Africa RCC,NA,hospital,polygons,608318941,17.126306900006483,-25.047758349999985,OpenStreetMap via osmdata,cabo verde | NA,NA,NA,NA,NA,hospital,NA,NA,NA,NA,NA,NA,NA,NA,NA,NA,hospital,NA,NA,NA,NA,NA,NA,NA,NA,NA,NA,NA,NA,NA,NA,NA,NA,NA,NA,NA,NA,NA,NA,NA
Cabo Verde,CPV,Western Africa RCC,Posto Sanitário,hospital,polygons,617833222,16.956987050013733,-25.31080504206722,OpenStreetMap via osmdata,cabo verde | posto sanit rio,Posto Sanitário,NA,NA,NA,hospital,NA,NA,NA,NA,NA,NA,NA,NA,NA,NA,hospital,NA,NA,NA,NA,NA,NA,NA,NA,NA,NA,NA,NA,NA,NA,NA,NA,NA,NA,NA,yes,NA,NA,posto sanit rio
Cabo Verde,CPV,Western Africa RCC,Centro de Saúde,hospital,polygons,627428836,17.02137730000671,-25.067694217315857,OpenStreetMap via osmdata,cabo verde | centro de sa de,Centro de Saúde,NA,NA,NA,hospital,NA,NA,NA,NA,NA,NA,NA,NA,NA,NA,hospital,NA,NA,NA,NA,NA,NA,NA,NA,NA,NA,NA,NA,NA,NA,NA,NA,NA,NA,NA,NA,NA,NA,centro de sa de
Cabo Verde,CPV,Western Africa RCC,NA,hospital,polygons,643175871,17.07736790000211,-25.19233787003478,OpenStreetMap via osmdata,cabo verde | NA,NA,NA,NA,NA,hospital,NA,NA,NA,NA,NA,NA,NA,NA,NA,NA,NA,NA,NA,NA,NA,NA,NA,NA,NA,NA,NA,NA,NA,NA,NA,NA,NA,NA,NA,NA,yes,NA,NA,NA
Cabo Verde,CPV,Western Africa RCC,NA,hospital,polygons,741983721,15.27759600005682,-23.75335529503577,OpenStreetMap via osmdata,cabo verde | NA,NA,NA,NA,NA,hospital,NA,NA,NA,NA,NA,NA,NA,NA,NA,NA,hospital,NA,NA,NA,NA,NA,NA,NA,NA,NA,NA,NA,NA,NA,NA,NA,NA,NA,NA,NA,NA,NA,NA,NA
Cabo Verde,CPV,Western Africa RCC,Centro de Saúde Achadadinha,clinic,polygons,751664764,14.923993700060073,-23.513161424310503,OpenStreetMap via osmdata,cabo verde | centro de sa de achadadinha,Centro de Saúde Achadadinha,NA,NA,NA,clinic,NA,NA,NA,NA,NA,NA,NA,NA,NA,NA,clinic,NA,NA,NA,NA,NA,NA,NA,NA,NA,NA,NA,NA,NA,NA,NA,NA,NA,NA,NA,NA,NA,NA,centro de sa de achadadinha
Cabo Verde,CPV,Western Africa RCC,Centro Saúde Do Tarrafal,clinic,polygons,783904837,15.268036350042292,-23.74116892109881,OpenStreetMap via osmdata,cabo verde | centro sa de do tarrafal,Centro Saúde Do Tarrafal,NA,NA,NA,clinic,NA,NA,NA,NA,NA,NA,NA,NA,NA,NA,clinic,NA,NA,NA,NA,NA,NA,NA,NA,NA,NA,NA,NA,NA,NA,NA,NA,NA,NA,NA,NA,NA,NA,centro sa de do tarrafal
Cabo Verde,CPV,Western Africa RCC,NA,hospital,polygons,783905608,14.925506200013816,-23.56819260479177,OpenStreetMap via osmdata,cabo verde | NA,NA,NA,NA,NA,hospital,NA,NA,NA,NA,NA,NA,NA,NA,NA,NA,hospital,NA,NA,NA,NA,NA,NA,NA,NA,NA,NA,NA,NA,NA,NA,NA,NA,NA,NA,NA,NA,NA,NA,NA
Cabo Verde,CPV,Western Africa RCC,NA,hospital,polygons,783907671,14.897790350041344,-24.498812154910123,OpenStreetMap via osmdata,cabo verde | NA,NA,NA,NA,NA,hospital,NA,NA,NA,NA,NA,NA,NA,NA,NA,NA,hospital,NA,NA,NA,NA,NA,NA,NA,NA,NA,NA,NA,NA,NA,NA,NA,NA,NA,NA,NA,NA,NA,NA,NA
Cabo Verde,CPV,Western Africa RCC,Centro de Saúde,hospital,polygons,783908081,16.56174745006008,-24.357438425435934,OpenStreetMap via osmdata,cabo verde | centro de sa de,Centro de Saúde,NA,NA,NA,hospital,NA,NA,NA,NA,NA,NA,NA,NA,NA,NA,hospital,NA,NA,NA,NA,NA,NA,NA,NA,NA,NA,NA,NA,NA,NA,NA,NA,NA,NA,NA,NA,NA,NA,centro de sa de
Cabo Verde,CPV,Western Africa RCC,NA,hospital,polygons,783908244,16.613432150006783,-24.1319641293649,OpenStreetMap via osmdata,cabo verde | NA,NA,NA,NA,NA,hospital,NA,NA,NA,NA,NA,NA,NA,NA,NA,NA,hospital,NA,NA,NA,NA,NA,NA,NA,NA,NA,NA,NA,NA,NA,NA,NA,NA,NA,NA,NA,NA,NA,NA,NA
Cabo Verde,CPV,Western Africa RCC,NA,hospital,polygons,783912577,17.08692415000087,-25.13825074402395,OpenStreetMap via osmdata,cabo verde | NA,NA,NA,NA,NA,hospital,NA,NA,NA,NA,NA,NA,NA,NA,NA,NA,hospital,NA,NA,NA,NA,NA,NA,NA,NA,NA,NA,NA,NA,NA,NA,NA,NA,NA,NA,NA,NA,NA,NA,NA
Cabo Verde,CPV,Western Africa RCC,Clinica Reabil,hospital,polygons,783915738,17.019469900004378,-25.06581148956096,OpenStreetMap via osmdata,cabo verde | clinica reabil,Clinica Reabil,NA,NA,NA,hospital,NA,NA,NA,NA,NA,NA,NA,NA,NA,NA,hospital,NA,NA,NA,NA,NA,NA,NA,NA,NA,NA,NA,NA,NA,NA,NA,NA,NA,NA,NA,NA,NA,NA,clinica reabil
Cabo Verde,CPV,Western Africa RCC,Clinica Dentar,hospital,polygons,783915968,17.020168400002003,-25.066008664521725,OpenStreetMap via osmdata,cabo verde | clinica dentar,Clinica Dentar,NA,NA,NA,hospital,NA,NA,NA,NA,NA,NA,NA,NA,NA,NA,hospital,NA,NA,NA,NA,NA,NA,NA,NA,NA,NA,NA,NA,NA,NA,NA,NA,NA,NA,NA,NA,NA,NA,clinica dentar
Cabo Verde,CPV,Western Africa RCC,NA,hospital,polygons,783916271,16.642566850023112,-24.388861604890614,OpenStreetMap via osmdata,cabo verde | NA,NA,NA,NA,NA,hospital,NA,NA,NA,NA,NA,NA,NA,NA,NA,NA,hospital,NA,NA,NA,NA,NA,NA,NA,NA,NA,NA,NA,NA,NA,NA,NA,NA,NA,NA,NA,NA,NA,NA,NA
Cabo Verde,CPV,Western Africa RCC,NA,hospital,polygons,783918448,17.123441350000576,-25.202996667412634,OpenStreetMap via osmdata,cabo verde | NA,NA,NA,NA,NA,hospital,NA,NA,NA,NA,NA,NA,NA,NA,NA,NA,hospital,NA,NA,NA,NA,NA,NA,NA,NA,NA,NA,NA,NA,NA,NA,NA,NA,NA,NA,NA,NA,NA,NA,NA
Cabo Verde,CPV,Western Africa RCC,Unidade Sanitária de Base,hospital,polygons,783918973,17.10230360000854,-25.03643283879041,OpenStreetMap via osmdata,cabo verde | unidade sanit ria de base,Unidade Sanitária de Base,NA,NA,NA,hospital,NA,NA,NA,NA,NA,NA,NA,NA,NA,NA,hospital,NA,NA,NA,NA,NA,NA,NA,NA,NA,NA,NA,NA,NA,NA,NA,no,NA,NA,NA,NA,NA,NA,unidade sanit ria de base
Cabo Verde,CPV,Western Africa RCC,NA,hospital,polygons,1176869417,16.750050850100433,-22.935264449768447,OpenStreetMap via osmdata,cabo verde | NA,NA,NA,NA,NA,hospital,NA,NA,NA,NA,NA,NA,NA,NA,NA,NA,hospital,NA,NA,NA,NA,NA,NA,NA,NA,NA,NA,NA,NA,NA,NA,NA,NA,NA,NA,NA,yes,NA,NA,NA
